event_id,latitude,longitude,date,year,state,district,event_type,trigger,severity,inventory_type,data_source,data_quality,source_citation,license
ISRO-2017-0001,27.269439,95.379299,2017-04-19,2017,Arunachal Pradesh,Lohit,translational_slide,unknown,very_high,seasonal,isro_atlas_synthetic,simulated,NRSC/ISRO Landslide Atlas (synthetic NER representation — not official data),GODL-India/Research use — synthetic representation only
ISRO-2001-0002,25.475193,90.935399,2001-08-26,2001,Meghalaya,West Khasi Hills,rotational_slide,rain_and_snowmelt,high,event,isro_atlas_synthetic,simulated,NRSC/ISRO Landslide Atlas (synthetic NER representation — not official data),GODL-India/Research use — synthetic representation only
ISRO-2011-0003,27.081909,95.363816,2011-09-18,2011,Arunachal Pradesh,Lohit,debris_flow,monsoonal_rain,medium,route,isro_atlas_synthetic,simulated,NRSC/ISRO Landslide Atlas (synthetic NER representation — not official data),GODL-India/Research use — synthetic representation only
ISRO-2017-0004,23.547319,92.483361,2017-05-02,2017,Mizoram,Champhai,mudflow,unknown,medium,route,isro_atlas_synthetic,simulated,NRSC/ISRO Landslide Atlas (synthetic NER representation — not official data),GODL-India/Research use — synthetic representation only
ISRO-2006-0005,24.43523,93.884778,2006-05-06,2006,Manipur,Ukhrul,rockfall,rain,medium,seasonal,isro_atlas_synthetic,simulated,NRSC/ISRO Landslide Atlas (synthetic NER representation — not official data),GODL-India/Research use — synthetic representation only
ISRO-2008-0006,23.966339,91.400133,2008-10-09,2008,Tripura,West Tripura,mudflow,rain,high,event,isro_atlas_synthetic,simulated,NRSC/ISRO Landslide Atlas (synthetic NER representation — not official data),GODL-India/Research use — synthetic representation only
ISRO-2015-0007,25.319876,92.549954,2015-09-01,2015,Assam,Cachar,rotational_slide,unknown,medium,seasonal,isro_atlas_synthetic,simulated,NRSC/ISRO Landslide Atlas (synthetic NER representation — not official data),GODL-India/Research use — synthetic representation only
ISRO-2009-0008,25.734371,90.119898,2009-09-04,2009,Meghalaya,South Garo Hills,mudflow,earthquake,medium,seasonal,isro_atlas_synthetic,simulated,NRSC/ISRO Landslide Atlas (synthetic NER representation — not official data),GODL-India/Research use — synthetic representation only
ISRO-2013-0009,25.72679,90.329604,2013-02-09,2013,Meghalaya,South Garo Hills,mudflow,rain,medium,event,isro_atlas_synthetic,simulated,NRSC/ISRO Landslide Atlas (synthetic NER representation — not official data),GODL-India/Research use — synthetic representation only
ISRO-2019-0010,23.36697,91.379151,2019-07-08,2019,Tripura,Gomati,debris_flow,earthquake,medium,seasonal,isro_atlas_synthetic,simulated,NRSC/ISRO Landslide Atlas (synthetic NER representation — not official data),GODL-India/Research use — synthetic representation only
ISRO-2014-0011,23.453193,91.75701,2014-02-05,2014,Tripura,Gomati,translational_slide,unknown,low,event,isro_atlas_synthetic,simulated,NRSC/ISRO Landslide Atlas (synthetic NER representation — not official data),GODL-India/Research use — synthetic representation only
ISRO-2002-0012,26.200522,94.326156,2002-07-19,2002,Nagaland,Kohima,rockfall,rain,medium,seasonal,isro_atlas_synthetic,simulated,NRSC/ISRO Landslide Atlas (synthetic NER representation — not official data),GODL-India/Research use — synthetic representation only
ISRO-2007-0013,23.193825,92.509003,2007-11-26,2007,Mizoram,Aizawl,rotational_slide,rain,medium,route,isro_atlas_synthetic,simulated,NRSC/ISRO Landslide Atlas (synthetic NER representation — not official data),GODL-India/Research use — synthetic representation only
ISRO-2017-0014,25.608445,92.674681,2017-04-08,2017,Assam,Cachar,debris_flow,rain_and_snowmelt,very_high,event,isro_atlas_synthetic,simulated,NRSC/ISRO Landslide Atlas (synthetic NER representation — not official data),GODL-India/Research use — synthetic representation only
ISRO-2005-0015,26.23961,94.338386,2005-09-24,2005,Nagaland,Kohima,translational_slide,rain_and_snowmelt,high,seasonal,isro_atlas_synthetic,simulated,NRSC/ISRO Landslide Atlas (synthetic NER representation — not official data),GODL-India/Research use — synthetic representation only
ISRO-2012-0016,27.074923,92.792222,2012-03-12,2012,Arunachal Pradesh,Papum Pare,debris_flow,rain,medium,event,isro_atlas_synthetic,simulated,NRSC/ISRO Landslide Atlas (synthetic NER representation — not official data),GODL-India/Research use — synthetic representation only
ISRO-2000-0017,23.743822,92.335296,2000-08-25,2000,Mizoram,Champhai,translational_slide,earthquake,low,event,isro_atlas_synthetic,simulated,NRSC/ISRO Landslide Atlas (synthetic NER representation — not official data),GODL-India/Research use — synthetic representation only
ISRO-2021-0018,26.991152,93.141368,2021-08-03,2021,Arunachal Pradesh,Papum Pare,rotational_slide,monsoonal_rain,medium,seasonal,isro_atlas_synthetic,simulated,NRSC/ISRO Landslide Atlas (synthetic NER representation — not official data),GODL-India/Research use — synthetic representation only
ISRO-2009-0019,25.583488,90.215784,2009-07-15,2009,Meghalaya,South Garo Hills,rockfall,rain,low,route,isro_atlas_synthetic,simulated,NRSC/ISRO Landslide Atlas (synthetic NER representation — not official data),GODL-India/Research use — synthetic representation only
ISRO-2001-0020,25.727018,90.104288,2001-06-19,2001,Meghalaya,South Garo Hills,translational_slide,unknown,medium,seasonal,isro_atlas_synthetic,simulated,NRSC/ISRO Landslide Atlas (synthetic NER representation — not official data),GODL-India/Research use — synthetic representation only
ISRO-2000-0021,25.608006,91.265107,2000-08-02,2000,Assam,Kamrup,rockfall,rain,medium,route,isro_atlas_synthetic,simulated,NRSC/ISRO Landslide Atlas (synthetic NER representation — not official data),GODL-India/Research use — synthetic representation only
ISRO-2005-0022,23.72645,91.495459,2005-06-14,2005,Tripura,Gomati,debris_flow,rain,very_high,event,isro_atlas_synthetic,simulated,NRSC/ISRO Landslide Atlas (synthetic NER representation — not official data),GODL-India/Research use — synthetic representation only
ISRO-2008-0023,26.346188,94.095839,2008-11-21,2008,Assam,Karbi Anglong,debris_flow,earthquake,high,event,isro_atlas_synthetic,simulated,NRSC/ISRO Landslide Atlas (synthetic NER representation — not official data),GODL-India/Research use — synthetic representation only
ISRO-2017-0024,27.680831,91.736829,2017-09-03,2017,Arunachal Pradesh,Tawang,debris_flow,monsoonal_rain,low,event,isro_atlas_synthetic,simulated,NRSC/ISRO Landslide Atlas (synthetic NER representation — not official data),GODL-India/Research use — synthetic representation only
ISRO-2001-0025,27.765556,91.626642,2001-08-05,2001,Arunachal Pradesh,Tawang,debris_flow,rain,high,event,isro_atlas_synthetic,simulated,NRSC/ISRO Landslide Atlas (synthetic NER representation — not official data),GODL-India/Research use — synthetic representation only
ISRO-2017-0026,23.735913,91.600371,2017-01-04,2017,Tripura,Gomati,rockfall,rain,low,seasonal,isro_atlas_synthetic,simulated,NRSC/ISRO Landslide Atlas (synthetic NER representation — not official data),GODL-India/Research use — synthetic representation only
ISRO-2001-0027,23.503165,91.697131,2001-06-16,2001,Tripura,Gomati,debris_flow,unknown,high,seasonal,isro_atlas_synthetic,simulated,NRSC/ISRO Landslide Atlas (synthetic NER representation — not official data),GODL-India/Research use — synthetic representation only
ISRO-2001-0028,27.111877,88.813781,2001-07-11,2001,Sikkim,East Sikkim,rotational_slide,human_activity,medium,route,isro_atlas_synthetic,simulated,NRSC/ISRO Landslide Atlas (synthetic NER representation — not official data),GODL-India/Research use — synthetic representation only
ISRO-2005-0029,25.712404,90.76243,2005-08-15,2005,Meghalaya,West Khasi Hills,translational_slide,rain,low,event,isro_atlas_synthetic,simulated,NRSC/ISRO Landslide Atlas (synthetic NER representation — not official data),GODL-India/Research use — synthetic representation only
ISRO-2022-0030,27.648021,92.016512,2022-07-22,2022,Arunachal Pradesh,Tawang,mudflow,rain,high,event,isro_atlas_synthetic,simulated,NRSC/ISRO Landslide Atlas (synthetic NER representation — not official data),GODL-India/Research use — synthetic representation only
ISRO-2018-0031,26.248409,93.76632,2018-08-15,2018,Assam,Karbi Anglong,translational_slide,human_activity,high,event,isro_atlas_synthetic,simulated,NRSC/ISRO Landslide Atlas (synthetic NER representation — not official data),GODL-India/Research use — synthetic representation only
ISRO-2007-0032,26.962941,93.075966,2007-07-24,2007,Arunachal Pradesh,Papum Pare,rockfall,rain,low,seasonal,isro_atlas_synthetic,simulated,NRSC/ISRO Landslide Atlas (synthetic NER representation — not official data),GODL-India/Research use — synthetic representation only
ISRO-2018-0033,27.102639,88.383279,2018-05-17,2018,Sikkim,East Sikkim,rockfall,rain,high,event,isro_atlas_synthetic,simulated,NRSC/ISRO Landslide Atlas (synthetic NER representation — not official data),GODL-India/Research use — synthetic representation only
ISRO-2021-0034,27.032766,88.19236,2021-05-05,2021,Sikkim,West Sikkim,translational_slide,rain,low,event,isro_atlas_synthetic,simulated,NRSC/ISRO Landslide Atlas (synthetic NER representation — not official data),GODL-India/Research use — synthetic representation only
ISRO-1999-0035,27.345572,88.690357,1999-07-11,1999,Sikkim,East Sikkim,translational_slide,rain,medium,route,isro_atlas_synthetic,simulated,NRSC/ISRO Landslide Atlas (synthetic NER representation — not official data),GODL-India/Research use — synthetic representation only
ISRO-1999-0036,25.340749,90.868372,1999-08-07,1999,Meghalaya,West Khasi Hills,rockfall,rain,medium,event,isro_atlas_synthetic,simulated,NRSC/ISRO Landslide Atlas (synthetic NER representation — not official data),GODL-India/Research use — synthetic representation only
ISRO-2011-0037,23.600836,91.466729,2011-11-02,2011,Tripura,West Tripura,mudflow,rain,low,route,isro_atlas_synthetic,simulated,NRSC/ISRO Landslide Atlas (synthetic NER representation — not official data),GODL-India/Research use — synthetic representation only
ISRO-2022-0038,25.651013,92.839739,2022-09-18,2022,Assam,Cachar,mudflow,earthquake,low,seasonal,isro_atlas_synthetic,simulated,NRSC/ISRO Landslide Atlas (synthetic NER representation — not official data),GODL-India/Research use — synthetic representation only
ISRO-2019-0039,23.4814,91.542545,2019-06-18,2019,Tripura,Gomati,rotational_slide,rain_and_snowmelt,low,event,isro_atlas_synthetic,simulated,NRSC/ISRO Landslide Atlas (synthetic NER representation — not official data),GODL-India/Research use — synthetic representation only
ISRO-2003-0040,23.333756,92.633196,2003-07-09,2003,Mizoram,Aizawl,rockfall,rain,medium,route,isro_atlas_synthetic,simulated,NRSC/ISRO Landslide Atlas (synthetic NER representation — not official data),GODL-India/Research use — synthetic representation only
ISRO-2020-0041,23.690455,92.414181,2020-10-15,2020,Mizoram,Champhai,rockfall,rain,medium,seasonal,isro_atlas_synthetic,simulated,NRSC/ISRO Landslide Atlas (synthetic NER representation — not official data),GODL-India/Research use — synthetic representation only
ISRO-2013-0042,26.394078,94.117447,2013-09-06,2013,Nagaland,Dimapur,mudflow,rain,high,seasonal,isro_atlas_synthetic,simulated,NRSC/ISRO Landslide Atlas (synthetic NER representation — not official data),GODL-India/Research use — synthetic representation only
ISRO-2000-0043,23.012858,92.592247,2000-05-26,2000,Mizoram,Lunglei,debris_flow,rain,very_high,seasonal,isro_atlas_synthetic,simulated,NRSC/ISRO Landslide Atlas (synthetic NER representation — not official data),GODL-India/Research use — synthetic representation only
ISRO-2017-0044,25.147557,94.323014,2017-08-07,2017,Manipur,Chandel,rotational_slide,human_activity,low,event,isro_atlas_synthetic,simulated,NRSC/ISRO Landslide Atlas (synthetic NER representation — not official data),GODL-India/Research use — synthetic representation only
ISRO-2012-0045,27.036215,92.982993,2012-09-15,2012,Arunachal Pradesh,Papum Pare,rotational_slide,rain_and_snowmelt,high,seasonal,isro_atlas_synthetic,simulated,NRSC/ISRO Landslide Atlas (synthetic NER representation — not official data),GODL-India/Research use — synthetic representation only
ISRO-2021-0046,26.809867,92.808552,2021-09-03,2021,Arunachal Pradesh,Papum Pare,mudflow,unknown,medium,seasonal,isro_atlas_synthetic,simulated,NRSC/ISRO Landslide Atlas (synthetic NER representation — not official data),GODL-India/Research use — synthetic representation only
ISRO-2006-0047,26.399183,94.631266,2006-07-08,2006,Nagaland,Kohima,rockfall,rain,low,event,isro_atlas_synthetic,simulated,NRSC/ISRO Landslide Atlas (synthetic NER representation — not official data),GODL-India/Research use — synthetic representation only
ISRO-2021-0048,27.268952,95.14166,2021-08-20,2021,Arunachal Pradesh,Lohit,rockfall,unknown,very_high,event,isro_atlas_synthetic,simulated,NRSC/ISRO Landslide Atlas (synthetic NER representation — not official data),GODL-India/Research use — synthetic representation only
ISRO-2007-0049,27.243316,93.10888,2007-05-26,2007,Arunachal Pradesh,Papum Pare,mudflow,human_activity,high,event,isro_atlas_synthetic,simulated,NRSC/ISRO Landslide Atlas (synthetic NER representation — not official data),GODL-India/Research use — synthetic representation only
ISRO-2012-0050,25.393048,91.856151,2012-10-13,2012,Meghalaya,East Khasi Hills,mudflow,rain_and_snowmelt,low,event,isro_atlas_synthetic,simulated,NRSC/ISRO Landslide Atlas (synthetic NER representation — not official data),GODL-India/Research use — synthetic representation only
ISRO-2005-0051,27.809221,91.940647,2005-12-03,2005,Arunachal Pradesh,Tawang,translational_slide,rain,high,route,isro_atlas_synthetic,simulated,NRSC/ISRO Landslide Atlas (synthetic NER representation — not official data),GODL-India/Research use — synthetic representation only
ISRO-2000-0052,28.349552,94.782842,2000-04-18,2000,Arunachal Pradesh,Upper Siang,mudflow,rain,high,event,isro_atlas_synthetic,simulated,NRSC/ISRO Landslide Atlas (synthetic NER representation — not official data),GODL-India/Research use — synthetic representation only
ISRO-2001-0053,25.138384,93.949102,2001-09-25,2001,Manipur,Chandel,debris_flow,rain,low,event,isro_atlas_synthetic,simulated,NRSC/ISRO Landslide Atlas (synthetic NER representation — not official data),GODL-India/Research use — synthetic representation only
ISRO-2013-0054,27.450741,88.469276,2013-03-23,2013,Sikkim,East Sikkim,mudflow,monsoonal_rain,high,seasonal,isro_atlas_synthetic,simulated,NRSC/ISRO Landslide Atlas (synthetic NER representation — not official data),GODL-India/Research use — synthetic representation only
ISRO-2015-0055,27.46899,88.370076,2015-05-06,2015,Sikkim,East Sikkim,rotational_slide,unknown,medium,seasonal,isro_atlas_synthetic,simulated,NRSC/ISRO Landslide Atlas (synthetic NER representation — not official data),GODL-India/Research use — synthetic representation only
ISRO-2019-0056,27.127606,95.317311,2019-06-06,2019,Arunachal Pradesh,Lohit,rotational_slide,monsoonal_rain,high,seasonal,isro_atlas_synthetic,simulated,NRSC/ISRO Landslide Atlas (synthetic NER representation — not official data),GODL-India/Research use — synthetic representation only
ISRO-1999-0057,25.558154,90.771175,1999-09-24,1999,Meghalaya,West Khasi Hills,rockfall,rain,low,event,isro_atlas_synthetic,simulated,NRSC/ISRO Landslide Atlas (synthetic NER representation — not official data),GODL-India/Research use — synthetic representation only
ISRO-2022-0058,24.77928,94.54204,2022-08-18,2022,Manipur,Senapati,rockfall,monsoonal_rain,low,event,isro_atlas_synthetic,simulated,NRSC/ISRO Landslide Atlas (synthetic NER representation — not official data),GODL-India/Research use — synthetic representation only
ISRO-2012-0059,24.599888,93.974617,2012-05-26,2012,Manipur,Ukhrul,translational_slide,rain_and_snowmelt,medium,event,isro_atlas_synthetic,simulated,NRSC/ISRO Landslide Atlas (synthetic NER representation — not official data),GODL-India/Research use — synthetic representation only
ISRO-2000-0060,26.817047,92.889038,2000-07-09,2000,Arunachal Pradesh,Papum Pare,rotational_slide,human_activity,medium,event,isro_atlas_synthetic,simulated,NRSC/ISRO Landslide Atlas (synthetic NER representation — not official data),GODL-India/Research use — synthetic representation only
ISRO-2008-0061,26.858814,93.044153,2008-02-09,2008,Arunachal Pradesh,Papum Pare,rotational_slide,rain_and_snowmelt,medium,event,isro_atlas_synthetic,simulated,NRSC/ISRO Landslide Atlas (synthetic NER representation — not official data),GODL-India/Research use — synthetic representation only
ISRO-2012-0062,27.332886,95.301001,2012-09-18,2012,Arunachal Pradesh,Lohit,rockfall,unknown,low,seasonal,isro_atlas_synthetic,simulated,NRSC/ISRO Landslide Atlas (synthetic NER representation — not official data),GODL-India/Research use — synthetic representation only
ISRO-2008-0063,26.563006,94.130329,2008-09-14,2008,Assam,Dima Hasao,debris_flow,monsoonal_rain,high,seasonal,isro_atlas_synthetic,simulated,NRSC/ISRO Landslide Atlas (synthetic NER representation — not official data),GODL-India/Research use — synthetic representation only
ISRO-2011-0064,26.649935,93.907225,2011-08-23,2011,Nagaland,Dimapur,debris_flow,rain,low,route,isro_atlas_synthetic,simulated,NRSC/ISRO Landslide Atlas (synthetic NER representation — not official data),GODL-India/Research use — synthetic representation only
ISRO-1999-0065,27.190306,88.517065,1999-07-05,1999,Sikkim,East Sikkim,mudflow,rain,high,route,isro_atlas_synthetic,simulated,NRSC/ISRO Landslide Atlas (synthetic NER representation — not official data),GODL-India/Research use — synthetic representation only
ISRO-2019-0066,26.136131,94.326806,2019-05-17,2019,Nagaland,Kohima,rotational_slide,monsoonal_rain,medium,route,isro_atlas_synthetic,simulated,NRSC/ISRO Landslide Atlas (synthetic NER representation — not official data),GODL-India/Research use — synthetic representation only
ISRO-2017-0067,24.905481,94.193833,2017-07-20,2017,Manipur,Chandel,rockfall,rain,medium,event,isro_atlas_synthetic,simulated,NRSC/ISRO Landslide Atlas (synthetic NER representation — not official data),GODL-India/Research use — synthetic representation only
ISRO-2011-0068,26.331876,93.832953,2011-12-23,2011,Nagaland,Dimapur,rockfall,rain,medium,route,isro_atlas_synthetic,simulated,NRSC/ISRO Landslide Atlas (synthetic NER representation — not official data),GODL-India/Research use — synthetic representation only
ISRO-2001-0069,22.874123,92.746286,2001-09-03,2001,Mizoram,Lunglei,rotational_slide,rain_and_snowmelt,medium,event,isro_atlas_synthetic,simulated,NRSC/ISRO Landslide Atlas (synthetic NER representation — not official data),GODL-India/Research use — synthetic representation only
ISRO-2002-0070,26.303552,93.672325,2002-07-07,2002,Assam,Karbi Anglong,mudflow,earthquake,medium,event,isro_atlas_synthetic,simulated,NRSC/ISRO Landslide Atlas (synthetic NER representation — not official data),GODL-India/Research use — synthetic representation only
ISRO-2000-0071,27.471834,91.971794,2000-08-18,2000,Arunachal Pradesh,Tawang,translational_slide,unknown,medium,event,isro_atlas_synthetic,simulated,NRSC/ISRO Landslide Atlas (synthetic NER representation — not official data),GODL-India/Research use — synthetic representation only
ISRO-2007-0072,26.219764,94.419228,2007-08-23,2007,Nagaland,Kohima,translational_slide,rain,high,seasonal,isro_atlas_synthetic,simulated,NRSC/ISRO Landslide Atlas (synthetic NER representation — not official data),GODL-India/Research use — synthetic representation only
ISRO-2020-0073,25.043562,94.275137,2020-08-10,2020,Manipur,Chandel,rotational_slide,rain,medium,event,isro_atlas_synthetic,simulated,NRSC/ISRO Landslide Atlas (synthetic NER representation — not official data),GODL-India/Research use — synthetic representation only
ISRO-2020-0074,23.565416,91.438753,2020-06-10,2020,Tripura,Gomati,translational_slide,monsoonal_rain,low,event,isro_atlas_synthetic,simulated,NRSC/ISRO Landslide Atlas (synthetic NER representation — not official data),GODL-India/Research use — synthetic representation only
ISRO-2005-0075,24.549239,93.653657,2005-09-08,2005,Manipur,Ukhrul,translational_slide,monsoonal_rain,medium,seasonal,isro_atlas_synthetic,simulated,NRSC/ISRO Landslide Atlas (synthetic NER representation — not official data),GODL-India/Research use — synthetic representation only
ISRO-2009-0076,27.630716,88.601664,2009-12-20,2009,Sikkim,North Sikkim,rotational_slide,rain,high,event,isro_atlas_synthetic,simulated,NRSC/ISRO Landslide Atlas (synthetic NER representation — not official data),GODL-India/Research use — synthetic representation only
ISRO-2016-0077,25.470044,91.026552,2016-12-18,2016,Meghalaya,West Khasi Hills,debris_flow,rain,very_high,seasonal,isro_atlas_synthetic,simulated,NRSC/ISRO Landslide Atlas (synthetic NER representation — not official data),GODL-India/Research use — synthetic representation only
ISRO-2016-0078,23.423246,91.411935,2016-09-02,2016,Tripura,Gomati,mudflow,monsoonal_rain,medium,event,isro_atlas_synthetic,simulated,NRSC/ISRO Landslide Atlas (synthetic NER representation — not official data),GODL-India/Research use — synthetic representation only
ISRO-2022-0079,25.355788,91.546841,2022-08-03,2022,Assam,Kamrup,rockfall,monsoonal_rain,high,route,isro_atlas_synthetic,simulated,NRSC/ISRO Landslide Atlas (synthetic NER representation — not official data),GODL-India/Research use — synthetic representation only
ISRO-1998-0080,25.436351,92.474349,1998-09-03,1998,Assam,Cachar,translational_slide,unknown,high,route,isro_atlas_synthetic,simulated,NRSC/ISRO Landslide Atlas (synthetic NER representation — not official data),GODL-India/Research use — synthetic representation only
ISRO-2016-0081,26.650436,93.774482,2016-08-07,2016,Nagaland,Dimapur,rotational_slide,rain,high,seasonal,isro_atlas_synthetic,simulated,NRSC/ISRO Landslide Atlas (synthetic NER representation — not official data),GODL-India/Research use — synthetic representation only
ISRO-2014-0082,25.264804,92.650678,2014-09-25,2014,Assam,Cachar,rotational_slide,rain,low,event,isro_atlas_synthetic,simulated,NRSC/ISRO Landslide Atlas (synthetic NER representation — not official data),GODL-India/Research use — synthetic representation only
ISRO-2019-0083,26.199472,94.74516,2019-06-11,2019,Nagaland,Mokokchung,mudflow,rain,high,event,isro_atlas_synthetic,simulated,NRSC/ISRO Landslide Atlas (synthetic NER representation — not official data),GODL-India/Research use — synthetic representation only
ISRO-2006-0084,23.80882,92.653716,2006-07-27,2006,Mizoram,Champhai,rotational_slide,rain,medium,seasonal,isro_atlas_synthetic,simulated,NRSC/ISRO Landslide Atlas (synthetic NER representation — not official data),GODL-India/Research use — synthetic representation only
ISRO-2022-0085,26.500441,92.847606,2022-11-11,2022,Arunachal Pradesh,East Kameng,rockfall,rain,medium,event,isro_atlas_synthetic,simulated,NRSC/ISRO Landslide Atlas (synthetic NER representation — not official data),GODL-India/Research use — synthetic representation only
ISRO-1999-0086,27.15099,94.958834,1999-08-13,1999,Arunachal Pradesh,Lohit,rotational_slide,rain_and_snowmelt,low,route,isro_atlas_synthetic,simulated,NRSC/ISRO Landslide Atlas (synthetic NER representation — not official data),GODL-India/Research use — synthetic representation only
ISRO-2016-0087,23.520428,91.49227,2016-06-25,2016,Tripura,Gomati,mudflow,monsoonal_rain,low,seasonal,isro_atlas_synthetic,simulated,NRSC/ISRO Landslide Atlas (synthetic NER representation — not official data),GODL-India/Research use — synthetic representation only
ISRO-2016-0088,23.545372,91.67672,2016-06-09,2016,Tripura,Gomati,debris_flow,rain,low,route,isro_atlas_synthetic,simulated,NRSC/ISRO Landslide Atlas (synthetic NER representation — not official data),GODL-India/Research use — synthetic representation only
ISRO-2005-0089,27.630745,91.945987,2005-07-22,2005,Arunachal Pradesh,Tawang,mudflow,monsoonal_rain,medium,seasonal,isro_atlas_synthetic,simulated,NRSC/ISRO Landslide Atlas (synthetic NER representation — not official data),GODL-India/Research use — synthetic representation only
ISRO-2018-0090,25.701277,92.843795,2018-08-05,2018,Assam,Cachar,rotational_slide,human_activity,low,route,isro_atlas_synthetic,simulated,NRSC/ISRO Landslide Atlas (synthetic NER representation — not official data),GODL-India/Research use — synthetic representation only
ISRO-2010-0091,26.266486,94.467921,2010-04-26,2010,Nagaland,Mokokchung,debris_flow,rain,low,event,isro_atlas_synthetic,simulated,NRSC/ISRO Landslide Atlas (synthetic NER representation — not official data),GODL-India/Research use — synthetic representation only
ISRO-2009-0092,23.508044,91.506285,2009-05-02,2009,Tripura,Gomati,translational_slide,rain,medium,seasonal,isro_atlas_synthetic,simulated,NRSC/ISRO Landslide Atlas (synthetic NER representation — not official data),GODL-India/Research use — synthetic representation only
ISRO-2003-0093,24.901036,94.047063,2003-01-12,2003,Manipur,Chandel,rotational_slide,rain,low,event,isro_atlas_synthetic,simulated,NRSC/ISRO Landslide Atlas (synthetic NER representation — not official data),GODL-India/Research use — synthetic representation only
ISRO-2010-0094,27.294751,95.116547,2010-09-12,2010,Arunachal Pradesh,Lohit,rotational_slide,rain,high,event,isro_atlas_synthetic,simulated,NRSC/ISRO Landslide Atlas (synthetic NER representation — not official data),GODL-India/Research use — synthetic representation only
ISRO-2004-0095,23.389932,92.791629,2004-07-07,2004,Mizoram,Aizawl,rotational_slide,rain,very_high,event,isro_atlas_synthetic,simulated,NRSC/ISRO Landslide Atlas (synthetic NER representation — not official data),GODL-India/Research use — synthetic representation only
ISRO-2015-0096,27.325227,88.173687,2015-11-04,2015,Sikkim,North Sikkim,mudflow,rain,low,event,isro_atlas_synthetic,simulated,NRSC/ISRO Landslide Atlas (synthetic NER representation — not official data),GODL-India/Research use — synthetic representation only
ISRO-2000-0097,27.060075,92.870819,2000-08-16,2000,Arunachal Pradesh,Papum Pare,rotational_slide,rain,high,route,isro_atlas_synthetic,simulated,NRSC/ISRO Landslide Atlas (synthetic NER representation — not official data),GODL-India/Research use — synthetic representation only
ISRO-2013-0098,25.331372,91.136469,2013-06-24,2013,Meghalaya,West Khasi Hills,rotational_slide,rain_and_snowmelt,very_high,seasonal,isro_atlas_synthetic,simulated,NRSC/ISRO Landslide Atlas (synthetic NER representation — not official data),GODL-India/Research use — synthetic representation only
ISRO-2022-0099,27.130768,88.45658,2022-10-09,2022,Sikkim,West Sikkim,rockfall,rain,medium,event,isro_atlas_synthetic,simulated,NRSC/ISRO Landslide Atlas (synthetic NER representation — not official data),GODL-India/Research use — synthetic representation only
ISRO-2005-0100,22.689054,92.564917,2005-01-10,2005,Mizoram,Lunglei,translational_slide,unknown,low,seasonal,isro_atlas_synthetic,simulated,NRSC/ISRO Landslide Atlas (synthetic NER representation — not official data),GODL-India/Research use — synthetic representation only
ISRO-2016-0101,26.008577,94.09501,2016-05-17,2016,Assam,Karbi Anglong,translational_slide,human_activity,low,event,isro_atlas_synthetic,simulated,NRSC/ISRO Landslide Atlas (synthetic NER representation — not official data),GODL-India/Research use — synthetic representation only
ISRO-2010-0102,26.545887,94.452004,2010-12-01,2010,Nagaland,Mokokchung,rockfall,rain,medium,route,isro_atlas_synthetic,simulated,NRSC/ISRO Landslide Atlas (synthetic NER representation — not official data),GODL-India/Research use — synthetic representation only
ISRO-2020-0103,27.3181,95.260896,2020-03-08,2020,Arunachal Pradesh,Lohit,debris_flow,rain,medium,seasonal,isro_atlas_synthetic,simulated,NRSC/ISRO Landslide Atlas (synthetic NER representation — not official data),GODL-India/Research use — synthetic representation only
ISRO-2018-0104,23.25908,91.647857,2018-10-07,2018,Tripura,Gomati,translational_slide,human_activity,low,seasonal,isro_atlas_synthetic,simulated,NRSC/ISRO Landslide Atlas (synthetic NER representation — not official data),GODL-India/Research use — synthetic representation only
ISRO-2007-0105,25.58881,91.112885,2007-09-16,2007,Meghalaya,West Khasi Hills,debris_flow,rain_and_snowmelt,very_high,seasonal,isro_atlas_synthetic,simulated,NRSC/ISRO Landslide Atlas (synthetic NER representation — not official data),GODL-India/Research use — synthetic representation only
ISRO-1998-0106,23.948014,91.310115,1998-04-12,1998,Tripura,West Tripura,translational_slide,rain,high,seasonal,isro_atlas_synthetic,simulated,NRSC/ISRO Landslide Atlas (synthetic NER representation — not official data),GODL-India/Research use — synthetic representation only
ISRO-2001-0107,25.530775,91.939221,2001-10-06,2001,Meghalaya,East Khasi Hills,rockfall,rain,very_high,event,isro_atlas_synthetic,simulated,NRSC/ISRO Landslide Atlas (synthetic NER representation — not official data),GODL-India/Research use — synthetic representation only
ISRO-2016-0108,27.689183,88.339526,2016-09-14,2016,Sikkim,North Sikkim,rotational_slide,unknown,high,seasonal,isro_atlas_synthetic,simulated,NRSC/ISRO Landslide Atlas (synthetic NER representation — not official data),GODL-India/Research use — synthetic representation only
ISRO-2000-0109,25.201987,94.282786,2000-04-22,2000,Manipur,Chandel,rotational_slide,unknown,low,event,isro_atlas_synthetic,simulated,NRSC/ISRO Landslide Atlas (synthetic NER representation — not official data),GODL-India/Research use — synthetic representation only
ISRO-2022-0110,26.438572,94.309656,2022-07-24,2022,Assam,Dima Hasao,rockfall,human_activity,low,seasonal,isro_atlas_synthetic,simulated,NRSC/ISRO Landslide Atlas (synthetic NER representation — not official data),GODL-India/Research use — synthetic representation only
ISRO-2008-0111,24.550887,94.117691,2008-06-13,2008,Manipur,Ukhrul,rockfall,rain,medium,event,isro_atlas_synthetic,simulated,NRSC/ISRO Landslide Atlas (synthetic NER representation — not official data),GODL-India/Research use — synthetic representation only
ISRO-2002-0112,25.492281,91.319739,2002-06-26,2002,Assam,Kamrup,rotational_slide,unknown,low,route,isro_atlas_synthetic,simulated,NRSC/ISRO Landslide Atlas (synthetic NER representation — not official data),GODL-India/Research use — synthetic representation only
ISRO-2004-0113,25.251044,91.242883,2004-07-15,2004,Assam,Kamrup,debris_flow,rain,low,event,isro_atlas_synthetic,simulated,NRSC/ISRO Landslide Atlas (synthetic NER representation — not official data),GODL-India/Research use — synthetic representation only
ISRO-2021-0114,27.37626,95.197753,2021-06-03,2021,Arunachal Pradesh,Lohit,rockfall,unknown,low,route,isro_atlas_synthetic,simulated,NRSC/ISRO Landslide Atlas (synthetic NER representation — not official data),GODL-India/Research use — synthetic representation only
ISRO-2020-0115,26.542284,94.941183,2020-04-26,2020,Nagaland,Mokokchung,mudflow,rain,low,seasonal,isro_atlas_synthetic,simulated,NRSC/ISRO Landslide Atlas (synthetic NER representation — not official data),GODL-India/Research use — synthetic representation only
ISRO-2000-0116,25.172898,94.158378,2000-05-15,2000,Manipur,Chandel,rotational_slide,rain,low,route,isro_atlas_synthetic,simulated,NRSC/ISRO Landslide Atlas (synthetic NER representation — not official data),GODL-India/Research use — synthetic representation only
ISRO-2012-0117,24.917565,94.298016,2012-07-11,2012,Manipur,Senapati,debris_flow,unknown,high,event,isro_atlas_synthetic,simulated,NRSC/ISRO Landslide Atlas (synthetic NER representation — not official data),GODL-India/Research use — synthetic representation only
ISRO-2021-0118,23.210328,92.898061,2021-06-03,2021,Mizoram,Aizawl,translational_slide,rain,high,event,isro_atlas_synthetic,simulated,NRSC/ISRO Landslide Atlas (synthetic NER representation — not official data),GODL-India/Research use — synthetic representation only
ISRO-2009-0119,27.972629,94.805123,2009-10-23,2009,Arunachal Pradesh,Upper Siang,rotational_slide,earthquake,low,event,isro_atlas_synthetic,simulated,NRSC/ISRO Landslide Atlas (synthetic NER representation — not official data),GODL-India/Research use — synthetic representation only
ISRO-2004-0120,25.230627,91.62001,2004-09-24,2004,Assam,Kamrup,rockfall,rain_and_snowmelt,medium,seasonal,isro_atlas_synthetic,simulated,NRSC/ISRO Landslide Atlas (synthetic NER representation — not official data),GODL-India/Research use — synthetic representation only
ISRO-2011-0121,24.467282,93.715877,2011-12-04,2011,Manipur,Ukhrul,mudflow,monsoonal_rain,medium,event,isro_atlas_synthetic,simulated,NRSC/ISRO Landslide Atlas (synthetic NER representation — not official data),GODL-India/Research use — synthetic representation only
ISRO-2011-0122,24.653859,94.276592,2011-05-01,2011,Manipur,Senapati,debris_flow,rain,very_high,seasonal,isro_atlas_synthetic,simulated,NRSC/ISRO Landslide Atlas (synthetic NER representation — not official data),GODL-India/Research use — synthetic representation only
ISRO-2009-0123,28.050226,94.715943,2009-12-06,2009,Arunachal Pradesh,Upper Siang,mudflow,unknown,high,event,isro_atlas_synthetic,simulated,NRSC/ISRO Landslide Atlas (synthetic NER representation — not official data),GODL-India/Research use — synthetic representation only
ISRO-2001-0124,27.510333,88.520694,2001-07-02,2001,Sikkim,East Sikkim,translational_slide,human_activity,high,seasonal,isro_atlas_synthetic,simulated,NRSC/ISRO Landslide Atlas (synthetic NER representation — not official data),GODL-India/Research use — synthetic representation only
ISRO-2017-0125,22.755977,93.011892,2017-08-12,2017,Mizoram,Lunglei,rotational_slide,monsoonal_rain,low,event,isro_atlas_synthetic,simulated,NRSC/ISRO Landslide Atlas (synthetic NER representation — not official data),GODL-India/Research use — synthetic representation only
ISRO-1999-0126,27.479131,88.214515,1999-08-05,1999,Sikkim,North Sikkim,debris_flow,monsoonal_rain,medium,event,isro_atlas_synthetic,simulated,NRSC/ISRO Landslide Atlas (synthetic NER representation — not official data),GODL-India/Research use — synthetic representation only
ISRO-2016-0127,24.48055,93.979976,2016-08-17,2016,Manipur,Ukhrul,rotational_slide,rain,very_high,event,isro_atlas_synthetic,simulated,NRSC/ISRO Landslide Atlas (synthetic NER representation — not official data),GODL-India/Research use — synthetic representation only
ISRO-2014-0128,27.473004,94.970127,2014-11-13,2014,Arunachal Pradesh,Lohit,rockfall,monsoonal_rain,high,seasonal,isro_atlas_synthetic,simulated,NRSC/ISRO Landslide Atlas (synthetic NER representation — not official data),GODL-India/Research use — synthetic representation only
ISRO-2014-0129,26.40124,94.223768,2014-09-10,2014,Nagaland,Dimapur,mudflow,earthquake,medium,seasonal,isro_atlas_synthetic,simulated,NRSC/ISRO Landslide Atlas (synthetic NER representation — not official data),GODL-India/Research use — synthetic representation only
ISRO-2010-0130,23.603543,92.65965,2010-07-18,2010,Mizoram,Aizawl,rotational_slide,rain_and_snowmelt,medium,event,isro_atlas_synthetic,simulated,NRSC/ISRO Landslide Atlas (synthetic NER representation — not official data),GODL-India/Research use — synthetic representation only
ISRO-2000-0131,27.383745,88.677759,2000-01-18,2000,Sikkim,East Sikkim,mudflow,rain,low,seasonal,isro_atlas_synthetic,simulated,NRSC/ISRO Landslide Atlas (synthetic NER representation — not official data),GODL-India/Research use — synthetic representation only
ISRO-2019-0132,23.67334,91.383925,2019-06-04,2019,Tripura,West Tripura,rockfall,rain,low,seasonal,isro_atlas_synthetic,simulated,NRSC/ISRO Landslide Atlas (synthetic NER representation — not official data),GODL-India/Research use — synthetic representation only
ISRO-2020-0133,27.051261,88.32104,2020-12-19,2020,Sikkim,West Sikkim,translational_slide,rain,medium,seasonal,isro_atlas_synthetic,simulated,NRSC/ISRO Landslide Atlas (synthetic NER representation — not official data),GODL-India/Research use — synthetic representation only
ISRO-2006-0134,28.338064,94.649838,2006-02-19,2006,Arunachal Pradesh,Upper Siang,translational_slide,rain,medium,seasonal,isro_atlas_synthetic,simulated,NRSC/ISRO Landslide Atlas (synthetic NER representation — not official data),GODL-India/Research use — synthetic representation only
ISRO-2009-0135,25.017969,94.576992,2009-08-09,2009,Manipur,Senapati,rotational_slide,human_activity,medium,event,isro_atlas_synthetic,simulated,NRSC/ISRO Landslide Atlas (synthetic NER representation — not official data),GODL-India/Research use — synthetic representation only
ISRO-2004-0136,27.506336,88.811937,2004-12-23,2004,Sikkim,East Sikkim,mudflow,unknown,high,seasonal,isro_atlas_synthetic,simulated,NRSC/ISRO Landslide Atlas (synthetic NER representation — not official data),GODL-India/Research use — synthetic representation only
ISRO-2010-0137,27.278226,95.070113,2010-06-18,2010,Arunachal Pradesh,Lohit,rotational_slide,earthquake,low,event,isro_atlas_synthetic,simulated,NRSC/ISRO Landslide Atlas (synthetic NER representation — not official data),GODL-India/Research use — synthetic representation only
ISRO-2003-0138,26.258028,94.080285,2003-01-05,2003,Assam,Karbi Anglong,rotational_slide,unknown,low,route,isro_atlas_synthetic,simulated,NRSC/ISRO Landslide Atlas (synthetic NER representation — not official data),GODL-India/Research use — synthetic representation only
ISRO-2001-0139,25.637168,92.507852,2001-12-11,2001,Assam,Cachar,mudflow,rain,low,event,isro_atlas_synthetic,simulated,NRSC/ISRO Landslide Atlas (synthetic NER representation — not official data),GODL-India/Research use — synthetic representation only
ISRO-2013-0140,24.71645,94.140411,2013-05-02,2013,Manipur,Ukhrul,rockfall,rain,high,route,isro_atlas_synthetic,simulated,NRSC/ISRO Landslide Atlas (synthetic NER representation — not official data),GODL-India/Research use — synthetic representation only
ISRO-2014-0141,26.305922,94.366265,2014-07-05,2014,Assam,Dima Hasao,rockfall,earthquake,medium,seasonal,isro_atlas_synthetic,simulated,NRSC/ISRO Landslide Atlas (synthetic NER representation — not official data),GODL-India/Research use — synthetic representation only
ISRO-2014-0142,26.546021,94.949711,2014-04-14,2014,Nagaland,Mokokchung,debris_flow,monsoonal_rain,high,event,isro_atlas_synthetic,simulated,NRSC/ISRO Landslide Atlas (synthetic NER representation — not official data),GODL-India/Research use — synthetic representation only
ISRO-2009-0143,26.062388,93.67571,2009-07-19,2009,Assam,Karbi Anglong,translational_slide,rain,high,route,isro_atlas_synthetic,simulated,NRSC/ISRO Landslide Atlas (synthetic NER representation — not official data),GODL-India/Research use — synthetic representation only
ISRO-2008-0144,23.710773,91.42441,2008-08-22,2008,Tripura,West Tripura,rockfall,rain,high,route,isro_atlas_synthetic,simulated,NRSC/ISRO Landslide Atlas (synthetic NER representation — not official data),GODL-India/Research use — synthetic representation only
ISRO-2000-0145,27.026763,88.31692,2000-03-02,2000,Sikkim,West Sikkim,debris_flow,rain_and_snowmelt,low,seasonal,isro_atlas_synthetic,simulated,NRSC/ISRO Landslide Atlas (synthetic NER representation — not official data),GODL-India/Research use — synthetic representation only
ISRO-1998-0146,27.376129,95.361564,1998-05-05,1998,Arunachal Pradesh,Lohit,rockfall,rain,high,seasonal,isro_atlas_synthetic,simulated,NRSC/ISRO Landslide Atlas (synthetic NER representation — not official data),GODL-India/Research use — synthetic representation only
ISRO-2018-0147,24.796378,94.047241,2018-06-20,2018,Manipur,Chandel,rockfall,earthquake,high,seasonal,isro_atlas_synthetic,simulated,NRSC/ISRO Landslide Atlas (synthetic NER representation — not official data),GODL-India/Research use — synthetic representation only
ISRO-2009-0148,26.133952,94.359595,2009-09-06,2009,Nagaland,Kohima,translational_slide,rain,low,event,isro_atlas_synthetic,simulated,NRSC/ISRO Landslide Atlas (synthetic NER representation — not official data),GODL-India/Research use — synthetic representation only
ISRO-2002-0149,26.561554,92.749253,2002-05-27,2002,Arunachal Pradesh,East Kameng,debris_flow,rain_and_snowmelt,medium,event,isro_atlas_synthetic,simulated,NRSC/ISRO Landslide Atlas (synthetic NER representation — not official data),GODL-India/Research use — synthetic representation only
ISRO-2019-0150,26.637798,92.986429,2019-06-06,2019,Arunachal Pradesh,East Kameng,mudflow,rain,medium,seasonal,isro_atlas_synthetic,simulated,NRSC/ISRO Landslide Atlas (synthetic NER representation — not official data),GODL-India/Research use — synthetic representation only
ISRO-2012-0151,27.625454,91.964273,2012-02-20,2012,Arunachal Pradesh,Tawang,mudflow,human_activity,low,event,isro_atlas_synthetic,simulated,NRSC/ISRO Landslide Atlas (synthetic NER representation — not official data),GODL-India/Research use — synthetic representation only
ISRO-2004-0152,22.859328,92.928955,2004-08-23,2004,Mizoram,Lunglei,translational_slide,rain,medium,seasonal,isro_atlas_synthetic,simulated,NRSC/ISRO Landslide Atlas (synthetic NER representation — not official data),GODL-India/Research use — synthetic representation only
ISRO-2005-0153,26.432048,92.888326,2005-01-02,2005,Arunachal Pradesh,East Kameng,rotational_slide,rain,low,seasonal,isro_atlas_synthetic,simulated,NRSC/ISRO Landslide Atlas (synthetic NER representation — not official data),GODL-India/Research use — synthetic representation only
ISRO-2002-0154,26.495132,94.684978,2002-12-13,2002,Nagaland,Mokokchung,rockfall,rain,low,seasonal,isro_atlas_synthetic,simulated,NRSC/ISRO Landslide Atlas (synthetic NER representation — not official data),GODL-India/Research use — synthetic representation only
ISRO-2002-0155,25.389764,91.957046,2002-06-03,2002,Meghalaya,East Khasi Hills,rotational_slide,rain,medium,event,isro_atlas_synthetic,simulated,NRSC/ISRO Landslide Atlas (synthetic NER representation — not official data),GODL-India/Research use — synthetic representation only
ISRO-2019-0156,22.810199,92.730379,2019-07-02,2019,Mizoram,Lunglei,mudflow,human_activity,low,event,isro_atlas_synthetic,simulated,NRSC/ISRO Landslide Atlas (synthetic NER representation — not official data),GODL-India/Research use — synthetic representation only
ISRO-2020-0157,26.514833,94.499916,2020-05-03,2020,Nagaland,Mokokchung,rotational_slide,rain,medium,route,isro_atlas_synthetic,simulated,NRSC/ISRO Landslide Atlas (synthetic NER representation — not official data),GODL-India/Research use — synthetic representation only
ISRO-2016-0158,23.659904,91.61303,2016-03-27,2016,Tripura,Gomati,debris_flow,rain,medium,route,isro_atlas_synthetic,simulated,NRSC/ISRO Landslide Atlas (synthetic NER representation — not official data),GODL-India/Research use — synthetic representation only
ISRO-2012-0159,27.453095,95.035171,2012-08-27,2012,Arunachal Pradesh,Lohit,rockfall,monsoonal_rain,medium,event,isro_atlas_synthetic,simulated,NRSC/ISRO Landslide Atlas (synthetic NER representation — not official data),GODL-India/Research use — synthetic representation only
ISRO-2007-0160,26.342376,94.514026,2007-06-09,2007,Nagaland,Mokokchung,translational_slide,rain,low,seasonal,isro_atlas_synthetic,simulated,NRSC/ISRO Landslide Atlas (synthetic NER representation — not official data),GODL-India/Research use — synthetic representation only
ISRO-2006-0161,23.354335,92.66576,2006-11-18,2006,Mizoram,Aizawl,translational_slide,rain,very_high,event,isro_atlas_synthetic,simulated,NRSC/ISRO Landslide Atlas (synthetic NER representation — not official data),GODL-India/Research use — synthetic representation only
ISRO-2009-0162,26.133967,93.880909,2009-08-18,2009,Assam,Karbi Anglong,mudflow,rain,low,event,isro_atlas_synthetic,simulated,NRSC/ISRO Landslide Atlas (synthetic NER representation — not official data),GODL-India/Research use — synthetic representation only
ISRO-2000-0163,25.333031,91.111557,2000-06-11,2000,Meghalaya,West Khasi Hills,translational_slide,unknown,medium,event,isro_atlas_synthetic,simulated,NRSC/ISRO Landslide Atlas (synthetic NER representation — not official data),GODL-India/Research use — synthetic representation only
ISRO-2018-0164,25.713752,91.048697,2018-03-19,2018,Meghalaya,West Khasi Hills,mudflow,rain,very_high,route,isro_atlas_synthetic,simulated,NRSC/ISRO Landslide Atlas (synthetic NER representation — not official data),GODL-India/Research use — synthetic representation only
ISRO-2012-0165,26.952309,88.069271,2012-08-19,2012,Sikkim,West Sikkim,rockfall,unknown,low,route,isro_atlas_synthetic,simulated,NRSC/ISRO Landslide Atlas (synthetic NER representation — not official data),GODL-India/Research use — synthetic representation only
ISRO-2010-0166,25.482879,92.452737,2010-07-22,2010,Assam,Cachar,mudflow,rain,high,seasonal,isro_atlas_synthetic,simulated,NRSC/ISRO Landslide Atlas (synthetic NER representation — not official data),GODL-India/Research use — synthetic representation only
ISRO-2004-0167,27.930294,94.837454,2004-08-14,2004,Arunachal Pradesh,Upper Siang,debris_flow,monsoonal_rain,very_high,route,isro_atlas_synthetic,simulated,NRSC/ISRO Landslide Atlas (synthetic NER representation — not official data),GODL-India/Research use — synthetic representation only
ISRO-2002-0168,27.547136,88.589074,2002-04-11,2002,Sikkim,North Sikkim,rotational_slide,rain_and_snowmelt,high,seasonal,isro_atlas_synthetic,simulated,NRSC/ISRO Landslide Atlas (synthetic NER representation — not official data),GODL-India/Research use — synthetic representation only
ISRO-2022-0169,22.953606,92.76249,2022-07-10,2022,Mizoram,Lunglei,mudflow,unknown,low,route,isro_atlas_synthetic,simulated,NRSC/ISRO Landslide Atlas (synthetic NER representation — not official data),GODL-India/Research use — synthetic representation only
ISRO-2005-0170,28.001898,94.887167,2005-08-01,2005,Arunachal Pradesh,Upper Siang,rotational_slide,human_activity,medium,event,isro_atlas_synthetic,simulated,NRSC/ISRO Landslide Atlas (synthetic NER representation — not official data),GODL-India/Research use — synthetic representation only
ISRO-2014-0171,22.838367,92.859357,2014-07-02,2014,Mizoram,Lunglei,mudflow,rain,medium,event,isro_atlas_synthetic,simulated,NRSC/ISRO Landslide Atlas (synthetic NER representation — not official data),GODL-India/Research use — synthetic representation only
ISRO-2002-0172,25.622071,90.098405,2002-07-26,2002,Meghalaya,South Garo Hills,rotational_slide,monsoonal_rain,high,event,isro_atlas_synthetic,simulated,NRSC/ISRO Landslide Atlas (synthetic NER representation — not official data),GODL-India/Research use — synthetic representation only
ISRO-2014-0173,23.585705,92.767117,2014-07-12,2014,Mizoram,Aizawl,rockfall,earthquake,low,route,isro_atlas_synthetic,simulated,NRSC/ISRO Landslide Atlas (synthetic NER representation — not official data),GODL-India/Research use — synthetic representation only
ISRO-2021-0174,25.0702,92.202899,2021-11-09,2021,Meghalaya,East Khasi Hills,rockfall,monsoonal_rain,low,route,isro_atlas_synthetic,simulated,NRSC/ISRO Landslide Atlas (synthetic NER representation — not official data),GODL-India/Research use — synthetic representation only
ISRO-2000-0175,26.979912,88.467354,2000-08-05,2000,Sikkim,West Sikkim,mudflow,earthquake,very_high,event,isro_atlas_synthetic,simulated,NRSC/ISRO Landslide Atlas (synthetic NER representation — not official data),GODL-India/Research use — synthetic representation only
ISRO-2009-0176,26.081559,94.934376,2009-06-09,2009,Nagaland,Mokokchung,debris_flow,monsoonal_rain,low,event,isro_atlas_synthetic,simulated,NRSC/ISRO Landslide Atlas (synthetic NER representation — not official data),GODL-India/Research use — synthetic representation only
ISRO-2019-0177,23.803922,92.66501,2019-10-27,2019,Mizoram,Champhai,translational_slide,rain,very_high,seasonal,isro_atlas_synthetic,simulated,NRSC/ISRO Landslide Atlas (synthetic NER representation — not official data),GODL-India/Research use — synthetic representation only
ISRO-2011-0178,26.121748,94.099461,2011-09-27,2011,Assam,Karbi Anglong,rotational_slide,rain_and_snowmelt,medium,event,isro_atlas_synthetic,simulated,NRSC/ISRO Landslide Atlas (synthetic NER representation — not official data),GODL-India/Research use — synthetic representation only
ISRO-2007-0179,26.045753,93.694877,2007-09-03,2007,Assam,Karbi Anglong,debris_flow,monsoonal_rain,medium,seasonal,isro_atlas_synthetic,simulated,NRSC/ISRO Landslide Atlas (synthetic NER representation — not official data),GODL-India/Research use — synthetic representation only
ISRO-1998-0180,27.128762,95.05291,1998-06-27,1998,Arunachal Pradesh,Lohit,translational_slide,monsoonal_rain,medium,route,isro_atlas_synthetic,simulated,NRSC/ISRO Landslide Atlas (synthetic NER representation — not official data),GODL-India/Research use — synthetic representation only
ISRO-2003-0181,27.874559,94.526801,2003-06-02,2003,Arunachal Pradesh,Upper Siang,rockfall,monsoonal_rain,medium,seasonal,isro_atlas_synthetic,simulated,NRSC/ISRO Landslide Atlas (synthetic NER representation — not official data),GODL-India/Research use — synthetic representation only
ISRO-2013-0182,23.550934,92.650292,2013-10-17,2013,Mizoram,Champhai,debris_flow,rain,very_high,event,isro_atlas_synthetic,simulated,NRSC/ISRO Landslide Atlas (synthetic NER representation — not official data),GODL-India/Research use — synthetic representation only
ISRO-2003-0183,25.268921,92.322847,2003-09-11,2003,Meghalaya,East Khasi Hills,rotational_slide,rain,medium,event,isro_atlas_synthetic,simulated,NRSC/ISRO Landslide Atlas (synthetic NER representation — not official data),GODL-India/Research use — synthetic representation only
ISRO-2014-0184,26.486427,92.76738,2014-09-07,2014,Arunachal Pradesh,East Kameng,translational_slide,monsoonal_rain,low,event,isro_atlas_synthetic,simulated,NRSC/ISRO Landslide Atlas (synthetic NER representation — not official data),GODL-India/Research use — synthetic representation only
ISRO-2000-0185,27.298824,88.609775,2000-07-14,2000,Sikkim,East Sikkim,debris_flow,rain_and_snowmelt,very_high,event,isro_atlas_synthetic,simulated,NRSC/ISRO Landslide Atlas (synthetic NER representation — not official data),GODL-India/Research use — synthetic representation only
ISRO-2008-0186,26.983413,88.346478,2008-08-07,2008,Sikkim,West Sikkim,rotational_slide,monsoonal_rain,low,event,isro_atlas_synthetic,simulated,NRSC/ISRO Landslide Atlas (synthetic NER representation — not official data),GODL-India/Research use — synthetic representation only
ISRO-2020-0187,25.287781,91.880165,2020-08-23,2020,Meghalaya,East Khasi Hills,mudflow,rain_and_snowmelt,high,seasonal,isro_atlas_synthetic,simulated,NRSC/ISRO Landslide Atlas (synthetic NER representation — not official data),GODL-India/Research use — synthetic representation only
ISRO-2019-0188,26.565533,94.123837,2019-09-18,2019,Assam,Dima Hasao,translational_slide,rain,very_high,event,isro_atlas_synthetic,simulated,NRSC/ISRO Landslide Atlas (synthetic NER representation — not official data),GODL-India/Research use — synthetic representation only
ISRO-2018-0189,22.902881,92.918287,2018-06-13,2018,Mizoram,Lunglei,rockfall,rain,high,event,isro_atlas_synthetic,simulated,NRSC/ISRO Landslide Atlas (synthetic NER representation — not official data),GODL-India/Research use — synthetic representation only
ISRO-2013-0190,24.923635,94.597344,2013-05-08,2013,Manipur,Senapati,mudflow,rain,very_high,event,isro_atlas_synthetic,simulated,NRSC/ISRO Landslide Atlas (synthetic NER representation — not official data),GODL-India/Research use — synthetic representation only
ISRO-2005-0191,24.514696,94.091413,2005-09-21,2005,Manipur,Ukhrul,translational_slide,rain,low,event,isro_atlas_synthetic,simulated,NRSC/ISRO Landslide Atlas (synthetic NER representation — not official data),GODL-India/Research use — synthetic representation only
ISRO-2001-0192,26.186715,94.604167,2001-08-04,2001,Nagaland,Mokokchung,debris_flow,rain,high,event,isro_atlas_synthetic,simulated,NRSC/ISRO Landslide Atlas (synthetic NER representation — not official data),GODL-India/Research use — synthetic representation only
ISRO-2017-0193,25.623995,92.857537,2017-10-13,2017,Assam,Cachar,rockfall,rain,low,event,isro_atlas_synthetic,simulated,NRSC/ISRO Landslide Atlas (synthetic NER representation — not official data),GODL-India/Research use — synthetic representation only
ISRO-2009-0194,25.44603,92.570464,2009-07-21,2009,Assam,Cachar,rockfall,rain,low,event,isro_atlas_synthetic,simulated,NRSC/ISRO Landslide Atlas (synthetic NER representation — not official data),GODL-India/Research use — synthetic representation only
ISRO-2005-0195,26.134636,94.367999,2005-12-21,2005,Nagaland,Kohima,translational_slide,human_activity,medium,route,isro_atlas_synthetic,simulated,NRSC/ISRO Landslide Atlas (synthetic NER representation — not official data),GODL-India/Research use — synthetic representation only
ISRO-2022-0196,22.956758,92.99489,2022-10-25,2022,Mizoram,Lunglei,translational_slide,rain,medium,event,isro_atlas_synthetic,simulated,NRSC/ISRO Landslide Atlas (synthetic NER representation — not official data),GODL-India/Research use — synthetic representation only
ISRO-2009-0197,23.397157,92.653681,2009-08-16,2009,Mizoram,Aizawl,mudflow,rain,high,event,isro_atlas_synthetic,simulated,NRSC/ISRO Landslide Atlas (synthetic NER representation — not official data),GODL-India/Research use — synthetic representation only
ISRO-2017-0198,26.673918,94.447412,2017-11-24,2017,Assam,Dima Hasao,debris_flow,rain_and_snowmelt,low,event,isro_atlas_synthetic,simulated,NRSC/ISRO Landslide Atlas (synthetic NER representation — not official data),GODL-India/Research use — synthetic representation only
ISRO-2013-0199,27.519403,88.52232,2013-07-16,2013,Sikkim,East Sikkim,rockfall,rain,low,event,isro_atlas_synthetic,simulated,NRSC/ISRO Landslide Atlas (synthetic NER representation — not official data),GODL-India/Research use — synthetic representation only
ISRO-2021-0200,22.85144,92.96706,2021-06-19,2021,Mizoram,Lunglei,rockfall,rain,low,event,isro_atlas_synthetic,simulated,NRSC/ISRO Landslide Atlas (synthetic NER representation — not official data),GODL-India/Research use — synthetic representation only
ISRO-2020-0201,27.020028,88.388854,2020-06-22,2020,Sikkim,West Sikkim,rockfall,monsoonal_rain,low,event,isro_atlas_synthetic,simulated,NRSC/ISRO Landslide Atlas (synthetic NER representation — not official data),GODL-India/Research use — synthetic representation only
ISRO-2008-0202,27.566258,91.676517,2008-09-21,2008,Arunachal Pradesh,Tawang,translational_slide,rain,medium,event,isro_atlas_synthetic,simulated,NRSC/ISRO Landslide Atlas (synthetic NER representation — not official data),GODL-India/Research use — synthetic representation only
ISRO-1998-0203,23.735584,92.747039,1998-06-02,1998,Mizoram,Champhai,translational_slide,rain,medium,event,isro_atlas_synthetic,simulated,NRSC/ISRO Landslide Atlas (synthetic NER representation — not official data),GODL-India/Research use — synthetic representation only
ISRO-2007-0204,27.123538,92.935772,2007-06-06,2007,Arunachal Pradesh,Papum Pare,rotational_slide,rain_and_snowmelt,medium,route,isro_atlas_synthetic,simulated,NRSC/ISRO Landslide Atlas (synthetic NER representation — not official data),GODL-India/Research use — synthetic representation only
ISRO-2014-0205,25.595201,91.241494,2014-07-12,2014,Meghalaya,West Khasi Hills,debris_flow,rain,very_high,seasonal,isro_atlas_synthetic,simulated,NRSC/ISRO Landslide Atlas (synthetic NER representation — not official data),GODL-India/Research use — synthetic representation only
ISRO-2016-0206,27.098894,95.184116,2016-06-06,2016,Arunachal Pradesh,Lohit,rockfall,rain,medium,seasonal,isro_atlas_synthetic,simulated,NRSC/ISRO Landslide Atlas (synthetic NER representation — not official data),GODL-India/Research use — synthetic representation only
ISRO-2020-0207,26.65136,94.083015,2020-06-08,2020,Assam,Dima Hasao,debris_flow,monsoonal_rain,low,event,isro_atlas_synthetic,simulated,NRSC/ISRO Landslide Atlas (synthetic NER representation — not official data),GODL-India/Research use — synthetic representation only
ISRO-2003-0208,23.973336,91.249598,2003-05-01,2003,Tripura,West Tripura,rotational_slide,unknown,medium,event,isro_atlas_synthetic,simulated,NRSC/ISRO Landslide Atlas (synthetic NER representation — not official data),GODL-India/Research use — synthetic representation only
ISRO-2020-0209,24.675499,94.07419,2020-03-07,2020,Manipur,Ukhrul,rotational_slide,rain,high,seasonal,isro_atlas_synthetic,simulated,NRSC/ISRO Landslide Atlas (synthetic NER representation — not official data),GODL-India/Research use — synthetic representation only
ISRO-2016-0210,25.314147,91.140419,2016-09-26,2016,Meghalaya,West Khasi Hills,debris_flow,rain,medium,seasonal,isro_atlas_synthetic,simulated,NRSC/ISRO Landslide Atlas (synthetic NER representation — not official data),GODL-India/Research use — synthetic representation only
ISRO-2016-0211,23.660253,91.724676,2016-05-08,2016,Tripura,Gomati,rockfall,earthquake,low,seasonal,isro_atlas_synthetic,simulated,NRSC/ISRO Landslide Atlas (synthetic NER representation — not official data),GODL-India/Research use — synthetic representation only
ISRO-2012-0212,25.447551,91.143446,2012-06-25,2012,Meghalaya,West Khasi Hills,rockfall,human_activity,high,seasonal,isro_atlas_synthetic,simulated,NRSC/ISRO Landslide Atlas (synthetic NER representation — not official data),GODL-India/Research use — synthetic representation only
ISRO-2002-0213,26.447616,94.930313,2002-11-20,2002,Nagaland,Mokokchung,rockfall,rain,very_high,seasonal,isro_atlas_synthetic,simulated,NRSC/ISRO Landslide Atlas (synthetic NER representation — not official data),GODL-India/Research use — synthetic representation only
ISRO-2009-0214,23.943314,92.296904,2009-10-12,2009,Mizoram,Champhai,rotational_slide,unknown,low,event,isro_atlas_synthetic,simulated,NRSC/ISRO Landslide Atlas (synthetic NER representation — not official data),GODL-India/Research use — synthetic representation only
ISRO-2022-0215,23.591765,92.60066,2022-07-21,2022,Mizoram,Aizawl,rockfall,human_activity,medium,route,isro_atlas_synthetic,simulated,NRSC/ISRO Landslide Atlas (synthetic NER representation — not official data),GODL-India/Research use — synthetic representation only
ISRO-1998-0216,23.660079,91.405959,1998-08-16,1998,Tripura,West Tripura,rotational_slide,rain,low,route,isro_atlas_synthetic,simulated,NRSC/ISRO Landslide Atlas (synthetic NER representation — not official data),GODL-India/Research use — synthetic representation only
ISRO-1998-0217,26.448218,94.222574,1998-09-02,1998,Nagaland,Dimapur,rotational_slide,rain,low,seasonal,isro_atlas_synthetic,simulated,NRSC/ISRO Landslide Atlas (synthetic NER representation — not official data),GODL-India/Research use — synthetic representation only
ISRO-2020-0218,26.357962,94.015646,2020-06-22,2020,Nagaland,Dimapur,rotational_slide,rain,low,route,isro_atlas_synthetic,simulated,NRSC/ISRO Landslide Atlas (synthetic NER representation — not official data),GODL-India/Research use — synthetic representation only
ISRO-2015-0219,25.06778,94.221997,2015-08-15,2015,Manipur,Chandel,debris_flow,human_activity,medium,event,isro_atlas_synthetic,simulated,NRSC/ISRO Landslide Atlas (synthetic NER representation — not official data),GODL-India/Research use — synthetic representation only
ISRO-2020-0220,27.755876,91.724782,2020-05-16,2020,Arunachal Pradesh,Tawang,debris_flow,monsoonal_rain,very_high,route,isro_atlas_synthetic,simulated,NRSC/ISRO Landslide Atlas (synthetic NER representation — not official data),GODL-India/Research use — synthetic representation only
ISRO-2006-0221,27.134567,88.455886,2006-05-03,2006,Sikkim,East Sikkim,debris_flow,monsoonal_rain,low,event,isro_atlas_synthetic,simulated,NRSC/ISRO Landslide Atlas (synthetic NER representation — not official data),GODL-India/Research use — synthetic representation only
ISRO-2001-0222,27.763627,91.84012,2001-08-21,2001,Arunachal Pradesh,Tawang,rockfall,human_activity,high,seasonal,isro_atlas_synthetic,simulated,NRSC/ISRO Landslide Atlas (synthetic NER representation — not official data),GODL-India/Research use — synthetic representation only
ISRO-2015-0223,23.773696,91.223032,2015-05-13,2015,Tripura,West Tripura,translational_slide,rain,high,event,isro_atlas_synthetic,simulated,NRSC/ISRO Landslide Atlas (synthetic NER representation — not official data),GODL-India/Research use — synthetic representation only
ISRO-2004-0224,26.671035,93.915101,2004-10-19,2004,Nagaland,Dimapur,mudflow,unknown,low,event,isro_atlas_synthetic,simulated,NRSC/ISRO Landslide Atlas (synthetic NER representation — not official data),GODL-India/Research use — synthetic representation only
ISRO-2003-0225,26.594451,94.204898,2003-08-08,2003,Nagaland,Dimapur,rockfall,earthquake,low,seasonal,isro_atlas_synthetic,simulated,NRSC/ISRO Landslide Atlas (synthetic NER representation — not official data),GODL-India/Research use — synthetic representation only
ISRO-2013-0226,25.061773,93.91754,2013-09-19,2013,Manipur,Chandel,translational_slide,rain,medium,event,isro_atlas_synthetic,simulated,NRSC/ISRO Landslide Atlas (synthetic NER representation — not official data),GODL-India/Research use — synthetic representation only
ISRO-2008-0227,27.893356,94.561184,2008-09-12,2008,Arunachal Pradesh,Upper Siang,mudflow,rain,low,seasonal,isro_atlas_synthetic,simulated,NRSC/ISRO Landslide Atlas (synthetic NER representation — not official data),GODL-India/Research use — synthetic representation only
ISRO-2017-0228,27.586278,91.799597,2017-11-17,2017,Arunachal Pradesh,Tawang,mudflow,earthquake,medium,seasonal,isro_atlas_synthetic,simulated,NRSC/ISRO Landslide Atlas (synthetic NER representation — not official data),GODL-India/Research use — synthetic representation only
ISRO-2016-0229,23.285925,91.607844,2016-11-14,2016,Tripura,Gomati,rotational_slide,rain_and_snowmelt,medium,route,isro_atlas_synthetic,simulated,NRSC/ISRO Landslide Atlas (synthetic NER representation — not official data),GODL-India/Research use — synthetic representation only
ISRO-2009-0230,25.340442,90.858458,2009-01-03,2009,Meghalaya,West Khasi Hills,rockfall,unknown,medium,seasonal,isro_atlas_synthetic,simulated,NRSC/ISRO Landslide Atlas (synthetic NER representation — not official data),GODL-India/Research use — synthetic representation only
ISRO-1998-0231,26.234991,94.327142,1998-05-26,1998,Nagaland,Kohima,debris_flow,rain,medium,seasonal,isro_atlas_synthetic,simulated,NRSC/ISRO Landslide Atlas (synthetic NER representation — not official data),GODL-India/Research use — synthetic representation only
ISRO-2008-0232,25.529822,91.26534,2008-08-25,2008,Assam,Kamrup,rotational_slide,rain,high,route,isro_atlas_synthetic,simulated,NRSC/ISRO Landslide Atlas (synthetic NER representation — not official data),GODL-India/Research use — synthetic representation only
ISRO-2003-0233,26.193446,94.575217,2003-08-08,2003,Nagaland,Mokokchung,debris_flow,monsoonal_rain,very_high,seasonal,isro_atlas_synthetic,simulated,NRSC/ISRO Landslide Atlas (synthetic NER representation — not official data),GODL-India/Research use — synthetic representation only
ISRO-2013-0234,25.579985,91.616467,2013-08-06,2013,Assam,Kamrup,rockfall,rain,high,event,isro_atlas_synthetic,simulated,NRSC/ISRO Landslide Atlas (synthetic NER representation — not official data),GODL-India/Research use — synthetic representation only
ISRO-2022-0235,25.742523,92.903053,2022-06-22,2022,Assam,Cachar,translational_slide,earthquake,low,seasonal,isro_atlas_synthetic,simulated,NRSC/ISRO Landslide Atlas (synthetic NER representation — not official data),GODL-India/Research use — synthetic representation only
ISRO-2010-0236,26.468335,92.754162,2010-07-21,2010,Arunachal Pradesh,East Kameng,rotational_slide,rain,low,event,isro_atlas_synthetic,simulated,NRSC/ISRO Landslide Atlas (synthetic NER representation — not official data),GODL-India/Research use — synthetic representation only
ISRO-2019-0237,25.473141,90.863934,2019-08-21,2019,Meghalaya,West Khasi Hills,mudflow,rain,low,event,isro_atlas_synthetic,simulated,NRSC/ISRO Landslide Atlas (synthetic NER representation — not official data),GODL-India/Research use — synthetic representation only
ISRO-2014-0238,25.387516,92.482473,2014-08-02,2014,Assam,Cachar,debris_flow,rain,low,event,isro_atlas_synthetic,simulated,NRSC/ISRO Landslide Atlas (synthetic NER representation — not official data),GODL-India/Research use — synthetic representation only
ISRO-2013-0239,25.472344,90.971426,2013-10-02,2013,Meghalaya,West Khasi Hills,debris_flow,rain,high,event,isro_atlas_synthetic,simulated,NRSC/ISRO Landslide Atlas (synthetic NER representation — not official data),GODL-India/Research use — synthetic representation only
ISRO-2020-0240,23.424747,92.52502,2020-09-06,2020,Mizoram,Aizawl,debris_flow,earthquake,high,route,isro_atlas_synthetic,simulated,NRSC/ISRO Landslide Atlas (synthetic NER representation — not official data),GODL-India/Research use — synthetic representation only
ISRO-2010-0241,27.400136,88.388616,2010-06-10,2010,Sikkim,North Sikkim,debris_flow,rain,low,seasonal,isro_atlas_synthetic,simulated,NRSC/ISRO Landslide Atlas (synthetic NER representation — not official data),GODL-India/Research use — synthetic representation only
ISRO-1998-0242,24.769589,94.472005,1998-09-17,1998,Manipur,Senapati,rockfall,unknown,high,event,isro_atlas_synthetic,simulated,NRSC/ISRO Landslide Atlas (synthetic NER representation — not official data),GODL-India/Research use — synthetic representation only
ISRO-2009-0243,27.551703,88.272783,2009-06-02,2009,Sikkim,North Sikkim,debris_flow,rain_and_snowmelt,medium,event,isro_atlas_synthetic,simulated,NRSC/ISRO Landslide Atlas (synthetic NER representation — not official data),GODL-India/Research use — synthetic representation only
ISRO-2018-0244,27.212843,92.850674,2018-01-26,2018,Arunachal Pradesh,Papum Pare,rotational_slide,monsoonal_rain,very_high,event,isro_atlas_synthetic,simulated,NRSC/ISRO Landslide Atlas (synthetic NER representation — not official data),GODL-India/Research use — synthetic representation only
ISRO-2017-0245,27.735101,88.602951,2017-08-27,2017,Sikkim,North Sikkim,debris_flow,rain,low,seasonal,isro_atlas_synthetic,simulated,NRSC/ISRO Landslide Atlas (synthetic NER representation — not official data),GODL-India/Research use — synthetic representation only
ISRO-2013-0246,23.758627,91.335921,2013-09-05,2013,Tripura,West Tripura,translational_slide,unknown,low,route,isro_atlas_synthetic,simulated,NRSC/ISRO Landslide Atlas (synthetic NER representation — not official data),GODL-India/Research use — synthetic representation only
ISRO-2009-0247,25.504915,90.906107,2009-09-27,2009,Meghalaya,West Khasi Hills,mudflow,rain,medium,event,isro_atlas_synthetic,simulated,NRSC/ISRO Landslide Atlas (synthetic NER representation — not official data),GODL-India/Research use — synthetic representation only
ISRO-2009-0248,26.421284,94.617073,2009-10-06,2009,Nagaland,Kohima,debris_flow,rain,medium,event,isro_atlas_synthetic,simulated,NRSC/ISRO Landslide Atlas (synthetic NER representation — not official data),GODL-India/Research use — synthetic representation only
ISRO-2013-0249,23.613335,92.578947,2013-12-19,2013,Mizoram,Aizawl,rotational_slide,rain,low,seasonal,isro_atlas_synthetic,simulated,NRSC/ISRO Landslide Atlas (synthetic NER representation — not official data),GODL-India/Research use — synthetic representation only
ISRO-2006-0250,27.285622,88.387653,2006-06-21,2006,Sikkim,North Sikkim,debris_flow,rain,low,seasonal,isro_atlas_synthetic,simulated,NRSC/ISRO Landslide Atlas (synthetic NER representation — not official data),GODL-India/Research use — synthetic representation only
ISRO-2019-0251,25.373195,91.626488,2019-05-18,2019,Assam,Kamrup,translational_slide,rain_and_snowmelt,high,event,isro_atlas_synthetic,simulated,NRSC/ISRO Landslide Atlas (synthetic NER representation — not official data),GODL-India/Research use — synthetic representation only
ISRO-2001-0252,26.193767,93.673686,2001-05-08,2001,Assam,Karbi Anglong,translational_slide,rain_and_snowmelt,medium,seasonal,isro_atlas_synthetic,simulated,NRSC/ISRO Landslide Atlas (synthetic NER representation — not official data),GODL-India/Research use — synthetic representation only
ISRO-2004-0253,25.266022,92.757193,2004-09-11,2004,Assam,Cachar,rotational_slide,rain,low,event,isro_atlas_synthetic,simulated,NRSC/ISRO Landslide Atlas (synthetic NER representation — not official data),GODL-India/Research use — synthetic representation only
ISRO-2009-0254,25.347036,91.555151,2009-08-11,2009,Assam,Kamrup,debris_flow,rain,medium,seasonal,isro_atlas_synthetic,simulated,NRSC/ISRO Landslide Atlas (synthetic NER representation — not official data),GODL-India/Research use — synthetic representation only
ISRO-2006-0255,26.46064,93.800144,2006-12-22,2006,Nagaland,Dimapur,mudflow,human_activity,low,seasonal,isro_atlas_synthetic,simulated,NRSC/ISRO Landslide Atlas (synthetic NER representation — not official data),GODL-India/Research use — synthetic representation only
ISRO-2005-0256,27.343778,88.366178,2005-12-26,2005,Sikkim,West Sikkim,rockfall,rain_and_snowmelt,low,seasonal,isro_atlas_synthetic,simulated,NRSC/ISRO Landslide Atlas (synthetic NER representation — not official data),GODL-India/Research use — synthetic representation only
ISRO-2001-0257,25.418143,91.243824,2001-07-01,2001,Meghalaya,West Khasi Hills,rotational_slide,rain,high,event,isro_atlas_synthetic,simulated,NRSC/ISRO Landslide Atlas (synthetic NER representation — not official data),GODL-India/Research use — synthetic representation only
ISRO-2022-0258,26.987438,92.815461,2022-12-02,2022,Arunachal Pradesh,Papum Pare,translational_slide,earthquake,low,event,isro_atlas_synthetic,simulated,NRSC/ISRO Landslide Atlas (synthetic NER representation — not official data),GODL-India/Research use — synthetic representation only
ISRO-2008-0259,25.915053,90.301206,2008-06-27,2008,Meghalaya,South Garo Hills,translational_slide,rain,medium,event,isro_atlas_synthetic,simulated,NRSC/ISRO Landslide Atlas (synthetic NER representation — not official data),GODL-India/Research use — synthetic representation only
ISRO-2004-0260,27.177738,92.944945,2004-12-15,2004,Arunachal Pradesh,Papum Pare,translational_slide,rain,low,event,isro_atlas_synthetic,simulated,NRSC/ISRO Landslide Atlas (synthetic NER representation — not official data),GODL-India/Research use — synthetic representation only
ISRO-2007-0261,24.350092,93.990017,2007-09-05,2007,Manipur,Ukhrul,rotational_slide,rain,low,event,isro_atlas_synthetic,simulated,NRSC/ISRO Landslide Atlas (synthetic NER representation — not official data),GODL-India/Research use — synthetic representation only
ISRO-2015-0262,26.083255,93.830649,2015-08-24,2015,Assam,Karbi Anglong,debris_flow,monsoonal_rain,low,event,isro_atlas_synthetic,simulated,NRSC/ISRO Landslide Atlas (synthetic NER representation — not official data),GODL-India/Research use — synthetic representation only
ISRO-1998-0263,26.4973,93.811969,1998-09-07,1998,Nagaland,Dimapur,rockfall,rain,low,route,isro_atlas_synthetic,simulated,NRSC/ISRO Landslide Atlas (synthetic NER representation — not official data),GODL-India/Research use — synthetic representation only
ISRO-2013-0264,26.60518,94.306793,2013-07-27,2013,Assam,Dima Hasao,debris_flow,earthquake,low,seasonal,isro_atlas_synthetic,simulated,NRSC/ISRO Landslide Atlas (synthetic NER representation — not official data),GODL-India/Research use — synthetic representation only
ISRO-2002-0265,26.356555,94.457062,2002-06-26,2002,Nagaland,Mokokchung,mudflow,rain,low,event,isro_atlas_synthetic,simulated,NRSC/ISRO Landslide Atlas (synthetic NER representation — not official data),GODL-India/Research use — synthetic representation only
ISRO-2004-0266,25.166405,91.289677,2004-07-06,2004,Assam,Kamrup,mudflow,rain,medium,event,isro_atlas_synthetic,simulated,NRSC/ISRO Landslide Atlas (synthetic NER representation — not official data),GODL-India/Research use — synthetic representation only
ISRO-2000-0267,25.162602,91.251057,2000-12-21,2000,Assam,Kamrup,debris_flow,earthquake,very_high,seasonal,isro_atlas_synthetic,simulated,NRSC/ISRO Landslide Atlas (synthetic NER representation — not official data),GODL-India/Research use — synthetic representation only
ISRO-2005-0268,23.93697,91.432378,2005-11-23,2005,Tripura,West Tripura,debris_flow,unknown,medium,route,isro_atlas_synthetic,simulated,NRSC/ISRO Landslide Atlas (synthetic NER representation — not official data),GODL-India/Research use — synthetic representation only
ISRO-2005-0269,26.714621,93.797171,2005-09-27,2005,Nagaland,Dimapur,rockfall,human_activity,low,event,isro_atlas_synthetic,simulated,NRSC/ISRO Landslide Atlas (synthetic NER representation — not official data),GODL-India/Research use — synthetic representation only
ISRO-2017-0270,23.849611,92.551205,2017-04-24,2017,Mizoram,Champhai,mudflow,rain_and_snowmelt,low,event,isro_atlas_synthetic,simulated,NRSC/ISRO Landslide Atlas (synthetic NER representation — not official data),GODL-India/Research use — synthetic representation only
ISRO-2009-0271,23.582607,92.446368,2009-10-12,2009,Mizoram,Champhai,mudflow,rain,low,event,isro_atlas_synthetic,simulated,NRSC/ISRO Landslide Atlas (synthetic NER representation — not official data),GODL-India/Research use — synthetic representation only
ISRO-2006-0272,26.501256,93.958872,2006-08-07,2006,Nagaland,Dimapur,translational_slide,rain,low,seasonal,isro_atlas_synthetic,simulated,NRSC/ISRO Landslide Atlas (synthetic NER representation — not official data),GODL-India/Research use — synthetic representation only
ISRO-2008-0273,25.861956,90.178361,2008-09-27,2008,Meghalaya,South Garo Hills,rotational_slide,rain,very_high,event,isro_atlas_synthetic,simulated,NRSC/ISRO Landslide Atlas (synthetic NER representation — not official data),GODL-India/Research use — synthetic representation only
ISRO-2011-0274,23.634989,91.459114,2011-06-16,2011,Tripura,West Tripura,mudflow,rain,very_high,seasonal,isro_atlas_synthetic,simulated,NRSC/ISRO Landslide Atlas (synthetic NER representation — not official data),GODL-India/Research use — synthetic representation only
ISRO-2016-0275,24.579424,94.448928,2016-03-23,2016,Manipur,Senapati,rockfall,rain,medium,seasonal,isro_atlas_synthetic,simulated,NRSC/ISRO Landslide Atlas (synthetic NER representation — not official data),GODL-India/Research use — synthetic representation only
ISRO-2000-0276,25.018526,94.597364,2000-07-06,2000,Manipur,Senapati,rockfall,unknown,medium,event,isro_atlas_synthetic,simulated,NRSC/ISRO Landslide Atlas (synthetic NER representation — not official data),GODL-India/Research use — synthetic representation only
ISRO-2001-0277,25.102076,92.349883,2001-10-13,2001,Meghalaya,East Khasi Hills,translational_slide,monsoonal_rain,medium,event,isro_atlas_synthetic,simulated,NRSC/ISRO Landslide Atlas (synthetic NER representation — not official data),GODL-India/Research use — synthetic representation only
ISRO-2000-0278,27.414816,88.523747,2000-07-09,2000,Sikkim,West Sikkim,translational_slide,rain_and_snowmelt,medium,event,isro_atlas_synthetic,simulated,NRSC/ISRO Landslide Atlas (synthetic NER representation — not official data),GODL-India/Research use — synthetic representation only
ISRO-2020-0279,25.576654,90.402636,2020-02-02,2020,Meghalaya,South Garo Hills,debris_flow,rain,medium,seasonal,isro_atlas_synthetic,simulated,NRSC/ISRO Landslide Atlas (synthetic NER representation — not official data),GODL-India/Research use — synthetic representation only
ISRO-2000-0280,25.224926,94.224257,2000-05-24,2000,Manipur,Chandel,mudflow,rain,low,seasonal,isro_atlas_synthetic,simulated,NRSC/ISRO Landslide Atlas (synthetic NER representation — not official data),GODL-India/Research use — synthetic representation only
ISRO-2005-0281,25.080315,92.034439,2005-07-07,2005,Meghalaya,East Khasi Hills,translational_slide,rain,low,seasonal,isro_atlas_synthetic,simulated,NRSC/ISRO Landslide Atlas (synthetic NER representation — not official data),GODL-India/Research use — synthetic representation only
ISRO-2007-0282,25.322692,91.416953,2007-07-21,2007,Assam,Kamrup,rockfall,monsoonal_rain,medium,seasonal,isro_atlas_synthetic,simulated,NRSC/ISRO Landslide Atlas (synthetic NER representation — not official data),GODL-India/Research use — synthetic representation only
ISRO-2020-0283,27.146836,92.779359,2020-09-12,2020,Arunachal Pradesh,Papum Pare,mudflow,rain_and_snowmelt,very_high,event,isro_atlas_synthetic,simulated,NRSC/ISRO Landslide Atlas (synthetic NER representation — not official data),GODL-India/Research use — synthetic representation only
ISRO-2012-0284,24.813282,94.22576,2012-09-14,2012,Manipur,Chandel,rotational_slide,human_activity,high,seasonal,isro_atlas_synthetic,simulated,NRSC/ISRO Landslide Atlas (synthetic NER representation — not official data),GODL-India/Research use — synthetic representation only
ISRO-2016-0285,25.171228,94.284527,2016-08-01,2016,Manipur,Chandel,debris_flow,rain,low,seasonal,isro_atlas_synthetic,simulated,NRSC/ISRO Landslide Atlas (synthetic NER representation — not official data),GODL-India/Research use — synthetic representation only
ISRO-2008-0286,25.144052,92.019512,2008-06-20,2008,Meghalaya,East Khasi Hills,rotational_slide,rain,low,seasonal,isro_atlas_synthetic,simulated,NRSC/ISRO Landslide Atlas (synthetic NER representation — not official data),GODL-India/Research use — synthetic representation only
ISRO-2002-0287,27.196156,95.436035,2002-08-20,2002,Arunachal Pradesh,Lohit,translational_slide,rain,low,event,isro_atlas_synthetic,simulated,NRSC/ISRO Landslide Atlas (synthetic NER representation — not official data),GODL-India/Research use — synthetic representation only
ISRO-2016-0288,27.871588,94.452429,2016-12-20,2016,Arunachal Pradesh,Upper Siang,rockfall,rain_and_snowmelt,high,event,isro_atlas_synthetic,simulated,NRSC/ISRO Landslide Atlas (synthetic NER representation — not official data),GODL-India/Research use — synthetic representation only
ISRO-2008-0289,27.412322,88.410857,2008-08-12,2008,Sikkim,North Sikkim,translational_slide,monsoonal_rain,high,event,isro_atlas_synthetic,simulated,NRSC/ISRO Landslide Atlas (synthetic NER representation — not official data),GODL-India/Research use — synthetic representation only
ISRO-2007-0290,24.340353,93.82606,2007-06-08,2007,Manipur,Ukhrul,mudflow,rain_and_snowmelt,high,route,isro_atlas_synthetic,simulated,NRSC/ISRO Landslide Atlas (synthetic NER representation — not official data),GODL-India/Research use — synthetic representation only
ISRO-1998-0291,27.083489,88.551637,1998-06-03,1998,Sikkim,East Sikkim,rockfall,rain,very_high,event,isro_atlas_synthetic,simulated,NRSC/ISRO Landslide Atlas (synthetic NER representation — not official data),GODL-India/Research use — synthetic representation only
ISRO-2012-0292,26.998999,93.040219,2012-10-11,2012,Arunachal Pradesh,Papum Pare,translational_slide,rain_and_snowmelt,low,seasonal,isro_atlas_synthetic,simulated,NRSC/ISRO Landslide Atlas (synthetic NER representation — not official data),GODL-India/Research use — synthetic representation only
ISRO-2019-0293,26.434786,94.233873,2019-06-02,2019,Assam,Dima Hasao,rotational_slide,unknown,low,event,isro_atlas_synthetic,simulated,NRSC/ISRO Landslide Atlas (synthetic NER representation — not official data),GODL-India/Research use — synthetic representation only
ISRO-2016-0294,27.383199,91.981274,2016-04-23,2016,Arunachal Pradesh,Tawang,mudflow,rain,low,route,isro_atlas_synthetic,simulated,NRSC/ISRO Landslide Atlas (synthetic NER representation — not official data),GODL-India/Research use — synthetic representation only
ISRO-2003-0295,26.524137,93.963122,2003-08-22,2003,Nagaland,Dimapur,mudflow,monsoonal_rain,medium,event,isro_atlas_synthetic,simulated,NRSC/ISRO Landslide Atlas (synthetic NER representation — not official data),GODL-India/Research use — synthetic representation only
ISRO-2018-0296,25.475875,90.288824,2018-09-24,2018,Meghalaya,South Garo Hills,translational_slide,rain,medium,event,isro_atlas_synthetic,simulated,NRSC/ISRO Landslide Atlas (synthetic NER representation — not official data),GODL-India/Research use — synthetic representation only
ISRO-2007-0297,28.110722,94.681114,2007-07-09,2007,Arunachal Pradesh,Upper Siang,mudflow,rain,low,event,isro_atlas_synthetic,simulated,NRSC/ISRO Landslide Atlas (synthetic NER representation — not official data),GODL-India/Research use — synthetic representation only
ISRO-2019-0298,26.35106,94.516893,2019-10-19,2019,Nagaland,Mokokchung,rotational_slide,rain,low,event,isro_atlas_synthetic,simulated,NRSC/ISRO Landslide Atlas (synthetic NER representation — not official data),GODL-India/Research use — synthetic representation only
ISRO-1999-0299,27.431126,95.443593,1999-09-02,1999,Arunachal Pradesh,Lohit,mudflow,earthquake,low,seasonal,isro_atlas_synthetic,simulated,NRSC/ISRO Landslide Atlas (synthetic NER representation — not official data),GODL-India/Research use — synthetic representation only
ISRO-2006-0300,27.055467,88.647595,2006-06-27,2006,Sikkim,East Sikkim,rotational_slide,rain,low,seasonal,isro_atlas_synthetic,simulated,NRSC/ISRO Landslide Atlas (synthetic NER representation — not official data),GODL-India/Research use — synthetic representation only
ISRO-2012-0301,23.546135,92.826537,2012-10-25,2012,Mizoram,Aizawl,rotational_slide,earthquake,low,event,isro_atlas_synthetic,simulated,NRSC/ISRO Landslide Atlas (synthetic NER representation — not official data),GODL-India/Research use — synthetic representation only
ISRO-2006-0302,27.715972,88.490948,2006-07-27,2006,Sikkim,North Sikkim,mudflow,rain_and_snowmelt,medium,event,isro_atlas_synthetic,simulated,NRSC/ISRO Landslide Atlas (synthetic NER representation — not official data),GODL-India/Research use — synthetic representation only
ISRO-2003-0303,24.513818,93.683687,2003-05-26,2003,Manipur,Ukhrul,translational_slide,unknown,low,event,isro_atlas_synthetic,simulated,NRSC/ISRO Landslide Atlas (synthetic NER representation — not official data),GODL-India/Research use — synthetic representation only
ISRO-2020-0304,27.11285,92.78431,2020-08-19,2020,Arunachal Pradesh,Papum Pare,debris_flow,rain,high,seasonal,isro_atlas_synthetic,simulated,NRSC/ISRO Landslide Atlas (synthetic NER representation — not official data),GODL-India/Research use — synthetic representation only
ISRO-2012-0305,27.411232,88.498637,2012-08-26,2012,Sikkim,North Sikkim,rotational_slide,rain_and_snowmelt,medium,seasonal,isro_atlas_synthetic,simulated,NRSC/ISRO Landslide Atlas (synthetic NER representation — not official data),GODL-India/Research use — synthetic representation only
ISRO-2022-0306,24.630195,94.251203,2022-08-15,2022,Manipur,Senapati,debris_flow,rain,medium,event,isro_atlas_synthetic,simulated,NRSC/ISRO Landslide Atlas (synthetic NER representation — not official data),GODL-India/Research use — synthetic representation only
ISRO-2012-0307,27.542596,88.478667,2012-08-20,2012,Sikkim,North Sikkim,translational_slide,human_activity,high,seasonal,isro_atlas_synthetic,simulated,NRSC/ISRO Landslide Atlas (synthetic NER representation — not official data),GODL-India/Research use — synthetic representation only
ISRO-2013-0308,27.400597,91.686578,2013-10-15,2013,Arunachal Pradesh,Tawang,rockfall,rain,medium,seasonal,isro_atlas_synthetic,simulated,NRSC/ISRO Landslide Atlas (synthetic NER representation — not official data),GODL-India/Research use — synthetic representation only
ISRO-2003-0309,26.517008,92.96372,2003-08-17,2003,Arunachal Pradesh,East Kameng,translational_slide,rain_and_snowmelt,low,route,isro_atlas_synthetic,simulated,NRSC/ISRO Landslide Atlas (synthetic NER representation — not official data),GODL-India/Research use — synthetic representation only
ISRO-2016-0310,27.609877,91.734116,2016-05-02,2016,Arunachal Pradesh,Tawang,debris_flow,rain,low,route,isro_atlas_synthetic,simulated,NRSC/ISRO Landslide Atlas (synthetic NER representation — not official data),GODL-India/Research use — synthetic representation only
ISRO-2010-0311,24.66742,94.202875,2010-10-10,2010,Manipur,Senapati,mudflow,unknown,medium,route,isro_atlas_synthetic,simulated,NRSC/ISRO Landslide Atlas (synthetic NER representation — not official data),GODL-India/Research use — synthetic representation only
ISRO-2000-0312,25.75433,90.529548,2000-03-11,2000,Meghalaya,South Garo Hills,mudflow,rain,very_high,seasonal,isro_atlas_synthetic,simulated,NRSC/ISRO Landslide Atlas (synthetic NER representation — not official data),GODL-India/Research use — synthetic representation only
ISRO-2011-0313,23.355871,91.759725,2011-02-14,2011,Tripura,Gomati,translational_slide,monsoonal_rain,medium,route,isro_atlas_synthetic,simulated,NRSC/ISRO Landslide Atlas (synthetic NER representation — not official data),GODL-India/Research use — synthetic representation only
ISRO-2004-0314,25.976663,94.720176,2004-08-26,2004,Nagaland,Kohima,mudflow,rain_and_snowmelt,medium,event,isro_atlas_synthetic,simulated,NRSC/ISRO Landslide Atlas (synthetic NER representation — not official data),GODL-India/Research use — synthetic representation only
ISRO-2000-0315,27.298376,88.266366,2000-05-23,2000,Sikkim,North Sikkim,mudflow,earthquake,low,event,isro_atlas_synthetic,simulated,NRSC/ISRO Landslide Atlas (synthetic NER representation — not official data),GODL-India/Research use — synthetic representation only
ISRO-2002-0316,24.831658,94.334047,2002-11-17,2002,Manipur,Senapati,mudflow,monsoonal_rain,low,route,isro_atlas_synthetic,simulated,NRSC/ISRO Landslide Atlas (synthetic NER representation — not official data),GODL-India/Research use — synthetic representation only
ISRO-2018-0317,23.865643,91.360073,2018-09-18,2018,Tripura,West Tripura,debris_flow,monsoonal_rain,low,seasonal,isro_atlas_synthetic,simulated,NRSC/ISRO Landslide Atlas (synthetic NER representation — not official data),GODL-India/Research use — synthetic representation only
ISRO-2017-0318,26.338641,92.556199,2017-08-14,2017,Arunachal Pradesh,East Kameng,rotational_slide,rain,medium,event,isro_atlas_synthetic,simulated,NRSC/ISRO Landslide Atlas (synthetic NER representation — not official data),GODL-India/Research use — synthetic representation only
ISRO-2011-0319,26.937639,93.234966,2011-07-05,2011,Arunachal Pradesh,Papum Pare,rotational_slide,earthquake,low,event,isro_atlas_synthetic,simulated,NRSC/ISRO Landslide Atlas (synthetic NER representation — not official data),GODL-India/Research use — synthetic representation only
ISRO-2014-0320,27.525001,95.092611,2014-02-19,2014,Arunachal Pradesh,Lohit,rockfall,rain_and_snowmelt,low,event,isro_atlas_synthetic,simulated,NRSC/ISRO Landslide Atlas (synthetic NER representation — not official data),GODL-India/Research use — synthetic representation only
ISRO-2013-0321,27.389155,88.723366,2013-08-14,2013,Sikkim,East Sikkim,rotational_slide,rain,medium,event,isro_atlas_synthetic,simulated,NRSC/ISRO Landslide Atlas (synthetic NER representation — not official data),GODL-India/Research use — synthetic representation only
ISRO-2014-0322,25.247778,93.857902,2014-09-16,2014,Manipur,Chandel,rockfall,earthquake,high,seasonal,isro_atlas_synthetic,simulated,NRSC/ISRO Landslide Atlas (synthetic NER representation — not official data),GODL-India/Research use — synthetic representation only
ISRO-2015-0323,25.679483,92.511145,2015-02-26,2015,Assam,Cachar,rockfall,rain,high,event,isro_atlas_synthetic,simulated,NRSC/ISRO Landslide Atlas (synthetic NER representation — not official data),GODL-India/Research use — synthetic representation only
ISRO-1998-0324,24.772628,94.31718,1998-07-05,1998,Manipur,Senapati,mudflow,unknown,medium,route,isro_atlas_synthetic,simulated,NRSC/ISRO Landslide Atlas (synthetic NER representation — not official data),GODL-India/Research use — synthetic representation only
ISRO-2014-0325,26.112205,94.597695,2014-04-25,2014,Nagaland,Mokokchung,mudflow,monsoonal_rain,medium,route,isro_atlas_synthetic,simulated,NRSC/ISRO Landslide Atlas (synthetic NER representation — not official data),GODL-India/Research use — synthetic representation only
ISRO-2008-0326,25.083698,94.078373,2008-02-21,2008,Manipur,Chandel,rotational_slide,human_activity,low,event,isro_atlas_synthetic,simulated,NRSC/ISRO Landslide Atlas (synthetic NER representation — not official data),GODL-India/Research use — synthetic representation only
ISRO-2014-0327,26.225611,94.893323,2014-08-23,2014,Nagaland,Mokokchung,debris_flow,rain,high,event,isro_atlas_synthetic,simulated,NRSC/ISRO Landslide Atlas (synthetic NER representation — not official data),GODL-India/Research use — synthetic representation only
ISRO-2002-0328,26.280443,94.061534,2002-10-25,2002,Assam,Karbi Anglong,rockfall,rain,very_high,route,isro_atlas_synthetic,simulated,NRSC/ISRO Landslide Atlas (synthetic NER representation — not official data),GODL-India/Research use — synthetic representation only
ISRO-2012-0329,27.161248,88.330187,2012-06-10,2012,Sikkim,West Sikkim,mudflow,rain,low,event,isro_atlas_synthetic,simulated,NRSC/ISRO Landslide Atlas (synthetic NER representation — not official data),GODL-India/Research use — synthetic representation only
ISRO-2020-0330,27.365076,88.610488,2020-07-12,2020,Sikkim,East Sikkim,rockfall,rain,low,event,isro_atlas_synthetic,simulated,NRSC/ISRO Landslide Atlas (synthetic NER representation — not official data),GODL-India/Research use — synthetic representation only
ISRO-2015-0331,26.329993,94.537435,2015-07-24,2015,Nagaland,Kohima,rockfall,unknown,high,seasonal,isro_atlas_synthetic,simulated,NRSC/ISRO Landslide Atlas (synthetic NER representation — not official data),GODL-India/Research use — synthetic representation only
ISRO-2014-0332,27.773172,92.046549,2014-10-12,2014,Arunachal Pradesh,Tawang,debris_flow,rain_and_snowmelt,high,route,isro_atlas_synthetic,simulated,NRSC/ISRO Landslide Atlas (synthetic NER representation — not official data),GODL-India/Research use — synthetic representation only
ISRO-2007-0333,26.532733,94.002971,2007-10-07,2007,Assam,Dima Hasao,mudflow,rain,medium,event,isro_atlas_synthetic,simulated,NRSC/ISRO Landslide Atlas (synthetic NER representation — not official data),GODL-India/Research use — synthetic representation only
ISRO-2010-0334,26.552908,92.997582,2010-08-02,2010,Arunachal Pradesh,East Kameng,rockfall,human_activity,medium,event,isro_atlas_synthetic,simulated,NRSC/ISRO Landslide Atlas (synthetic NER representation — not official data),GODL-India/Research use — synthetic representation only
ISRO-2007-0335,26.08594,93.941,2007-08-14,2007,Assam,Karbi Anglong,translational_slide,unknown,high,event,isro_atlas_synthetic,simulated,NRSC/ISRO Landslide Atlas (synthetic NER representation — not official data),GODL-India/Research use — synthetic representation only
ISRO-2018-0336,23.876825,92.326746,2018-06-16,2018,Mizoram,Champhai,rockfall,rain,high,seasonal,isro_atlas_synthetic,simulated,NRSC/ISRO Landslide Atlas (synthetic NER representation — not official data),GODL-India/Research use — synthetic representation only
ISRO-2004-0337,26.405572,93.024323,2004-10-11,2004,Arunachal Pradesh,East Kameng,rotational_slide,rain,very_high,event,isro_atlas_synthetic,simulated,NRSC/ISRO Landslide Atlas (synthetic NER representation — not official data),GODL-India/Research use — synthetic representation only
ISRO-2018-0338,26.066075,94.646651,2018-09-24,2018,Nagaland,Mokokchung,debris_flow,rain,medium,route,isro_atlas_synthetic,simulated,NRSC/ISRO Landslide Atlas (synthetic NER representation — not official data),GODL-India/Research use — synthetic representation only
ISRO-2015-0339,25.684203,90.496242,2015-06-07,2015,Meghalaya,South Garo Hills,mudflow,monsoonal_rain,medium,event,isro_atlas_synthetic,simulated,NRSC/ISRO Landslide Atlas (synthetic NER representation — not official data),GODL-India/Research use — synthetic representation only
ISRO-2004-0340,25.919749,94.080282,2004-08-07,2004,Assam,Karbi Anglong,rotational_slide,rain,very_high,seasonal,isro_atlas_synthetic,simulated,NRSC/ISRO Landslide Atlas (synthetic NER representation — not official data),GODL-India/Research use — synthetic representation only
ISRO-2010-0341,25.653724,90.927641,2010-05-12,2010,Meghalaya,West Khasi Hills,mudflow,unknown,high,event,isro_atlas_synthetic,simulated,NRSC/ISRO Landslide Atlas (synthetic NER representation — not official data),GODL-India/Research use — synthetic representation only
ISRO-2007-0342,26.596452,92.551354,2007-08-09,2007,Arunachal Pradesh,East Kameng,rotational_slide,rain,low,event,isro_atlas_synthetic,simulated,NRSC/ISRO Landslide Atlas (synthetic NER representation — not official data),GODL-India/Research use — synthetic representation only
ISRO-2002-0343,26.314813,94.803348,2002-04-16,2002,Nagaland,Mokokchung,rotational_slide,rain,high,seasonal,isro_atlas_synthetic,simulated,NRSC/ISRO Landslide Atlas (synthetic NER representation — not official data),GODL-India/Research use — synthetic representation only
ISRO-2007-0344,27.641381,88.253136,2007-08-06,2007,Sikkim,North Sikkim,mudflow,rain,low,seasonal,isro_atlas_synthetic,simulated,NRSC/ISRO Landslide Atlas (synthetic NER representation — not official data),GODL-India/Research use — synthetic representation only
ISRO-2018-0345,25.290393,91.191039,2018-10-22,2018,Meghalaya,West Khasi Hills,rotational_slide,human_activity,medium,seasonal,isro_atlas_synthetic,simulated,NRSC/ISRO Landslide Atlas (synthetic NER representation — not official data),GODL-India/Research use — synthetic representation only
ISRO-2014-0346,25.209555,93.900261,2014-04-09,2014,Manipur,Chandel,rotational_slide,rain_and_snowmelt,very_high,seasonal,isro_atlas_synthetic,simulated,NRSC/ISRO Landslide Atlas (synthetic NER representation — not official data),GODL-India/Research use — synthetic representation only
ISRO-2019-0347,28.3455,94.530891,2019-11-22,2019,Arunachal Pradesh,Upper Siang,rockfall,unknown,low,event,isro_atlas_synthetic,simulated,NRSC/ISRO Landslide Atlas (synthetic NER representation — not official data),GODL-India/Research use — synthetic representation only
ISRO-2014-0348,23.707024,92.379871,2014-05-04,2014,Mizoram,Champhai,debris_flow,human_activity,low,event,isro_atlas_synthetic,simulated,NRSC/ISRO Landslide Atlas (synthetic NER representation — not official data),GODL-India/Research use — synthetic representation only
ISRO-2003-0349,25.495943,91.493425,2003-12-15,2003,Assam,Kamrup,rotational_slide,rain,medium,event,isro_atlas_synthetic,simulated,NRSC/ISRO Landslide Atlas (synthetic NER representation — not official data),GODL-India/Research use — synthetic representation only
ISRO-2016-0350,25.244224,94.273299,2016-08-16,2016,Manipur,Chandel,rotational_slide,human_activity,medium,seasonal,isro_atlas_synthetic,simulated,NRSC/ISRO Landslide Atlas (synthetic NER representation — not official data),GODL-India/Research use — synthetic representation only
ISRO-2022-0351,25.396231,91.180652,2022-05-17,2022,Assam,Kamrup,translational_slide,rain,low,seasonal,isro_atlas_synthetic,simulated,NRSC/ISRO Landslide Atlas (synthetic NER representation — not official data),GODL-India/Research use — synthetic representation only
ISRO-2002-0352,26.132876,94.472482,2002-09-24,2002,Nagaland,Mokokchung,rotational_slide,rain,low,seasonal,isro_atlas_synthetic,simulated,NRSC/ISRO Landslide Atlas (synthetic NER representation — not official data),GODL-India/Research use — synthetic representation only
ISRO-2005-0353,25.548363,90.967302,2005-06-25,2005,Meghalaya,West Khasi Hills,translational_slide,rain,medium,route,isro_atlas_synthetic,simulated,NRSC/ISRO Landslide Atlas (synthetic NER representation — not official data),GODL-India/Research use — synthetic representation only
ISRO-2022-0354,23.619537,91.582606,2022-10-06,2022,Tripura,Gomati,debris_flow,rain,high,event,isro_atlas_synthetic,simulated,NRSC/ISRO Landslide Atlas (synthetic NER representation — not official data),GODL-India/Research use — synthetic representation only
ISRO-2009-0355,25.863205,90.391922,2009-08-18,2009,Meghalaya,South Garo Hills,rotational_slide,rain,low,event,isro_atlas_synthetic,simulated,NRSC/ISRO Landslide Atlas (synthetic NER representation — not official data),GODL-India/Research use — synthetic representation only
ISRO-2017-0356,26.366499,92.769119,2017-06-07,2017,Arunachal Pradesh,East Kameng,mudflow,rain,medium,event,isro_atlas_synthetic,simulated,NRSC/ISRO Landslide Atlas (synthetic NER representation — not official data),GODL-India/Research use — synthetic representation only
ISRO-2017-0357,28.038235,94.640118,2017-10-12,2017,Arunachal Pradesh,Upper Siang,rotational_slide,unknown,low,route,isro_atlas_synthetic,simulated,NRSC/ISRO Landslide Atlas (synthetic NER representation — not official data),GODL-India/Research use — synthetic representation only
ISRO-2014-0358,25.265841,92.223895,2014-07-13,2014,Meghalaya,East Khasi Hills,rockfall,rain,medium,event,isro_atlas_synthetic,simulated,NRSC/ISRO Landslide Atlas (synthetic NER representation — not official data),GODL-India/Research use — synthetic representation only
ISRO-2008-0359,24.311928,93.855221,2008-12-16,2008,Manipur,Ukhrul,translational_slide,human_activity,low,event,isro_atlas_synthetic,simulated,NRSC/ISRO Landslide Atlas (synthetic NER representation — not official data),GODL-India/Research use — synthetic representation only
ISRO-1998-0360,27.474774,91.609243,1998-06-06,1998,Arunachal Pradesh,Tawang,rockfall,earthquake,medium,event,isro_atlas_synthetic,simulated,NRSC/ISRO Landslide Atlas (synthetic NER representation — not official data),GODL-India/Research use — synthetic representation only
ISRO-2002-0361,26.796783,93.024837,2002-08-09,2002,Arunachal Pradesh,Papum Pare,rotational_slide,rain,low,route,isro_atlas_synthetic,simulated,NRSC/ISRO Landslide Atlas (synthetic NER representation — not official data),GODL-India/Research use — synthetic representation only
ISRO-2000-0362,24.313429,93.723273,2000-08-27,2000,Manipur,Ukhrul,rotational_slide,monsoonal_rain,medium,event,isro_atlas_synthetic,simulated,NRSC/ISRO Landslide Atlas (synthetic NER representation — not official data),GODL-India/Research use — synthetic representation only
ISRO-2022-0363,24.352007,93.961536,2022-07-12,2022,Manipur,Ukhrul,rockfall,rain,very_high,route,isro_atlas_synthetic,simulated,NRSC/ISRO Landslide Atlas (synthetic NER representation — not official data),GODL-India/Research use — synthetic representation only
ISRO-2007-0364,25.374387,92.333953,2007-11-02,2007,Meghalaya,East Khasi Hills,translational_slide,unknown,medium,event,isro_atlas_synthetic,simulated,NRSC/ISRO Landslide Atlas (synthetic NER representation — not official data),GODL-India/Research use — synthetic representation only
ISRO-2011-0365,25.586757,90.978124,2011-06-05,2011,Meghalaya,West Khasi Hills,mudflow,rain,high,seasonal,isro_atlas_synthetic,simulated,NRSC/ISRO Landslide Atlas (synthetic NER representation — not official data),GODL-India/Research use — synthetic representation only
ISRO-2022-0366,26.053741,94.530523,2022-03-19,2022,Nagaland,Mokokchung,rockfall,human_activity,medium,seasonal,isro_atlas_synthetic,simulated,NRSC/ISRO Landslide Atlas (synthetic NER representation — not official data),GODL-India/Research use — synthetic representation only
ISRO-2007-0367,25.398641,92.147147,2007-08-06,2007,Meghalaya,East Khasi Hills,mudflow,human_activity,high,event,isro_atlas_synthetic,simulated,NRSC/ISRO Landslide Atlas (synthetic NER representation — not official data),GODL-India/Research use — synthetic representation only
ISRO-2006-0368,26.292943,93.872314,2006-12-01,2006,Nagaland,Dimapur,debris_flow,rain,low,event,isro_atlas_synthetic,simulated,NRSC/ISRO Landslide Atlas (synthetic NER representation — not official data),GODL-India/Research use — synthetic representation only
ISRO-2005-0369,23.659139,92.412203,2005-12-22,2005,Mizoram,Champhai,mudflow,rain,high,seasonal,isro_atlas_synthetic,simulated,NRSC/ISRO Landslide Atlas (synthetic NER representation — not official data),GODL-India/Research use — synthetic representation only
ISRO-2001-0370,26.606691,92.808939,2001-05-10,2001,Arunachal Pradesh,East Kameng,rockfall,rain,low,route,isro_atlas_synthetic,simulated,NRSC/ISRO Landslide Atlas (synthetic NER representation — not official data),GODL-India/Research use — synthetic representation only
ISRO-2017-0371,27.234897,92.800381,2017-06-16,2017,Arunachal Pradesh,Papum Pare,rockfall,rain,medium,event,isro_atlas_synthetic,simulated,NRSC/ISRO Landslide Atlas (synthetic NER representation — not official data),GODL-India/Research use — synthetic representation only
ISRO-2012-0372,26.241659,92.784567,2012-05-18,2012,Arunachal Pradesh,East Kameng,mudflow,earthquake,very_high,route,isro_atlas_synthetic,simulated,NRSC/ISRO Landslide Atlas (synthetic NER representation — not official data),GODL-India/Research use — synthetic representation only
ISRO-2014-0373,26.605,94.308065,2014-08-24,2014,Assam,Dima Hasao,translational_slide,rain,low,seasonal,isro_atlas_synthetic,simulated,NRSC/ISRO Landslide Atlas (synthetic NER representation — not official data),GODL-India/Research use — synthetic representation only
ISRO-1999-0374,26.370647,93.980354,1999-05-15,1999,Assam,Dima Hasao,translational_slide,unknown,medium,route,isro_atlas_synthetic,simulated,NRSC/ISRO Landslide Atlas (synthetic NER representation — not official data),GODL-India/Research use — synthetic representation only
ISRO-2005-0375,27.024477,93.031505,2005-09-13,2005,Arunachal Pradesh,Papum Pare,mudflow,monsoonal_rain,low,event,isro_atlas_synthetic,simulated,NRSC/ISRO Landslide Atlas (synthetic NER representation — not official data),GODL-India/Research use — synthetic representation only
ISRO-2018-0376,22.947048,92.672427,2018-04-21,2018,Mizoram,Lunglei,translational_slide,earthquake,high,event,isro_atlas_synthetic,simulated,NRSC/ISRO Landslide Atlas (synthetic NER representation — not official data),GODL-India/Research use — synthetic representation only
ISRO-1999-0377,25.525418,91.296468,1999-09-25,1999,Assam,Kamrup,rotational_slide,rain,medium,seasonal,isro_atlas_synthetic,simulated,NRSC/ISRO Landslide Atlas (synthetic NER representation — not official data),GODL-India/Research use — synthetic representation only
ISRO-2021-0378,26.09578,94.613081,2021-07-07,2021,Nagaland,Mokokchung,rotational_slide,rain_and_snowmelt,high,seasonal,isro_atlas_synthetic,simulated,NRSC/ISRO Landslide Atlas (synthetic NER representation — not official data),GODL-India/Research use — synthetic representation only
ISRO-2005-0379,26.220645,92.683467,2005-08-24,2005,Arunachal Pradesh,East Kameng,rotational_slide,unknown,medium,event,isro_atlas_synthetic,simulated,NRSC/ISRO Landslide Atlas (synthetic NER representation — not official data),GODL-India/Research use — synthetic representation only
ISRO-2004-0380,24.665052,94.642682,2004-08-20,2004,Manipur,Senapati,rockfall,rain,low,seasonal,isro_atlas_synthetic,simulated,NRSC/ISRO Landslide Atlas (synthetic NER representation — not official data),GODL-India/Research use — synthetic representation only
ISRO-2007-0381,27.41214,88.432362,2007-09-13,2007,Sikkim,West Sikkim,debris_flow,rain_and_snowmelt,very_high,seasonal,isro_atlas_synthetic,simulated,NRSC/ISRO Landslide Atlas (synthetic NER representation — not official data),GODL-India/Research use — synthetic representation only
ISRO-2020-0382,23.574337,92.693279,2020-08-03,2020,Mizoram,Champhai,translational_slide,human_activity,high,event,isro_atlas_synthetic,simulated,NRSC/ISRO Landslide Atlas (synthetic NER representation — not official data),GODL-India/Research use — synthetic representation only
ISRO-2013-0383,24.825832,93.957785,2013-08-08,2013,Manipur,Chandel,debris_flow,rain,medium,route,isro_atlas_synthetic,simulated,NRSC/ISRO Landslide Atlas (synthetic NER representation — not official data),GODL-India/Research use — synthetic representation only
ISRO-2007-0384,25.373016,91.354851,2007-09-05,2007,Assam,Kamrup,rockfall,rain,medium,route,isro_atlas_synthetic,simulated,NRSC/ISRO Landslide Atlas (synthetic NER representation — not official data),GODL-India/Research use — synthetic representation only
ISRO-2018-0385,28.21178,94.884546,2018-07-25,2018,Arunachal Pradesh,Upper Siang,debris_flow,human_activity,medium,event,isro_atlas_synthetic,simulated,NRSC/ISRO Landslide Atlas (synthetic NER representation — not official data),GODL-India/Research use — synthetic representation only
ISRO-2003-0386,25.306954,92.779657,2003-09-22,2003,Assam,Cachar,mudflow,rain,low,event,isro_atlas_synthetic,simulated,NRSC/ISRO Landslide Atlas (synthetic NER representation — not official data),GODL-India/Research use — synthetic representation only
ISRO-2011-0387,26.709544,94.187412,2011-10-25,2011,Nagaland,Dimapur,debris_flow,rain_and_snowmelt,very_high,event,isro_atlas_synthetic,simulated,NRSC/ISRO Landslide Atlas (synthetic NER representation — not official data),GODL-India/Research use — synthetic representation only
ISRO-2000-0388,25.445138,92.578844,2000-12-05,2000,Assam,Cachar,debris_flow,monsoonal_rain,low,seasonal,isro_atlas_synthetic,simulated,NRSC/ISRO Landslide Atlas (synthetic NER representation — not official data),GODL-India/Research use — synthetic representation only
ISRO-2014-0389,26.188009,93.815737,2014-06-18,2014,Assam,Karbi Anglong,rockfall,rain,very_high,event,isro_atlas_synthetic,simulated,NRSC/ISRO Landslide Atlas (synthetic NER representation — not official data),GODL-India/Research use — synthetic representation only
ISRO-2015-0390,24.878224,94.375649,2015-05-18,2015,Manipur,Senapati,mudflow,rain,medium,event,isro_atlas_synthetic,simulated,NRSC/ISRO Landslide Atlas (synthetic NER representation — not official data),GODL-India/Research use — synthetic representation only
ISRO-2002-0391,22.816189,92.715626,2002-06-13,2002,Mizoram,Lunglei,rockfall,earthquake,low,event,isro_atlas_synthetic,simulated,NRSC/ISRO Landslide Atlas (synthetic NER representation — not official data),GODL-India/Research use — synthetic representation only
ISRO-2015-0392,23.121974,92.763398,2015-04-25,2015,Mizoram,Lunglei,rockfall,unknown,low,seasonal,isro_atlas_synthetic,simulated,NRSC/ISRO Landslide Atlas (synthetic NER representation — not official data),GODL-India/Research use — synthetic representation only
ISRO-2019-0393,25.478409,90.438454,2019-07-11,2019,Meghalaya,South Garo Hills,rotational_slide,monsoonal_rain,low,event,isro_atlas_synthetic,simulated,NRSC/ISRO Landslide Atlas (synthetic NER representation — not official data),GODL-India/Research use — synthetic representation only
ISRO-2018-0394,26.169747,94.01754,2018-10-20,2018,Assam,Karbi Anglong,rockfall,rain,low,seasonal,isro_atlas_synthetic,simulated,NRSC/ISRO Landslide Atlas (synthetic NER representation — not official data),GODL-India/Research use — synthetic representation only
ISRO-2006-0395,25.911894,93.743069,2006-04-09,2006,Assam,Karbi Anglong,translational_slide,monsoonal_rain,low,event,isro_atlas_synthetic,simulated,NRSC/ISRO Landslide Atlas (synthetic NER representation — not official data),GODL-India/Research use — synthetic representation only
ISRO-2022-0396,26.532184,94.521286,2022-08-20,2022,Nagaland,Mokokchung,rockfall,rain,medium,event,isro_atlas_synthetic,simulated,NRSC/ISRO Landslide Atlas (synthetic NER representation — not official data),GODL-India/Research use — synthetic representation only
ISRO-1999-0397,25.752067,90.543296,1999-09-19,1999,Meghalaya,South Garo Hills,rotational_slide,human_activity,very_high,event,isro_atlas_synthetic,simulated,NRSC/ISRO Landslide Atlas (synthetic NER representation — not official data),GODL-India/Research use — synthetic representation only
ISRO-2019-0398,26.932339,92.752182,2019-12-14,2019,Arunachal Pradesh,Papum Pare,mudflow,rain_and_snowmelt,low,event,isro_atlas_synthetic,simulated,NRSC/ISRO Landslide Atlas (synthetic NER representation — not official data),GODL-India/Research use — synthetic representation only
ISRO-1999-0399,27.390272,91.913505,1999-05-24,1999,Arunachal Pradesh,Tawang,rockfall,rain,low,event,isro_atlas_synthetic,simulated,NRSC/ISRO Landslide Atlas (synthetic NER representation — not official data),GODL-India/Research use — synthetic representation only
ISRO-2011-0400,25.599961,92.773939,2011-08-11,2011,Assam,Cachar,rotational_slide,rain,low,route,isro_atlas_synthetic,simulated,NRSC/ISRO Landslide Atlas (synthetic NER representation — not official data),GODL-India/Research use — synthetic representation only
ISRO-2017-0401,25.71137,91.20834,2017-11-18,2017,Meghalaya,West Khasi Hills,debris_flow,rain,medium,event,isro_atlas_synthetic,simulated,NRSC/ISRO Landslide Atlas (synthetic NER representation — not official data),GODL-India/Research use — synthetic representation only
ISRO-2000-0402,26.297677,94.125851,2000-10-19,2000,Assam,Dima Hasao,translational_slide,rain,medium,seasonal,isro_atlas_synthetic,simulated,NRSC/ISRO Landslide Atlas (synthetic NER representation — not official data),GODL-India/Research use — synthetic representation only
ISRO-2006-0403,25.256497,92.590294,2006-06-09,2006,Assam,Cachar,debris_flow,unknown,high,seasonal,isro_atlas_synthetic,simulated,NRSC/ISRO Landslide Atlas (synthetic NER representation — not official data),GODL-India/Research use — synthetic representation only
ISRO-2001-0404,26.553917,92.888588,2001-08-06,2001,Arunachal Pradesh,East Kameng,debris_flow,rain_and_snowmelt,medium,event,isro_atlas_synthetic,simulated,NRSC/ISRO Landslide Atlas (synthetic NER representation — not official data),GODL-India/Research use — synthetic representation only
ISRO-2010-0405,26.799966,92.832127,2010-12-04,2010,Arunachal Pradesh,Papum Pare,rockfall,rain,low,event,isro_atlas_synthetic,simulated,NRSC/ISRO Landslide Atlas (synthetic NER representation — not official data),GODL-India/Research use — synthetic representation only
ISRO-2020-0406,23.731483,92.70958,2020-05-09,2020,Mizoram,Champhai,rockfall,rain,medium,route,isro_atlas_synthetic,simulated,NRSC/ISRO Landslide Atlas (synthetic NER representation — not official data),GODL-India/Research use — synthetic representation only
ISRO-2019-0407,23.386287,92.93568,2019-06-15,2019,Mizoram,Aizawl,translational_slide,rain,medium,route,isro_atlas_synthetic,simulated,NRSC/ISRO Landslide Atlas (synthetic NER representation — not official data),GODL-India/Research use — synthetic representation only
ISRO-2000-0408,27.204374,95.232658,2000-04-02,2000,Arunachal Pradesh,Lohit,rockfall,rain,medium,event,isro_atlas_synthetic,simulated,NRSC/ISRO Landslide Atlas (synthetic NER representation — not official data),GODL-India/Research use — synthetic representation only
ISRO-2006-0409,27.16404,88.444389,2006-12-21,2006,Sikkim,East Sikkim,mudflow,monsoonal_rain,low,seasonal,isro_atlas_synthetic,simulated,NRSC/ISRO Landslide Atlas (synthetic NER representation — not official data),GODL-India/Research use — synthetic representation only
ISRO-2014-0410,26.504963,92.902059,2014-08-23,2014,Arunachal Pradesh,East Kameng,debris_flow,rain,medium,event,isro_atlas_synthetic,simulated,NRSC/ISRO Landslide Atlas (synthetic NER representation — not official data),GODL-India/Research use — synthetic representation only
ISRO-2014-0411,22.666805,92.687818,2014-06-03,2014,Mizoram,Lunglei,debris_flow,human_activity,medium,event,isro_atlas_synthetic,simulated,NRSC/ISRO Landslide Atlas (synthetic NER representation — not official data),GODL-India/Research use — synthetic representation only
ISRO-2000-0412,27.566687,91.726372,2000-08-20,2000,Arunachal Pradesh,Tawang,rockfall,rain_and_snowmelt,medium,route,isro_atlas_synthetic,simulated,NRSC/ISRO Landslide Atlas (synthetic NER representation — not official data),GODL-India/Research use — synthetic representation only
ISRO-2016-0413,24.79849,94.389611,2016-12-01,2016,Manipur,Senapati,rotational_slide,rain,low,route,isro_atlas_synthetic,simulated,NRSC/ISRO Landslide Atlas (synthetic NER representation — not official data),GODL-India/Research use — synthetic representation only
ISRO-2015-0414,27.073682,94.980943,2015-08-01,2015,Arunachal Pradesh,Lohit,debris_flow,monsoonal_rain,low,route,isro_atlas_synthetic,simulated,NRSC/ISRO Landslide Atlas (synthetic NER representation — not official data),GODL-India/Research use — synthetic representation only
ISRO-2011-0415,25.558319,90.895947,2011-09-02,2011,Meghalaya,West Khasi Hills,debris_flow,rain,low,event,isro_atlas_synthetic,simulated,NRSC/ISRO Landslide Atlas (synthetic NER representation — not official data),GODL-India/Research use — synthetic representation only
ISRO-1998-0416,25.367018,91.50384,1998-08-22,1998,Assam,Kamrup,mudflow,rain_and_snowmelt,high,route,isro_atlas_synthetic,simulated,NRSC/ISRO Landslide Atlas (synthetic NER representation — not official data),GODL-India/Research use — synthetic representation only
ISRO-2010-0417,27.061518,88.522073,2010-02-08,2010,Sikkim,West Sikkim,rotational_slide,rain,low,event,isro_atlas_synthetic,simulated,NRSC/ISRO Landslide Atlas (synthetic NER representation — not official data),GODL-India/Research use — synthetic representation only
ISRO-2011-0418,25.591563,91.296169,2011-07-15,2011,Assam,Kamrup,rockfall,rain,high,event,isro_atlas_synthetic,simulated,NRSC/ISRO Landslide Atlas (synthetic NER representation — not official data),GODL-India/Research use — synthetic representation only
ISRO-2010-0419,26.285944,94.647763,2010-09-16,2010,Nagaland,Kohima,mudflow,rain,medium,event,isro_atlas_synthetic,simulated,NRSC/ISRO Landslide Atlas (synthetic NER representation — not official data),GODL-India/Research use — synthetic representation only
ISRO-1998-0420,27.114472,88.297746,1998-08-10,1998,Sikkim,West Sikkim,rotational_slide,human_activity,medium,seasonal,isro_atlas_synthetic,simulated,NRSC/ISRO Landslide Atlas (synthetic NER representation — not official data),GODL-India/Research use — synthetic representation only
ISRO-2005-0421,27.423107,88.442574,2005-07-17,2005,Sikkim,North Sikkim,rotational_slide,human_activity,low,seasonal,isro_atlas_synthetic,simulated,NRSC/ISRO Landslide Atlas (synthetic NER representation — not official data),GODL-India/Research use — synthetic representation only
ISRO-2001-0422,24.470521,94.096353,2001-10-01,2001,Manipur,Ukhrul,rockfall,earthquake,low,event,isro_atlas_synthetic,simulated,NRSC/ISRO Landslide Atlas (synthetic NER representation — not official data),GODL-India/Research use — synthetic representation only
ISRO-1998-0423,23.607698,92.677463,1998-06-26,1998,Mizoram,Aizawl,rotational_slide,monsoonal_rain,high,seasonal,isro_atlas_synthetic,simulated,NRSC/ISRO Landslide Atlas (synthetic NER representation — not official data),GODL-India/Research use — synthetic representation only
ISRO-2003-0424,25.592624,91.024489,2003-07-26,2003,Meghalaya,West Khasi Hills,mudflow,rain,low,seasonal,isro_atlas_synthetic,simulated,NRSC/ISRO Landslide Atlas (synthetic NER representation — not official data),GODL-India/Research use — synthetic representation only
ISRO-2022-0425,25.264172,92.820223,2022-04-26,2022,Assam,Cachar,debris_flow,human_activity,low,seasonal,isro_atlas_synthetic,simulated,NRSC/ISRO Landslide Atlas (synthetic NER representation — not official data),GODL-India/Research use — synthetic representation only
ISRO-1999-0426,27.667211,88.411712,1999-10-25,1999,Sikkim,North Sikkim,rotational_slide,earthquake,high,event,isro_atlas_synthetic,simulated,NRSC/ISRO Landslide Atlas (synthetic NER representation — not official data),GODL-India/Research use — synthetic representation only
ISRO-2010-0427,27.300406,88.479423,2010-08-04,2010,Sikkim,North Sikkim,rotational_slide,rain,low,event,isro_atlas_synthetic,simulated,NRSC/ISRO Landslide Atlas (synthetic NER representation — not official data),GODL-India/Research use — synthetic representation only
ISRO-2013-0428,25.143393,93.878651,2013-10-23,2013,Manipur,Chandel,rockfall,human_activity,low,event,isro_atlas_synthetic,simulated,NRSC/ISRO Landslide Atlas (synthetic NER representation — not official data),GODL-India/Research use — synthetic representation only
ISRO-2001-0429,25.414331,91.19318,2001-11-24,2001,Assam,Kamrup,translational_slide,earthquake,high,seasonal,isro_atlas_synthetic,simulated,NRSC/ISRO Landslide Atlas (synthetic NER representation — not official data),GODL-India/Research use — synthetic representation only
ISRO-2022-0430,27.073951,88.087974,2022-07-16,2022,Sikkim,West Sikkim,rotational_slide,rain,low,seasonal,isro_atlas_synthetic,simulated,NRSC/ISRO Landslide Atlas (synthetic NER representation — not official data),GODL-India/Research use — synthetic representation only
ISRO-2004-0431,25.243929,91.170216,2004-10-10,2004,Assam,Kamrup,debris_flow,human_activity,low,seasonal,isro_atlas_synthetic,simulated,NRSC/ISRO Landslide Atlas (synthetic NER representation — not official data),GODL-India/Research use — synthetic representation only
ISRO-2006-0432,25.66082,92.79594,2006-01-16,2006,Assam,Cachar,debris_flow,monsoonal_rain,low,seasonal,isro_atlas_synthetic,simulated,NRSC/ISRO Landslide Atlas (synthetic NER representation — not official data),GODL-India/Research use — synthetic representation only
ISRO-2021-0433,26.301152,93.660221,2021-07-22,2021,Assam,Karbi Anglong,rockfall,rain,high,event,isro_atlas_synthetic,simulated,NRSC/ISRO Landslide Atlas (synthetic NER representation — not official data),GODL-India/Research use — synthetic representation only
ISRO-2016-0434,26.64651,94.059857,2016-07-09,2016,Nagaland,Dimapur,mudflow,rain_and_snowmelt,very_high,event,isro_atlas_synthetic,simulated,NRSC/ISRO Landslide Atlas (synthetic NER representation — not official data),GODL-India/Research use — synthetic representation only
ISRO-2011-0435,26.254751,94.726336,2011-10-12,2011,Nagaland,Mokokchung,debris_flow,monsoonal_rain,very_high,seasonal,isro_atlas_synthetic,simulated,NRSC/ISRO Landslide Atlas (synthetic NER representation — not official data),GODL-India/Research use — synthetic representation only
ISRO-2009-0436,26.20262,94.069162,2009-09-16,2009,Assam,Karbi Anglong,rockfall,human_activity,high,seasonal,isro_atlas_synthetic,simulated,NRSC/ISRO Landslide Atlas (synthetic NER representation — not official data),GODL-India/Research use — synthetic representation only
ISRO-2003-0437,26.299187,94.744134,2003-10-01,2003,Nagaland,Mokokchung,rockfall,rain,medium,route,isro_atlas_synthetic,simulated,NRSC/ISRO Landslide Atlas (synthetic NER representation — not official data),GODL-India/Research use — synthetic representation only
ISRO-2015-0438,25.62915,92.646021,2015-07-24,2015,Assam,Cachar,rockfall,rain,medium,seasonal,isro_atlas_synthetic,simulated,NRSC/ISRO Landslide Atlas (synthetic NER representation — not official data),GODL-India/Research use — synthetic representation only
ISRO-2015-0439,23.533555,91.598279,2015-09-22,2015,Tripura,Gomati,rotational_slide,monsoonal_rain,low,seasonal,isro_atlas_synthetic,simulated,NRSC/ISRO Landslide Atlas (synthetic NER representation — not official data),GODL-India/Research use — synthetic representation only
ISRO-2022-0440,27.235631,93.209455,2022-08-21,2022,Arunachal Pradesh,Papum Pare,debris_flow,earthquake,low,seasonal,isro_atlas_synthetic,simulated,NRSC/ISRO Landslide Atlas (synthetic NER representation — not official data),GODL-India/Research use — synthetic representation only
ISRO-2011-0441,25.68412,90.804828,2011-08-11,2011,Meghalaya,West Khasi Hills,translational_slide,rain,medium,event,isro_atlas_synthetic,simulated,NRSC/ISRO Landslide Atlas (synthetic NER representation — not official data),GODL-India/Research use — synthetic representation only
ISRO-2018-0442,24.792192,94.174361,2018-08-01,2018,Manipur,Senapati,translational_slide,unknown,low,seasonal,isro_atlas_synthetic,simulated,NRSC/ISRO Landslide Atlas (synthetic NER representation — not official data),GODL-India/Research use — synthetic representation only
ISRO-2003-0443,23.446088,92.527222,2003-11-09,2003,Mizoram,Aizawl,rotational_slide,rain,medium,event,isro_atlas_synthetic,simulated,NRSC/ISRO Landslide Atlas (synthetic NER representation — not official data),GODL-India/Research use — synthetic representation only
ISRO-2006-0444,26.985476,92.99004,2006-05-27,2006,Arunachal Pradesh,Papum Pare,rotational_slide,rain,high,seasonal,isro_atlas_synthetic,simulated,NRSC/ISRO Landslide Atlas (synthetic NER representation — not official data),GODL-India/Research use — synthetic representation only
ISRO-2006-0445,26.109613,93.796234,2006-08-22,2006,Assam,Karbi Anglong,rotational_slide,human_activity,very_high,seasonal,isro_atlas_synthetic,simulated,NRSC/ISRO Landslide Atlas (synthetic NER representation — not official data),GODL-India/Research use — synthetic representation only
ISRO-2015-0446,25.501966,91.202253,2015-12-05,2015,Meghalaya,West Khasi Hills,translational_slide,rain,high,event,isro_atlas_synthetic,simulated,NRSC/ISRO Landslide Atlas (synthetic NER representation — not official data),GODL-India/Research use — synthetic representation only
ISRO-2018-0447,25.603387,90.430974,2018-07-04,2018,Meghalaya,South Garo Hills,rockfall,rain,medium,event,isro_atlas_synthetic,simulated,NRSC/ISRO Landslide Atlas (synthetic NER representation — not official data),GODL-India/Research use — synthetic representation only
ISRO-2018-0448,26.878338,93.122641,2018-09-02,2018,Arunachal Pradesh,Papum Pare,translational_slide,rain_and_snowmelt,high,seasonal,isro_atlas_synthetic,simulated,NRSC/ISRO Landslide Atlas (synthetic NER representation — not official data),GODL-India/Research use — synthetic representation only
ISRO-2020-0449,24.650356,93.845223,2020-09-14,2020,Manipur,Ukhrul,rotational_slide,rain,low,event,isro_atlas_synthetic,simulated,NRSC/ISRO Landslide Atlas (synthetic NER representation — not official data),GODL-India/Research use — synthetic representation only
ISRO-2018-0450,26.2934,93.972199,2018-10-27,2018,Assam,Dima Hasao,rockfall,monsoonal_rain,high,event,isro_atlas_synthetic,simulated,NRSC/ISRO Landslide Atlas (synthetic NER representation — not official data),GODL-India/Research use — synthetic representation only
ISRO-2005-0451,23.515012,92.500605,2005-12-06,2005,Mizoram,Champhai,rotational_slide,rain,low,event,isro_atlas_synthetic,simulated,NRSC/ISRO Landslide Atlas (synthetic NER representation — not official data),GODL-India/Research use — synthetic representation only
ISRO-2002-0452,23.262889,92.778024,2002-08-09,2002,Mizoram,Aizawl,mudflow,human_activity,high,seasonal,isro_atlas_synthetic,simulated,NRSC/ISRO Landslide Atlas (synthetic NER representation — not official data),GODL-India/Research use — synthetic representation only
ISRO-2007-0453,24.829869,94.010292,2007-08-27,2007,Manipur,Chandel,translational_slide,rain_and_snowmelt,low,route,isro_atlas_synthetic,simulated,NRSC/ISRO Landslide Atlas (synthetic NER representation — not official data),GODL-India/Research use — synthetic representation only
ISRO-2014-0454,24.530326,94.092581,2014-08-19,2014,Manipur,Ukhrul,rockfall,rain,low,route,isro_atlas_synthetic,simulated,NRSC/ISRO Landslide Atlas (synthetic NER representation — not official data),GODL-India/Research use — synthetic representation only
ISRO-2012-0455,25.457842,91.04451,2012-10-02,2012,Meghalaya,West Khasi Hills,rockfall,rain,low,seasonal,isro_atlas_synthetic,simulated,NRSC/ISRO Landslide Atlas (synthetic NER representation — not official data),GODL-India/Research use — synthetic representation only
ISRO-2004-0456,22.665105,92.957917,2004-03-05,2004,Mizoram,Lunglei,rockfall,rain,high,event,isro_atlas_synthetic,simulated,NRSC/ISRO Landslide Atlas (synthetic NER representation — not official data),GODL-India/Research use — synthetic representation only
ISRO-2004-0457,26.279589,93.798665,2004-07-06,2004,Assam,Karbi Anglong,translational_slide,rain,low,event,isro_atlas_synthetic,simulated,NRSC/ISRO Landslide Atlas (synthetic NER representation — not official data),GODL-India/Research use — synthetic representation only
ISRO-2001-0458,25.458526,91.189733,2001-06-02,2001,Meghalaya,West Khasi Hills,rotational_slide,rain,very_high,seasonal,isro_atlas_synthetic,simulated,NRSC/ISRO Landslide Atlas (synthetic NER representation — not official data),GODL-India/Research use — synthetic representation only
ISRO-2004-0459,24.459905,93.75561,2004-07-04,2004,Manipur,Ukhrul,mudflow,rain,medium,seasonal,isro_atlas_synthetic,simulated,NRSC/ISRO Landslide Atlas (synthetic NER representation — not official data),GODL-India/Research use — synthetic representation only
ISRO-2005-0460,26.422925,94.145337,2005-07-24,2005,Nagaland,Dimapur,rockfall,rain,medium,event,isro_atlas_synthetic,simulated,NRSC/ISRO Landslide Atlas (synthetic NER representation — not official data),GODL-India/Research use — synthetic representation only
ISRO-2016-0461,27.935502,94.662856,2016-06-14,2016,Arunachal Pradesh,Upper Siang,rotational_slide,rain,low,route,isro_atlas_synthetic,simulated,NRSC/ISRO Landslide Atlas (synthetic NER representation — not official data),GODL-India/Research use — synthetic representation only
ISRO-2013-0462,23.340705,92.469455,2013-04-17,2013,Mizoram,Aizawl,rockfall,unknown,medium,event,isro_atlas_synthetic,simulated,NRSC/ISRO Landslide Atlas (synthetic NER representation — not official data),GODL-India/Research use — synthetic representation only
ISRO-2005-0463,25.873692,93.662389,2005-11-12,2005,Assam,Karbi Anglong,rotational_slide,earthquake,low,seasonal,isro_atlas_synthetic,simulated,NRSC/ISRO Landslide Atlas (synthetic NER representation — not official data),GODL-India/Research use — synthetic representation only
ISRO-1999-0464,25.32655,90.915638,1999-07-19,1999,Meghalaya,West Khasi Hills,translational_slide,rain,high,seasonal,isro_atlas_synthetic,simulated,NRSC/ISRO Landslide Atlas (synthetic NER representation — not official data),GODL-India/Research use — synthetic representation only
ISRO-2022-0465,23.927181,91.47609,2022-09-23,2022,Tripura,West Tripura,mudflow,monsoonal_rain,high,event,isro_atlas_synthetic,simulated,NRSC/ISRO Landslide Atlas (synthetic NER representation — not official data),GODL-India/Research use — synthetic representation only
ISRO-2013-0466,26.40747,92.975518,2013-10-12,2013,Arunachal Pradesh,East Kameng,mudflow,monsoonal_rain,high,event,isro_atlas_synthetic,simulated,NRSC/ISRO Landslide Atlas (synthetic NER representation — not official data),GODL-India/Research use — synthetic representation only
ISRO-2015-0467,25.82846,90.518139,2015-08-25,2015,Meghalaya,South Garo Hills,mudflow,rain,medium,route,isro_atlas_synthetic,simulated,NRSC/ISRO Landslide Atlas (synthetic NER representation — not official data),GODL-India/Research use — synthetic representation only
ISRO-2004-0468,26.612368,94.347898,2004-06-12,2004,Assam,Dima Hasao,debris_flow,rain,low,seasonal,isro_atlas_synthetic,simulated,NRSC/ISRO Landslide Atlas (synthetic NER representation — not official data),GODL-India/Research use — synthetic representation only
ISRO-2000-0469,27.70851,91.675086,2000-07-24,2000,Arunachal Pradesh,Tawang,mudflow,rain,low,seasonal,isro_atlas_synthetic,simulated,NRSC/ISRO Landslide Atlas (synthetic NER representation — not official data),GODL-India/Research use — synthetic representation only
ISRO-2009-0470,26.625656,93.982301,2009-06-10,2009,Nagaland,Dimapur,debris_flow,monsoonal_rain,low,event,isro_atlas_synthetic,simulated,NRSC/ISRO Landslide Atlas (synthetic NER representation — not official data),GODL-India/Research use — synthetic representation only
ISRO-2022-0471,26.91346,92.794195,2022-03-07,2022,Arunachal Pradesh,Papum Pare,mudflow,earthquake,high,event,isro_atlas_synthetic,simulated,NRSC/ISRO Landslide Atlas (synthetic NER representation — not official data),GODL-India/Research use — synthetic representation only
ISRO-2014-0472,26.565323,94.419936,2014-09-26,2014,Assam,Dima Hasao,rotational_slide,unknown,high,event,isro_atlas_synthetic,simulated,NRSC/ISRO Landslide Atlas (synthetic NER representation — not official data),GODL-India/Research use — synthetic representation only
ISRO-2015-0473,25.08913,92.229011,2015-04-26,2015,Meghalaya,East Khasi Hills,rockfall,monsoonal_rain,high,event,isro_atlas_synthetic,simulated,NRSC/ISRO Landslide Atlas (synthetic NER representation — not official data),GODL-India/Research use — synthetic representation only
ISRO-2011-0474,25.013929,94.630113,2011-07-04,2011,Manipur,Senapati,debris_flow,rain,medium,event,isro_atlas_synthetic,simulated,NRSC/ISRO Landslide Atlas (synthetic NER representation — not official data),GODL-India/Research use — synthetic representation only
ISRO-1998-0475,27.426761,91.831165,1998-08-18,1998,Arunachal Pradesh,Tawang,translational_slide,rain_and_snowmelt,high,event,isro_atlas_synthetic,simulated,NRSC/ISRO Landslide Atlas (synthetic NER representation — not official data),GODL-India/Research use — synthetic representation only
ISRO-1998-0476,26.853315,92.906194,1998-02-05,1998,Arunachal Pradesh,Papum Pare,rotational_slide,human_activity,low,seasonal,isro_atlas_synthetic,simulated,NRSC/ISRO Landslide Atlas (synthetic NER representation — not official data),GODL-India/Research use — synthetic representation only
ISRO-2021-0477,23.049084,92.833878,2021-08-04,2021,Mizoram,Lunglei,translational_slide,rain_and_snowmelt,low,event,isro_atlas_synthetic,simulated,NRSC/ISRO Landslide Atlas (synthetic NER representation — not official data),GODL-India/Research use — synthetic representation only
ISRO-2008-0478,23.389913,91.692915,2008-09-23,2008,Tripura,Gomati,debris_flow,earthquake,medium,event,isro_atlas_synthetic,simulated,NRSC/ISRO Landslide Atlas (synthetic NER representation — not official data),GODL-India/Research use — synthetic representation only
ISRO-2016-0479,25.722491,90.185371,2016-12-09,2016,Meghalaya,South Garo Hills,translational_slide,rain_and_snowmelt,medium,seasonal,isro_atlas_synthetic,simulated,NRSC/ISRO Landslide Atlas (synthetic NER representation — not official data),GODL-India/Research use — synthetic representation only
ISRO-2008-0480,26.285091,94.595155,2008-09-12,2008,Nagaland,Mokokchung,translational_slide,unknown,low,event,isro_atlas_synthetic,simulated,NRSC/ISRO Landslide Atlas (synthetic NER representation — not official data),GODL-India/Research use — synthetic representation only
ISRO-2015-0481,24.871363,94.476314,2015-12-17,2015,Manipur,Senapati,rockfall,unknown,medium,seasonal,isro_atlas_synthetic,simulated,NRSC/ISRO Landslide Atlas (synthetic NER representation — not official data),GODL-India/Research use — synthetic representation only
ISRO-2003-0482,25.391653,90.962009,2003-07-08,2003,Meghalaya,West Khasi Hills,rotational_slide,human_activity,medium,event,isro_atlas_synthetic,simulated,NRSC/ISRO Landslide Atlas (synthetic NER representation — not official data),GODL-India/Research use — synthetic representation only
ISRO-2018-0483,24.768768,94.503122,2018-07-03,2018,Manipur,Senapati,mudflow,human_activity,low,event,isro_atlas_synthetic,simulated,NRSC/ISRO Landslide Atlas (synthetic NER representation — not official data),GODL-India/Research use — synthetic representation only
ISRO-2021-0484,26.412062,94.231903,2021-08-07,2021,Assam,Dima Hasao,debris_flow,rain,medium,event,isro_atlas_synthetic,simulated,NRSC/ISRO Landslide Atlas (synthetic NER representation — not official data),GODL-India/Research use — synthetic representation only
ISRO-2000-0485,26.20994,93.04952,2000-01-12,2000,Arunachal Pradesh,East Kameng,debris_flow,rain,very_high,event,isro_atlas_synthetic,simulated,NRSC/ISRO Landslide Atlas (synthetic NER representation — not official data),GODL-India/Research use — synthetic representation only
ISRO-2015-0486,25.0073,94.506443,2015-12-13,2015,Manipur,Senapati,rotational_slide,monsoonal_rain,low,route,isro_atlas_synthetic,simulated,NRSC/ISRO Landslide Atlas (synthetic NER representation — not official data),GODL-India/Research use — synthetic representation only
ISRO-2021-0487,27.177386,88.421229,2021-08-18,2021,Sikkim,East Sikkim,mudflow,monsoonal_rain,medium,seasonal,isro_atlas_synthetic,simulated,NRSC/ISRO Landslide Atlas (synthetic NER representation — not official data),GODL-India/Research use — synthetic representation only
ISRO-2005-0488,26.450033,93.816748,2005-05-06,2005,Nagaland,Dimapur,translational_slide,unknown,high,seasonal,isro_atlas_synthetic,simulated,NRSC/ISRO Landslide Atlas (synthetic NER representation — not official data),GODL-India/Research use — synthetic representation only
ISRO-2007-0489,27.384247,95.356453,2007-08-24,2007,Arunachal Pradesh,Lohit,debris_flow,earthquake,high,event,isro_atlas_synthetic,simulated,NRSC/ISRO Landslide Atlas (synthetic NER representation — not official data),GODL-India/Research use — synthetic representation only
ISRO-2019-0490,27.243187,88.547956,2019-08-09,2019,Sikkim,East Sikkim,rockfall,human_activity,medium,event,isro_atlas_synthetic,simulated,NRSC/ISRO Landslide Atlas (synthetic NER representation — not official data),GODL-India/Research use — synthetic representation only
ISRO-2003-0491,25.483421,92.023,2003-06-25,2003,Meghalaya,East Khasi Hills,rockfall,earthquake,medium,route,isro_atlas_synthetic,simulated,NRSC/ISRO Landslide Atlas (synthetic NER representation — not official data),GODL-India/Research use — synthetic representation only
ISRO-2001-0492,27.504969,95.215714,2001-08-16,2001,Arunachal Pradesh,Lohit,translational_slide,rain_and_snowmelt,low,event,isro_atlas_synthetic,simulated,NRSC/ISRO Landslide Atlas (synthetic NER representation — not official data),GODL-India/Research use — synthetic representation only
ISRO-2006-0493,25.074551,94.098849,2006-04-03,2006,Manipur,Chandel,mudflow,rain,low,seasonal,isro_atlas_synthetic,simulated,NRSC/ISRO Landslide Atlas (synthetic NER representation — not official data),GODL-India/Research use — synthetic representation only
ISRO-2002-0494,27.49086,88.45488,2002-10-03,2002,Sikkim,East Sikkim,debris_flow,rain_and_snowmelt,low,route,isro_atlas_synthetic,simulated,NRSC/ISRO Landslide Atlas (synthetic NER representation — not official data),GODL-India/Research use — synthetic representation only
ISRO-2021-0495,23.007458,92.584469,2021-12-17,2021,Mizoram,Lunglei,translational_slide,rain,very_high,event,isro_atlas_synthetic,simulated,NRSC/ISRO Landslide Atlas (synthetic NER representation — not official data),GODL-India/Research use — synthetic representation only
ISRO-2005-0496,25.214864,91.497399,2005-07-08,2005,Assam,Kamrup,rotational_slide,rain_and_snowmelt,low,event,isro_atlas_synthetic,simulated,NRSC/ISRO Landslide Atlas (synthetic NER representation — not official data),GODL-India/Research use — synthetic representation only
ISRO-2008-0497,26.221671,93.026925,2008-08-04,2008,Arunachal Pradesh,East Kameng,rotational_slide,rain,low,event,isro_atlas_synthetic,simulated,NRSC/ISRO Landslide Atlas (synthetic NER representation — not official data),GODL-India/Research use — synthetic representation only
ISRO-1999-0498,27.019699,88.296742,1999-04-18,1999,Sikkim,West Sikkim,debris_flow,earthquake,medium,event,isro_atlas_synthetic,simulated,NRSC/ISRO Landslide Atlas (synthetic NER representation — not official data),GODL-India/Research use — synthetic representation only
ISRO-2007-0499,27.385917,91.660066,2007-12-13,2007,Arunachal Pradesh,Tawang,mudflow,monsoonal_rain,very_high,event,isro_atlas_synthetic,simulated,NRSC/ISRO Landslide Atlas (synthetic NER representation — not official data),GODL-India/Research use — synthetic representation only
ISRO-2000-0500,26.111787,94.368857,2000-04-01,2000,Nagaland,Kohima,translational_slide,rain,medium,event,isro_atlas_synthetic,simulated,NRSC/ISRO Landslide Atlas (synthetic NER representation — not official data),GODL-India/Research use — synthetic representation only
ISRO-2015-0501,22.828558,92.975934,2015-08-07,2015,Mizoram,Lunglei,debris_flow,rain_and_snowmelt,low,event,isro_atlas_synthetic,simulated,NRSC/ISRO Landslide Atlas (synthetic NER representation — not official data),GODL-India/Research use — synthetic representation only
ISRO-2002-0502,24.556112,93.781893,2002-11-05,2002,Manipur,Ukhrul,rotational_slide,earthquake,low,seasonal,isro_atlas_synthetic,simulated,NRSC/ISRO Landslide Atlas (synthetic NER representation — not official data),GODL-India/Research use — synthetic representation only
ISRO-2004-0503,22.876386,92.593869,2004-06-20,2004,Mizoram,Lunglei,rotational_slide,rain,low,route,isro_atlas_synthetic,simulated,NRSC/ISRO Landslide Atlas (synthetic NER representation — not official data),GODL-India/Research use — synthetic representation only
ISRO-2017-0504,26.723446,94.075981,2017-08-18,2017,Nagaland,Dimapur,rockfall,earthquake,very_high,event,isro_atlas_synthetic,simulated,NRSC/ISRO Landslide Atlas (synthetic NER representation — not official data),GODL-India/Research use — synthetic representation only
ISRO-2014-0505,26.32307,94.51201,2014-07-11,2014,Nagaland,Mokokchung,rotational_slide,rain,high,route,isro_atlas_synthetic,simulated,NRSC/ISRO Landslide Atlas (synthetic NER representation — not official data),GODL-India/Research use — synthetic representation only
ISRO-2009-0506,27.32675,88.117641,2009-08-25,2009,Sikkim,West Sikkim,translational_slide,rain,low,event,isro_atlas_synthetic,simulated,NRSC/ISRO Landslide Atlas (synthetic NER representation — not official data),GODL-India/Research use — synthetic representation only
ISRO-2007-0507,25.50876,91.624802,2007-08-19,2007,Assam,Kamrup,translational_slide,rain,medium,route,isro_atlas_synthetic,simulated,NRSC/ISRO Landslide Atlas (synthetic NER representation — not official data),GODL-India/Research use — synthetic representation only
ISRO-2005-0508,26.62671,92.747558,2005-12-22,2005,Arunachal Pradesh,East Kameng,translational_slide,rain,high,seasonal,isro_atlas_synthetic,simulated,NRSC/ISRO Landslide Atlas (synthetic NER representation — not official data),GODL-India/Research use — synthetic representation only
ISRO-2000-0509,26.644571,94.090658,2000-11-19,2000,Assam,Dima Hasao,translational_slide,rain,low,seasonal,isro_atlas_synthetic,simulated,NRSC/ISRO Landslide Atlas (synthetic NER representation — not official data),GODL-India/Research use — synthetic representation only
ISRO-2008-0510,23.237409,92.464536,2008-08-11,2008,Mizoram,Aizawl,debris_flow,rain,medium,event,isro_atlas_synthetic,simulated,NRSC/ISRO Landslide Atlas (synthetic NER representation — not official data),GODL-India/Research use — synthetic representation only
ISRO-2007-0511,26.287101,92.914636,2007-08-09,2007,Arunachal Pradesh,East Kameng,rockfall,earthquake,very_high,seasonal,isro_atlas_synthetic,simulated,NRSC/ISRO Landslide Atlas (synthetic NER representation — not official data),GODL-India/Research use — synthetic representation only
ISRO-1999-0512,26.839067,92.800476,1999-10-21,1999,Arunachal Pradesh,Papum Pare,debris_flow,rain,low,event,isro_atlas_synthetic,simulated,NRSC/ISRO Landslide Atlas (synthetic NER representation — not official data),GODL-India/Research use — synthetic representation only
ISRO-2012-0513,26.560898,94.293377,2012-07-25,2012,Assam,Dima Hasao,rotational_slide,earthquake,medium,event,isro_atlas_synthetic,simulated,NRSC/ISRO Landslide Atlas (synthetic NER representation — not official data),GODL-India/Research use — synthetic representation only
ISRO-2020-0514,25.197742,91.506001,2020-11-20,2020,Assam,Kamrup,rockfall,rain,medium,route,isro_atlas_synthetic,simulated,NRSC/ISRO Landslide Atlas (synthetic NER representation — not official data),GODL-India/Research use — synthetic representation only
ISRO-2017-0515,27.200158,88.433929,2017-08-08,2017,Sikkim,West Sikkim,mudflow,rain,high,event,isro_atlas_synthetic,simulated,NRSC/ISRO Landslide Atlas (synthetic NER representation — not official data),GODL-India/Research use — synthetic representation only
ISRO-2021-0516,26.349106,94.69352,2021-12-11,2021,Nagaland,Kohima,debris_flow,earthquake,low,event,isro_atlas_synthetic,simulated,NRSC/ISRO Landslide Atlas (synthetic NER representation — not official data),GODL-India/Research use — synthetic representation only
ISRO-2017-0517,25.904309,90.41557,2017-07-17,2017,Meghalaya,South Garo Hills,debris_flow,earthquake,medium,event,isro_atlas_synthetic,simulated,NRSC/ISRO Landslide Atlas (synthetic NER representation — not official data),GODL-India/Research use — synthetic representation only
ISRO-2010-0518,27.177985,93.104637,2010-07-22,2010,Arunachal Pradesh,Papum Pare,translational_slide,rain,medium,event,isro_atlas_synthetic,simulated,NRSC/ISRO Landslide Atlas (synthetic NER representation — not official data),GODL-India/Research use — synthetic representation only
ISRO-2009-0519,25.377604,90.76562,2009-07-19,2009,Meghalaya,West Khasi Hills,mudflow,rain,medium,seasonal,isro_atlas_synthetic,simulated,NRSC/ISRO Landslide Atlas (synthetic NER representation — not official data),GODL-India/Research use — synthetic representation only
ISRO-2008-0520,25.386992,91.440436,2008-11-01,2008,Assam,Kamrup,translational_slide,rain_and_snowmelt,low,event,isro_atlas_synthetic,simulated,NRSC/ISRO Landslide Atlas (synthetic NER representation — not official data),GODL-India/Research use — synthetic representation only
ISRO-2011-0521,23.590115,92.680003,2011-08-11,2011,Mizoram,Champhai,translational_slide,rain,low,event,isro_atlas_synthetic,simulated,NRSC/ISRO Landslide Atlas (synthetic NER representation — not official data),GODL-India/Research use — synthetic representation only
ISRO-2011-0522,24.479774,94.131007,2011-12-20,2011,Manipur,Ukhrul,translational_slide,unknown,low,seasonal,isro_atlas_synthetic,simulated,NRSC/ISRO Landslide Atlas (synthetic NER representation — not official data),GODL-India/Research use — synthetic representation only
ISRO-2013-0523,25.642927,91.476994,2013-09-25,2013,Assam,Kamrup,mudflow,human_activity,low,event,isro_atlas_synthetic,simulated,NRSC/ISRO Landslide Atlas (synthetic NER representation — not official data),GODL-India/Research use — synthetic representation only
ISRO-2020-0524,25.453417,91.902067,2020-03-04,2020,Meghalaya,East Khasi Hills,rockfall,rain,medium,seasonal,isro_atlas_synthetic,simulated,NRSC/ISRO Landslide Atlas (synthetic NER representation — not official data),GODL-India/Research use — synthetic representation only
ISRO-2011-0525,23.667943,91.489898,2011-05-15,2011,Tripura,Gomati,translational_slide,rain,high,event,isro_atlas_synthetic,simulated,NRSC/ISRO Landslide Atlas (synthetic NER representation — not official data),GODL-India/Research use — synthetic representation only
ISRO-2003-0526,23.853116,92.302907,2003-09-17,2003,Mizoram,Champhai,rockfall,rain,high,event,isro_atlas_synthetic,simulated,NRSC/ISRO Landslide Atlas (synthetic NER representation — not official data),GODL-India/Research use — synthetic representation only
ISRO-2009-0527,25.351243,91.099635,2009-07-10,2009,Meghalaya,West Khasi Hills,rotational_slide,earthquake,low,event,isro_atlas_synthetic,simulated,NRSC/ISRO Landslide Atlas (synthetic NER representation — not official data),GODL-India/Research use — synthetic representation only
ISRO-2014-0528,27.085584,95.437947,2014-06-19,2014,Arunachal Pradesh,Lohit,translational_slide,rain,low,event,isro_atlas_synthetic,simulated,NRSC/ISRO Landslide Atlas (synthetic NER representation — not official data),GODL-India/Research use — synthetic representation only
ISRO-2003-0529,27.486375,88.651602,2003-08-05,2003,Sikkim,East Sikkim,translational_slide,monsoonal_rain,low,event,isro_atlas_synthetic,simulated,NRSC/ISRO Landslide Atlas (synthetic NER representation — not official data),GODL-India/Research use — synthetic representation only
ISRO-2016-0530,25.436499,91.883581,2016-07-05,2016,Meghalaya,East Khasi Hills,rotational_slide,earthquake,high,seasonal,isro_atlas_synthetic,simulated,NRSC/ISRO Landslide Atlas (synthetic NER representation — not official data),GODL-India/Research use — synthetic representation only
ISRO-2017-0531,23.064061,92.788142,2017-09-14,2017,Mizoram,Lunglei,rotational_slide,rain,low,event,isro_atlas_synthetic,simulated,NRSC/ISRO Landslide Atlas (synthetic NER representation — not official data),GODL-India/Research use — synthetic representation only
ISRO-2002-0532,23.6501,91.520129,2002-06-05,2002,Tripura,Gomati,debris_flow,rain,medium,event,isro_atlas_synthetic,simulated,NRSC/ISRO Landslide Atlas (synthetic NER representation — not official data),GODL-India/Research use — synthetic representation only
ISRO-1998-0533,27.282584,88.828094,1998-12-08,1998,Sikkim,East Sikkim,rotational_slide,rain,high,route,isro_atlas_synthetic,simulated,NRSC/ISRO Landslide Atlas (synthetic NER representation — not official data),GODL-India/Research use — synthetic representation only
ISRO-2015-0534,23.805911,91.261458,2015-10-23,2015,Tripura,West Tripura,rotational_slide,monsoonal_rain,high,event,isro_atlas_synthetic,simulated,NRSC/ISRO Landslide Atlas (synthetic NER representation — not official data),GODL-India/Research use — synthetic representation only
ISRO-2018-0535,27.181239,92.855801,2018-07-02,2018,Arunachal Pradesh,Papum Pare,mudflow,rain,high,seasonal,isro_atlas_synthetic,simulated,NRSC/ISRO Landslide Atlas (synthetic NER representation — not official data),GODL-India/Research use — synthetic representation only
ISRO-1998-0536,23.427682,91.657758,1998-11-04,1998,Tripura,Gomati,mudflow,monsoonal_rain,low,event,isro_atlas_synthetic,simulated,NRSC/ISRO Landslide Atlas (synthetic NER representation — not official data),GODL-India/Research use — synthetic representation only
ISRO-2022-0537,23.452374,92.492172,2022-04-02,2022,Mizoram,Aizawl,rotational_slide,rain,medium,event,isro_atlas_synthetic,simulated,NRSC/ISRO Landslide Atlas (synthetic NER representation — not official data),GODL-India/Research use — synthetic representation only
ISRO-2009-0538,26.544644,94.21652,2009-08-19,2009,Assam,Dima Hasao,debris_flow,monsoonal_rain,high,event,isro_atlas_synthetic,simulated,NRSC/ISRO Landslide Atlas (synthetic NER representation — not official data),GODL-India/Research use — synthetic representation only
ISRO-1998-0539,26.012813,94.526757,1998-12-10,1998,Nagaland,Kohima,debris_flow,earthquake,medium,seasonal,isro_atlas_synthetic,simulated,NRSC/ISRO Landslide Atlas (synthetic NER representation — not official data),GODL-India/Research use — synthetic representation only
ISRO-2004-0540,25.659869,92.451531,2004-12-17,2004,Assam,Cachar,debris_flow,rain,high,event,isro_atlas_synthetic,simulated,NRSC/ISRO Landslide Atlas (synthetic NER representation — not official data),GODL-India/Research use — synthetic representation only
ISRO-2018-0541,23.425416,92.75927,2018-06-02,2018,Mizoram,Aizawl,rockfall,rain,medium,seasonal,isro_atlas_synthetic,simulated,NRSC/ISRO Landslide Atlas (synthetic NER representation — not official data),GODL-India/Research use — synthetic representation only
ISRO-2019-0542,25.010181,94.200884,2019-03-26,2019,Manipur,Senapati,debris_flow,rain,medium,event,isro_atlas_synthetic,simulated,NRSC/ISRO Landslide Atlas (synthetic NER representation — not official data),GODL-India/Research use — synthetic representation only
ISRO-1998-0543,25.262474,92.705635,1998-05-22,1998,Assam,Cachar,translational_slide,earthquake,low,event,isro_atlas_synthetic,simulated,NRSC/ISRO Landslide Atlas (synthetic NER representation — not official data),GODL-India/Research use — synthetic representation only
ISRO-2016-0544,25.724818,91.133017,2016-08-24,2016,Meghalaya,West Khasi Hills,rotational_slide,rain,high,event,isro_atlas_synthetic,simulated,NRSC/ISRO Landslide Atlas (synthetic NER representation — not official data),GODL-India/Research use — synthetic representation only
ISRO-2014-0545,25.975976,94.696241,2014-12-19,2014,Nagaland,Kohima,translational_slide,rain_and_snowmelt,low,seasonal,isro_atlas_synthetic,simulated,NRSC/ISRO Landslide Atlas (synthetic NER representation — not official data),GODL-India/Research use — synthetic representation only
ISRO-2004-0546,26.220924,94.579734,2004-09-27,2004,Nagaland,Kohima,rockfall,rain_and_snowmelt,low,seasonal,isro_atlas_synthetic,simulated,NRSC/ISRO Landslide Atlas (synthetic NER representation — not official data),GODL-India/Research use — synthetic representation only
ISRO-2001-0547,24.965983,93.992003,2001-08-04,2001,Manipur,Chandel,mudflow,earthquake,low,event,isro_atlas_synthetic,simulated,NRSC/ISRO Landslide Atlas (synthetic NER representation — not official data),GODL-India/Research use — synthetic representation only
ISRO-2016-0548,24.847621,94.298143,2016-08-01,2016,Manipur,Chandel,rockfall,rain,low,event,isro_atlas_synthetic,simulated,NRSC/ISRO Landslide Atlas (synthetic NER representation — not official data),GODL-India/Research use — synthetic representation only
ISRO-2019-0549,27.507639,95.101624,2019-09-05,2019,Arunachal Pradesh,Lohit,rotational_slide,rain,medium,seasonal,isro_atlas_synthetic,simulated,NRSC/ISRO Landslide Atlas (synthetic NER representation — not official data),GODL-India/Research use — synthetic representation only
ISRO-2010-0550,25.576698,92.62967,2010-06-12,2010,Assam,Cachar,rockfall,rain,high,seasonal,isro_atlas_synthetic,simulated,NRSC/ISRO Landslide Atlas (synthetic NER representation — not official data),GODL-India/Research use — synthetic representation only
ISRO-2017-0551,23.8233,92.259711,2017-07-08,2017,Mizoram,Champhai,rotational_slide,monsoonal_rain,medium,event,isro_atlas_synthetic,simulated,NRSC/ISRO Landslide Atlas (synthetic NER representation — not official data),GODL-India/Research use — synthetic representation only
ISRO-2019-0552,24.631715,94.33564,2019-09-02,2019,Manipur,Senapati,translational_slide,rain,low,seasonal,isro_atlas_synthetic,simulated,NRSC/ISRO Landslide Atlas (synthetic NER representation — not official data),GODL-India/Research use — synthetic representation only
ISRO-2011-0553,23.556986,91.051118,2011-07-14,2011,Tripura,West Tripura,rotational_slide,human_activity,low,event,isro_atlas_synthetic,simulated,NRSC/ISRO Landslide Atlas (synthetic NER representation — not official data),GODL-India/Research use — synthetic representation only
ISRO-2012-0554,24.739633,94.243373,2012-06-04,2012,Manipur,Senapati,mudflow,rain,low,route,isro_atlas_synthetic,simulated,NRSC/ISRO Landslide Atlas (synthetic NER representation — not official data),GODL-India/Research use — synthetic representation only
ISRO-2018-0555,26.236002,94.737917,2018-10-16,2018,Nagaland,Mokokchung,rockfall,rain,low,event,isro_atlas_synthetic,simulated,NRSC/ISRO Landslide Atlas (synthetic NER representation — not official data),GODL-India/Research use — synthetic representation only
ISRO-1999-0556,24.907344,94.288957,1999-04-25,1999,Manipur,Chandel,translational_slide,rain,medium,event,isro_atlas_synthetic,simulated,NRSC/ISRO Landslide Atlas (synthetic NER representation — not official data),GODL-India/Research use — synthetic representation only
ISRO-2011-0557,25.860129,94.071121,2011-09-27,2011,Assam,Karbi Anglong,rockfall,earthquake,medium,event,isro_atlas_synthetic,simulated,NRSC/ISRO Landslide Atlas (synthetic NER representation — not official data),GODL-India/Research use — synthetic representation only
ISRO-2001-0558,23.742032,92.272471,2001-07-23,2001,Mizoram,Champhai,rockfall,rain,medium,route,isro_atlas_synthetic,simulated,NRSC/ISRO Landslide Atlas (synthetic NER representation — not official data),GODL-India/Research use — synthetic representation only
ISRO-2002-0559,23.525654,92.332766,2002-12-18,2002,Mizoram,Champhai,debris_flow,monsoonal_rain,low,event,isro_atlas_synthetic,simulated,NRSC/ISRO Landslide Atlas (synthetic NER representation — not official data),GODL-India/Research use — synthetic representation only
ISRO-2014-0560,27.370249,91.797827,2014-08-18,2014,Arunachal Pradesh,Tawang,translational_slide,rain,low,route,isro_atlas_synthetic,simulated,NRSC/ISRO Landslide Atlas (synthetic NER representation — not official data),GODL-India/Research use — synthetic representation only
ISRO-2009-0561,25.06796,94.245207,2009-10-07,2009,Manipur,Chandel,rockfall,unknown,low,event,isro_atlas_synthetic,simulated,NRSC/ISRO Landslide Atlas (synthetic NER representation — not official data),GODL-India/Research use — synthetic representation only
ISRO-2005-0562,26.51681,94.012461,2005-12-23,2005,Nagaland,Dimapur,debris_flow,rain,low,event,isro_atlas_synthetic,simulated,NRSC/ISRO Landslide Atlas (synthetic NER representation — not official data),GODL-India/Research use — synthetic representation only
ISRO-2009-0563,23.496955,91.778098,2009-01-21,2009,Tripura,Gomati,translational_slide,human_activity,medium,event,isro_atlas_synthetic,simulated,NRSC/ISRO Landslide Atlas (synthetic NER representation — not official data),GODL-India/Research use — synthetic representation only
ISRO-2001-0564,27.548737,91.755828,2001-09-06,2001,Arunachal Pradesh,Tawang,translational_slide,earthquake,low,seasonal,isro_atlas_synthetic,simulated,NRSC/ISRO Landslide Atlas (synthetic NER representation — not official data),GODL-India/Research use — synthetic representation only
ISRO-2019-0565,27.311007,88.207132,2019-07-09,2019,Sikkim,North Sikkim,translational_slide,unknown,low,event,isro_atlas_synthetic,simulated,NRSC/ISRO Landslide Atlas (synthetic NER representation — not official data),GODL-India/Research use — synthetic representation only
ISRO-2000-0566,26.4569,94.13669,2000-09-23,2000,Nagaland,Dimapur,debris_flow,unknown,medium,seasonal,isro_atlas_synthetic,simulated,NRSC/ISRO Landslide Atlas (synthetic NER representation — not official data),GODL-India/Research use — synthetic representation only
ISRO-2003-0567,27.325379,88.735305,2003-09-09,2003,Sikkim,East Sikkim,rotational_slide,earthquake,medium,event,isro_atlas_synthetic,simulated,NRSC/ISRO Landslide Atlas (synthetic NER representation — not official data),GODL-India/Research use — synthetic representation only
ISRO-2014-0568,27.782844,91.620716,2014-03-10,2014,Arunachal Pradesh,Tawang,rotational_slide,monsoonal_rain,low,event,isro_atlas_synthetic,simulated,NRSC/ISRO Landslide Atlas (synthetic NER representation — not official data),GODL-India/Research use — synthetic representation only
ISRO-2006-0569,26.887439,93.240006,2006-09-07,2006,Arunachal Pradesh,Papum Pare,rockfall,rain,low,seasonal,isro_atlas_synthetic,simulated,NRSC/ISRO Landslide Atlas (synthetic NER representation — not official data),GODL-India/Research use — synthetic representation only
ISRO-1998-0570,25.587874,92.575188,1998-09-21,1998,Assam,Cachar,rockfall,rain,high,seasonal,isro_atlas_synthetic,simulated,NRSC/ISRO Landslide Atlas (synthetic NER representation — not official data),GODL-India/Research use — synthetic representation only
ISRO-2022-0571,22.771313,92.687119,2022-05-22,2022,Mizoram,Lunglei,mudflow,unknown,medium,event,isro_atlas_synthetic,simulated,NRSC/ISRO Landslide Atlas (synthetic NER representation — not official data),GODL-India/Research use — synthetic representation only
ISRO-2011-0572,22.937939,92.701721,2011-05-24,2011,Mizoram,Lunglei,rotational_slide,rain,medium,event,isro_atlas_synthetic,simulated,NRSC/ISRO Landslide Atlas (synthetic NER representation — not official data),GODL-India/Research use — synthetic representation only
ISRO-2018-0573,25.889535,93.894615,2018-09-03,2018,Assam,Karbi Anglong,mudflow,rain,high,route,isro_atlas_synthetic,simulated,NRSC/ISRO Landslide Atlas (synthetic NER representation — not official data),GODL-India/Research use — synthetic representation only
ISRO-2014-0574,23.834531,92.502879,2014-08-25,2014,Mizoram,Champhai,mudflow,rain,high,event,isro_atlas_synthetic,simulated,NRSC/ISRO Landslide Atlas (synthetic NER representation — not official data),GODL-India/Research use — synthetic representation only
ISRO-2016-0575,23.351361,91.45567,2016-07-27,2016,Tripura,Gomati,mudflow,rain,low,event,isro_atlas_synthetic,simulated,NRSC/ISRO Landslide Atlas (synthetic NER representation — not official data),GODL-India/Research use — synthetic representation only
ISRO-2013-0576,25.211507,94.343295,2013-09-18,2013,Manipur,Chandel,mudflow,rain,low,event,isro_atlas_synthetic,simulated,NRSC/ISRO Landslide Atlas (synthetic NER representation — not official data),GODL-India/Research use — synthetic representation only
ISRO-2000-0577,26.436628,94.682069,2000-09-09,2000,Nagaland,Kohima,mudflow,rain,medium,event,isro_atlas_synthetic,simulated,NRSC/ISRO Landslide Atlas (synthetic NER representation — not official data),GODL-India/Research use — synthetic representation only
ISRO-2001-0578,23.424659,92.673298,2001-06-14,2001,Mizoram,Aizawl,translational_slide,human_activity,very_high,route,isro_atlas_synthetic,simulated,NRSC/ISRO Landslide Atlas (synthetic NER representation — not official data),GODL-India/Research use — synthetic representation only
ISRO-2000-0579,25.561425,91.174731,2000-06-09,2000,Meghalaya,West Khasi Hills,rockfall,rain,low,event,isro_atlas_synthetic,simulated,NRSC/ISRO Landslide Atlas (synthetic NER representation — not official data),GODL-India/Research use — synthetic representation only
ISRO-2006-0580,22.785637,92.874256,2006-07-02,2006,Mizoram,Lunglei,debris_flow,rain,medium,event,isro_atlas_synthetic,simulated,NRSC/ISRO Landslide Atlas (synthetic NER representation — not official data),GODL-India/Research use — synthetic representation only
ISRO-2003-0581,25.450463,90.286884,2003-06-02,2003,Meghalaya,South Garo Hills,translational_slide,monsoonal_rain,very_high,event,isro_atlas_synthetic,simulated,NRSC/ISRO Landslide Atlas (synthetic NER representation — not official data),GODL-India/Research use — synthetic representation only
ISRO-2005-0582,26.481852,94.172207,2005-05-22,2005,Nagaland,Dimapur,translational_slide,rain_and_snowmelt,low,route,isro_atlas_synthetic,simulated,NRSC/ISRO Landslide Atlas (synthetic NER representation — not official data),GODL-India/Research use — synthetic representation only
ISRO-2020-0583,24.303683,93.937149,2020-09-05,2020,Manipur,Ukhrul,rotational_slide,rain_and_snowmelt,very_high,event,isro_atlas_synthetic,simulated,NRSC/ISRO Landslide Atlas (synthetic NER representation — not official data),GODL-India/Research use — synthetic representation only
ISRO-2012-0584,24.954258,94.255449,2012-10-10,2012,Manipur,Chandel,translational_slide,rain,low,event,isro_atlas_synthetic,simulated,NRSC/ISRO Landslide Atlas (synthetic NER representation — not official data),GODL-India/Research use — synthetic representation only
ISRO-1998-0585,23.390623,91.680059,1998-05-04,1998,Tripura,Gomati,translational_slide,rain,low,route,isro_atlas_synthetic,simulated,NRSC/ISRO Landslide Atlas (synthetic NER representation — not official data),GODL-India/Research use — synthetic representation only
ISRO-2021-0586,25.973281,94.630036,2021-12-20,2021,Nagaland,Kohima,debris_flow,rain,low,event,isro_atlas_synthetic,simulated,NRSC/ISRO Landslide Atlas (synthetic NER representation — not official data),GODL-India/Research use — synthetic representation only
ISRO-2019-0587,24.614297,93.885812,2019-09-07,2019,Manipur,Ukhrul,rotational_slide,rain,high,seasonal,isro_atlas_synthetic,simulated,NRSC/ISRO Landslide Atlas (synthetic NER representation — not official data),GODL-India/Research use — synthetic representation only
ISRO-2008-0588,24.489247,93.912455,2008-12-21,2008,Manipur,Ukhrul,translational_slide,rain,medium,event,isro_atlas_synthetic,simulated,NRSC/ISRO Landslide Atlas (synthetic NER representation — not official data),GODL-India/Research use — synthetic representation only
ISRO-2001-0589,25.398469,92.493224,2001-05-12,2001,Assam,Cachar,rotational_slide,unknown,low,event,isro_atlas_synthetic,simulated,NRSC/ISRO Landslide Atlas (synthetic NER representation — not official data),GODL-India/Research use — synthetic representation only
ISRO-2013-0590,25.700591,92.733465,2013-07-06,2013,Assam,Cachar,debris_flow,earthquake,medium,event,isro_atlas_synthetic,simulated,NRSC/ISRO Landslide Atlas (synthetic NER representation — not official data),GODL-India/Research use — synthetic representation only
ISRO-2009-0591,24.521533,93.783666,2009-04-17,2009,Manipur,Ukhrul,translational_slide,rain,low,event,isro_atlas_synthetic,simulated,NRSC/ISRO Landslide Atlas (synthetic NER representation — not official data),GODL-India/Research use — synthetic representation only
ISRO-2013-0592,28.055015,94.60823,2013-07-25,2013,Arunachal Pradesh,Upper Siang,mudflow,monsoonal_rain,low,seasonal,isro_atlas_synthetic,simulated,NRSC/ISRO Landslide Atlas (synthetic NER representation — not official data),GODL-India/Research use — synthetic representation only
ISRO-2015-0593,26.274767,93.815602,2015-06-18,2015,Nagaland,Dimapur,rotational_slide,unknown,low,event,isro_atlas_synthetic,simulated,NRSC/ISRO Landslide Atlas (synthetic NER representation — not official data),GODL-India/Research use — synthetic representation only
ISRO-1999-0594,25.468216,90.271589,1999-10-17,1999,Meghalaya,South Garo Hills,mudflow,rain,low,seasonal,isro_atlas_synthetic,simulated,NRSC/ISRO Landslide Atlas (synthetic NER representation — not official data),GODL-India/Research use — synthetic representation only
ISRO-2007-0595,27.591269,92.012062,2007-07-15,2007,Arunachal Pradesh,Tawang,rotational_slide,rain,very_high,route,isro_atlas_synthetic,simulated,NRSC/ISRO Landslide Atlas (synthetic NER representation — not official data),GODL-India/Research use — synthetic representation only
ISRO-2010-0596,25.401878,91.610982,2010-07-14,2010,Assam,Kamrup,rotational_slide,human_activity,low,seasonal,isro_atlas_synthetic,simulated,NRSC/ISRO Landslide Atlas (synthetic NER representation — not official data),GODL-India/Research use — synthetic representation only
ISRO-2003-0597,26.604706,94.072043,2003-01-11,2003,Nagaland,Dimapur,mudflow,rain,medium,event,isro_atlas_synthetic,simulated,NRSC/ISRO Landslide Atlas (synthetic NER representation — not official data),GODL-India/Research use — synthetic representation only
ISRO-2008-0598,25.09096,91.987833,2008-07-18,2008,Meghalaya,East Khasi Hills,mudflow,monsoonal_rain,very_high,seasonal,isro_atlas_synthetic,simulated,NRSC/ISRO Landslide Atlas (synthetic NER representation — not official data),GODL-India/Research use — synthetic representation only
ISRO-2022-0599,24.684009,93.809449,2022-05-21,2022,Manipur,Ukhrul,rotational_slide,rain_and_snowmelt,medium,event,isro_atlas_synthetic,simulated,NRSC/ISRO Landslide Atlas (synthetic NER representation — not official data),GODL-India/Research use — synthetic representation only
ISRO-2004-0600,26.727691,93.907916,2004-06-05,2004,Nagaland,Dimapur,translational_slide,rain,medium,seasonal,isro_atlas_synthetic,simulated,NRSC/ISRO Landslide Atlas (synthetic NER representation — not official data),GODL-India/Research use — synthetic representation only
ISRO-2008-0601,25.554363,90.073032,2008-10-13,2008,Meghalaya,South Garo Hills,debris_flow,rain_and_snowmelt,high,seasonal,isro_atlas_synthetic,simulated,NRSC/ISRO Landslide Atlas (synthetic NER representation — not official data),GODL-India/Research use — synthetic representation only
ISRO-2008-0602,25.039508,94.108753,2008-08-19,2008,Manipur,Chandel,translational_slide,rain_and_snowmelt,very_high,event,isro_atlas_synthetic,simulated,NRSC/ISRO Landslide Atlas (synthetic NER representation — not official data),GODL-India/Research use — synthetic representation only
ISRO-2003-0603,26.500303,94.220286,2003-09-15,2003,Assam,Dima Hasao,rotational_slide,human_activity,low,seasonal,isro_atlas_synthetic,simulated,NRSC/ISRO Landslide Atlas (synthetic NER representation — not official data),GODL-India/Research use — synthetic representation only
ISRO-2008-0604,23.451085,91.439462,2008-09-12,2008,Tripura,Gomati,debris_flow,earthquake,very_high,event,isro_atlas_synthetic,simulated,NRSC/ISRO Landslide Atlas (synthetic NER representation — not official data),GODL-India/Research use — synthetic representation only
ISRO-2015-0605,28.220073,94.616106,2015-04-23,2015,Arunachal Pradesh,Upper Siang,mudflow,rain,low,event,isro_atlas_synthetic,simulated,NRSC/ISRO Landslide Atlas (synthetic NER representation — not official data),GODL-India/Research use — synthetic representation only
ISRO-2019-0606,27.562491,91.687466,2019-07-12,2019,Arunachal Pradesh,Tawang,rotational_slide,rain,low,seasonal,isro_atlas_synthetic,simulated,NRSC/ISRO Landslide Atlas (synthetic NER representation — not official data),GODL-India/Research use — synthetic representation only
ISRO-2001-0607,25.137712,93.950844,2001-10-20,2001,Manipur,Chandel,mudflow,rain,low,route,isro_atlas_synthetic,simulated,NRSC/ISRO Landslide Atlas (synthetic NER representation — not official data),GODL-India/Research use — synthetic representation only
ISRO-2009-0608,25.565118,90.76163,2009-08-08,2009,Meghalaya,West Khasi Hills,rockfall,rain,high,seasonal,isro_atlas_synthetic,simulated,NRSC/ISRO Landslide Atlas (synthetic NER representation — not official data),GODL-India/Research use — synthetic representation only
ISRO-2014-0609,27.307635,88.296688,2014-07-07,2014,Sikkim,North Sikkim,rockfall,rain_and_snowmelt,medium,event,isro_atlas_synthetic,simulated,NRSC/ISRO Landslide Atlas (synthetic NER representation — not official data),GODL-India/Research use — synthetic representation only
ISRO-2015-0610,25.542236,91.009657,2015-06-15,2015,Meghalaya,West Khasi Hills,rockfall,rain,medium,event,isro_atlas_synthetic,simulated,NRSC/ISRO Landslide Atlas (synthetic NER representation — not official data),GODL-India/Research use — synthetic representation only
ISRO-2001-0611,23.448419,92.751332,2001-10-10,2001,Mizoram,Aizawl,mudflow,rain,high,seasonal,isro_atlas_synthetic,simulated,NRSC/ISRO Landslide Atlas (synthetic NER representation — not official data),GODL-India/Research use — synthetic representation only
ISRO-2007-0612,27.549857,88.462512,2007-07-08,2007,Sikkim,East Sikkim,translational_slide,human_activity,low,event,isro_atlas_synthetic,simulated,NRSC/ISRO Landslide Atlas (synthetic NER representation — not official data),GODL-India/Research use — synthetic representation only
ISRO-2003-0613,28.103187,94.894394,2003-08-22,2003,Arunachal Pradesh,Upper Siang,mudflow,rain,low,route,isro_atlas_synthetic,simulated,NRSC/ISRO Landslide Atlas (synthetic NER representation — not official data),GODL-India/Research use — synthetic representation only
ISRO-2015-0614,27.036082,93.189717,2015-09-04,2015,Arunachal Pradesh,Papum Pare,translational_slide,rain,low,event,isro_atlas_synthetic,simulated,NRSC/ISRO Landslide Atlas (synthetic NER representation — not official data),GODL-India/Research use — synthetic representation only
ISRO-2007-0615,28.320587,94.61199,2007-09-23,2007,Arunachal Pradesh,Upper Siang,rotational_slide,monsoonal_rain,medium,event,isro_atlas_synthetic,simulated,NRSC/ISRO Landslide Atlas (synthetic NER representation — not official data),GODL-India/Research use — synthetic representation only
ISRO-2007-0616,23.330474,91.487881,2007-08-24,2007,Tripura,Gomati,mudflow,rain,low,event,isro_atlas_synthetic,simulated,NRSC/ISRO Landslide Atlas (synthetic NER representation — not official data),GODL-India/Research use — synthetic representation only
ISRO-2015-0617,25.293346,91.528858,2015-09-18,2015,Assam,Kamrup,rotational_slide,human_activity,low,event,isro_atlas_synthetic,simulated,NRSC/ISRO Landslide Atlas (synthetic NER representation — not official data),GODL-India/Research use — synthetic representation only
ISRO-2007-0618,26.41218,94.765834,2007-10-06,2007,Nagaland,Mokokchung,rockfall,earthquake,low,route,isro_atlas_synthetic,simulated,NRSC/ISRO Landslide Atlas (synthetic NER representation — not official data),GODL-India/Research use — synthetic representation only
ISRO-2011-0619,23.950336,91.34759,2011-09-22,2011,Tripura,West Tripura,rotational_slide,rain,medium,seasonal,isro_atlas_synthetic,simulated,NRSC/ISRO Landslide Atlas (synthetic NER representation — not official data),GODL-India/Research use — synthetic representation only
ISRO-2003-0620,23.14032,92.663894,2003-10-07,2003,Mizoram,Lunglei,debris_flow,rain,low,seasonal,isro_atlas_synthetic,simulated,NRSC/ISRO Landslide Atlas (synthetic NER representation — not official data),GODL-India/Research use — synthetic representation only
ISRO-2001-0621,26.329536,94.193179,2001-06-07,2001,Assam,Dima Hasao,debris_flow,rain,low,event,isro_atlas_synthetic,simulated,NRSC/ISRO Landslide Atlas (synthetic NER representation — not official data),GODL-India/Research use — synthetic representation only
ISRO-1998-0622,23.460617,92.763328,1998-07-02,1998,Mizoram,Aizawl,mudflow,earthquake,high,event,isro_atlas_synthetic,simulated,NRSC/ISRO Landslide Atlas (synthetic NER representation — not official data),GODL-India/Research use — synthetic representation only
ISRO-2009-0623,27.95414,94.855941,2009-11-25,2009,Arunachal Pradesh,Upper Siang,translational_slide,rain,low,event,isro_atlas_synthetic,simulated,NRSC/ISRO Landslide Atlas (synthetic NER representation — not official data),GODL-India/Research use — synthetic representation only
ISRO-2005-0624,25.416403,92.766553,2005-11-06,2005,Assam,Cachar,rotational_slide,rain,low,route,isro_atlas_synthetic,simulated,NRSC/ISRO Landslide Atlas (synthetic NER representation — not official data),GODL-India/Research use — synthetic representation only
ISRO-2015-0625,25.42768,92.74775,2015-05-07,2015,Assam,Cachar,mudflow,rain,medium,seasonal,isro_atlas_synthetic,simulated,NRSC/ISRO Landslide Atlas (synthetic NER representation — not official data),GODL-India/Research use — synthetic representation only
ISRO-2003-0626,25.481464,91.533431,2003-03-05,2003,Assam,Kamrup,translational_slide,unknown,medium,seasonal,isro_atlas_synthetic,simulated,NRSC/ISRO Landslide Atlas (synthetic NER representation — not official data),GODL-India/Research use — synthetic representation only
ISRO-2015-0627,27.25142,88.467473,2015-06-15,2015,Sikkim,East Sikkim,translational_slide,rain,high,event,isro_atlas_synthetic,simulated,NRSC/ISRO Landslide Atlas (synthetic NER representation — not official data),GODL-India/Research use — synthetic representation only
ISRO-2010-0628,27.493355,88.450425,2010-11-12,2010,Sikkim,North Sikkim,rotational_slide,rain,high,seasonal,isro_atlas_synthetic,simulated,NRSC/ISRO Landslide Atlas (synthetic NER representation — not official data),GODL-India/Research use — synthetic representation only
ISRO-2013-0629,25.454599,91.367442,2013-08-09,2013,Assam,Kamrup,debris_flow,rain,low,route,isro_atlas_synthetic,simulated,NRSC/ISRO Landslide Atlas (synthetic NER representation — not official data),GODL-India/Research use — synthetic representation only
ISRO-1999-0630,28.112398,94.757494,1999-11-06,1999,Arunachal Pradesh,Upper Siang,rotational_slide,rain,low,seasonal,isro_atlas_synthetic,simulated,NRSC/ISRO Landslide Atlas (synthetic NER representation — not official data),GODL-India/Research use — synthetic representation only
ISRO-2004-0631,26.825372,92.908116,2004-06-11,2004,Arunachal Pradesh,Papum Pare,rotational_slide,rain,very_high,route,isro_atlas_synthetic,simulated,NRSC/ISRO Landslide Atlas (synthetic NER representation — not official data),GODL-India/Research use — synthetic representation only
ISRO-2001-0632,23.740122,91.462762,2001-08-12,2001,Tripura,Gomati,rotational_slide,rain,low,event,isro_atlas_synthetic,simulated,NRSC/ISRO Landslide Atlas (synthetic NER representation — not official data),GODL-India/Research use — synthetic representation only
ISRO-2011-0633,28.124817,94.75132,2011-05-02,2011,Arunachal Pradesh,Upper Siang,mudflow,rain,low,event,isro_atlas_synthetic,simulated,NRSC/ISRO Landslide Atlas (synthetic NER representation — not official data),GODL-India/Research use — synthetic representation only
ISRO-2021-0634,26.506477,94.261788,2021-06-10,2021,Assam,Dima Hasao,rockfall,rain,medium,event,isro_atlas_synthetic,simulated,NRSC/ISRO Landslide Atlas (synthetic NER representation — not official data),GODL-India/Research use — synthetic representation only
ISRO-2009-0635,26.502867,94.442157,2009-08-07,2009,Assam,Dima Hasao,debris_flow,rain,low,seasonal,isro_atlas_synthetic,simulated,NRSC/ISRO Landslide Atlas (synthetic NER representation — not official data),GODL-India/Research use — synthetic representation only
ISRO-2002-0636,27.340676,88.558351,2002-12-02,2002,Sikkim,East Sikkim,rotational_slide,unknown,medium,event,isro_atlas_synthetic,simulated,NRSC/ISRO Landslide Atlas (synthetic NER representation — not official data),GODL-India/Research use — synthetic representation only
ISRO-2021-0637,26.395235,93.956115,2021-07-21,2021,Nagaland,Dimapur,debris_flow,monsoonal_rain,medium,seasonal,isro_atlas_synthetic,simulated,NRSC/ISRO Landslide Atlas (synthetic NER representation — not official data),GODL-India/Research use — synthetic representation only
ISRO-2015-0638,27.671731,91.963962,2015-08-24,2015,Arunachal Pradesh,Tawang,translational_slide,rain,low,seasonal,isro_atlas_synthetic,simulated,NRSC/ISRO Landslide Atlas (synthetic NER representation — not official data),GODL-India/Research use — synthetic representation only
ISRO-2018-0639,26.47527,93.832353,2018-08-08,2018,Nagaland,Dimapur,rockfall,rain,high,seasonal,isro_atlas_synthetic,simulated,NRSC/ISRO Landslide Atlas (synthetic NER representation — not official data),GODL-India/Research use — synthetic representation only
ISRO-2016-0640,26.718024,93.808352,2016-08-26,2016,Nagaland,Dimapur,mudflow,rain,high,seasonal,isro_atlas_synthetic,simulated,NRSC/ISRO Landslide Atlas (synthetic NER representation — not official data),GODL-India/Research use — synthetic representation only
ISRO-2013-0641,26.103417,94.465825,2013-08-15,2013,Nagaland,Kohima,translational_slide,rain_and_snowmelt,low,event,isro_atlas_synthetic,simulated,NRSC/ISRO Landslide Atlas (synthetic NER representation — not official data),GODL-India/Research use — synthetic representation only
ISRO-2020-0642,26.53829,94.599823,2020-06-05,2020,Nagaland,Mokokchung,rockfall,rain,medium,seasonal,isro_atlas_synthetic,simulated,NRSC/ISRO Landslide Atlas (synthetic NER representation — not official data),GODL-India/Research use — synthetic representation only
ISRO-1999-0643,25.269943,90.863695,1999-08-23,1999,Meghalaya,West Khasi Hills,rotational_slide,rain,medium,route,isro_atlas_synthetic,simulated,NRSC/ISRO Landslide Atlas (synthetic NER representation — not official data),GODL-India/Research use — synthetic representation only
ISRO-2006-0644,25.667472,92.897952,2006-11-14,2006,Assam,Cachar,debris_flow,human_activity,low,event,isro_atlas_synthetic,simulated,NRSC/ISRO Landslide Atlas (synthetic NER representation — not official data),GODL-India/Research use — synthetic representation only
ISRO-2009-0645,23.358666,91.381382,2009-07-01,2009,Tripura,Gomati,rockfall,rain_and_snowmelt,medium,event,isro_atlas_synthetic,simulated,NRSC/ISRO Landslide Atlas (synthetic NER representation — not official data),GODL-India/Research use — synthetic representation only
ISRO-2022-0646,23.719763,91.412827,2022-08-12,2022,Tripura,Gomati,rotational_slide,rain,high,seasonal,isro_atlas_synthetic,simulated,NRSC/ISRO Landslide Atlas (synthetic NER representation — not official data),GODL-India/Research use — synthetic representation only
ISRO-2001-0647,25.415906,92.808217,2001-10-17,2001,Assam,Cachar,translational_slide,rain,low,event,isro_atlas_synthetic,simulated,NRSC/ISRO Landslide Atlas (synthetic NER representation — not official data),GODL-India/Research use — synthetic representation only
ISRO-2002-0648,25.252141,92.702105,2002-09-15,2002,Assam,Cachar,rotational_slide,rain,medium,seasonal,isro_atlas_synthetic,simulated,NRSC/ISRO Landslide Atlas (synthetic NER representation — not official data),GODL-India/Research use — synthetic representation only
ISRO-1999-0649,25.583085,91.161327,1999-11-15,1999,Assam,Kamrup,translational_slide,human_activity,medium,seasonal,isro_atlas_synthetic,simulated,NRSC/ISRO Landslide Atlas (synthetic NER representation — not official data),GODL-India/Research use — synthetic representation only
ISRO-2001-0650,26.587464,94.190177,2001-07-27,2001,Nagaland,Dimapur,translational_slide,unknown,low,seasonal,isro_atlas_synthetic,simulated,NRSC/ISRO Landslide Atlas (synthetic NER representation — not official data),GODL-India/Research use — synthetic representation only
ISRO-2004-0651,23.336079,91.435115,2004-06-13,2004,Tripura,Gomati,mudflow,rain,low,route,isro_atlas_synthetic,simulated,NRSC/ISRO Landslide Atlas (synthetic NER representation — not official data),GODL-India/Research use — synthetic representation only
ISRO-1999-0652,26.18659,92.775594,1999-12-07,1999,Arunachal Pradesh,East Kameng,rockfall,rain_and_snowmelt,very_high,event,isro_atlas_synthetic,simulated,NRSC/ISRO Landslide Atlas (synthetic NER representation — not official data),GODL-India/Research use — synthetic representation only
ISRO-2007-0653,25.268933,92.596423,2007-04-04,2007,Assam,Cachar,mudflow,rain,medium,event,isro_atlas_synthetic,simulated,NRSC/ISRO Landslide Atlas (synthetic NER representation — not official data),GODL-India/Research use — synthetic representation only
ISRO-2010-0654,24.971141,93.918817,2010-06-01,2010,Manipur,Chandel,mudflow,rain,low,route,isro_atlas_synthetic,simulated,NRSC/ISRO Landslide Atlas (synthetic NER representation — not official data),GODL-India/Research use — synthetic representation only
ISRO-2008-0655,26.452513,94.306241,2008-06-17,2008,Assam,Dima Hasao,translational_slide,rain_and_snowmelt,low,seasonal,isro_atlas_synthetic,simulated,NRSC/ISRO Landslide Atlas (synthetic NER representation — not official data),GODL-India/Research use — synthetic representation only
ISRO-2001-0656,25.996637,93.802971,2001-07-08,2001,Assam,Karbi Anglong,debris_flow,earthquake,medium,event,isro_atlas_synthetic,simulated,NRSC/ISRO Landslide Atlas (synthetic NER representation — not official data),GODL-India/Research use — synthetic representation only
ISRO-2000-0657,25.860935,90.289652,2000-06-02,2000,Meghalaya,South Garo Hills,rotational_slide,unknown,high,route,isro_atlas_synthetic,simulated,NRSC/ISRO Landslide Atlas (synthetic NER representation — not official data),GODL-India/Research use — synthetic representation only
ISRO-2013-0658,23.461453,91.563317,2013-09-06,2013,Tripura,Gomati,rotational_slide,rain,medium,route,isro_atlas_synthetic,simulated,NRSC/ISRO Landslide Atlas (synthetic NER representation — not official data),GODL-India/Research use — synthetic representation only
ISRO-2007-0659,27.074869,88.51394,2007-11-24,2007,Sikkim,East Sikkim,rotational_slide,monsoonal_rain,medium,route,isro_atlas_synthetic,simulated,NRSC/ISRO Landslide Atlas (synthetic NER representation — not official data),GODL-India/Research use — synthetic representation only
ISRO-2018-0660,23.579855,92.640938,2018-08-21,2018,Mizoram,Aizawl,translational_slide,rain,high,seasonal,isro_atlas_synthetic,simulated,NRSC/ISRO Landslide Atlas (synthetic NER representation — not official data),GODL-India/Research use — synthetic representation only
ISRO-2021-0661,26.401332,94.243081,2021-06-11,2021,Nagaland,Dimapur,debris_flow,unknown,low,seasonal,isro_atlas_synthetic,simulated,NRSC/ISRO Landslide Atlas (synthetic NER representation — not official data),GODL-India/Research use — synthetic representation only
ISRO-2005-0662,27.554225,88.316051,2005-10-13,2005,Sikkim,North Sikkim,mudflow,unknown,medium,seasonal,isro_atlas_synthetic,simulated,NRSC/ISRO Landslide Atlas (synthetic NER representation — not official data),GODL-India/Research use — synthetic representation only
ISRO-2022-0663,25.970705,93.781146,2022-08-03,2022,Assam,Karbi Anglong,translational_slide,unknown,medium,event,isro_atlas_synthetic,simulated,NRSC/ISRO Landslide Atlas (synthetic NER representation — not official data),GODL-India/Research use — synthetic representation only
ISRO-1998-0664,26.466115,93.049348,1998-06-08,1998,Arunachal Pradesh,East Kameng,rockfall,rain_and_snowmelt,low,event,isro_atlas_synthetic,simulated,NRSC/ISRO Landslide Atlas (synthetic NER representation — not official data),GODL-India/Research use — synthetic representation only
ISRO-2006-0665,23.569103,91.522514,2006-03-11,2006,Tripura,Gomati,debris_flow,rain_and_snowmelt,very_high,event,isro_atlas_synthetic,simulated,NRSC/ISRO Landslide Atlas (synthetic NER representation — not official data),GODL-India/Research use — synthetic representation only
ISRO-2000-0666,25.367092,92.281912,2000-05-02,2000,Meghalaya,East Khasi Hills,mudflow,human_activity,low,route,isro_atlas_synthetic,simulated,NRSC/ISRO Landslide Atlas (synthetic NER representation — not official data),GODL-India/Research use — synthetic representation only
ISRO-2008-0667,26.221903,94.83292,2008-06-21,2008,Nagaland,Mokokchung,rotational_slide,rain,low,seasonal,isro_atlas_synthetic,simulated,NRSC/ISRO Landslide Atlas (synthetic NER representation — not official data),GODL-India/Research use — synthetic representation only
ISRO-2015-0668,25.482927,91.564714,2015-07-08,2015,Assam,Kamrup,translational_slide,rain,low,seasonal,isro_atlas_synthetic,simulated,NRSC/ISRO Landslide Atlas (synthetic NER representation — not official data),GODL-India/Research use — synthetic representation only
ISRO-2005-0669,27.284708,88.511705,2005-09-21,2005,Sikkim,North Sikkim,rotational_slide,monsoonal_rain,low,seasonal,isro_atlas_synthetic,simulated,NRSC/ISRO Landslide Atlas (synthetic NER representation — not official data),GODL-India/Research use — synthetic representation only
ISRO-2014-0670,25.575472,91.202179,2014-08-26,2014,Meghalaya,West Khasi Hills,translational_slide,rain,medium,route,isro_atlas_synthetic,simulated,NRSC/ISRO Landslide Atlas (synthetic NER representation — not official data),GODL-India/Research use — synthetic representation only
ISRO-2014-0671,24.288633,93.721093,2014-11-25,2014,Manipur,Ukhrul,rockfall,rain_and_snowmelt,very_high,seasonal,isro_atlas_synthetic,simulated,NRSC/ISRO Landslide Atlas (synthetic NER representation — not official data),GODL-India/Research use — synthetic representation only
ISRO-2018-0672,28.007848,94.522669,2018-02-27,2018,Arunachal Pradesh,Upper Siang,debris_flow,human_activity,medium,seasonal,isro_atlas_synthetic,simulated,NRSC/ISRO Landslide Atlas (synthetic NER representation — not official data),GODL-India/Research use — synthetic representation only
ISRO-2004-0673,26.21079,93.7582,2004-06-23,2004,Assam,Karbi Anglong,mudflow,unknown,medium,event,isro_atlas_synthetic,simulated,NRSC/ISRO Landslide Atlas (synthetic NER representation — not official data),GODL-India/Research use — synthetic representation only
ISRO-2003-0674,26.239552,93.692999,2003-07-06,2003,Assam,Karbi Anglong,rockfall,earthquake,very_high,event,isro_atlas_synthetic,simulated,NRSC/ISRO Landslide Atlas (synthetic NER representation — not official data),GODL-India/Research use — synthetic representation only
ISRO-2022-0675,27.281856,88.566867,2022-07-12,2022,Sikkim,East Sikkim,rockfall,human_activity,low,event,isro_atlas_synthetic,simulated,NRSC/ISRO Landslide Atlas (synthetic NER representation — not official data),GODL-India/Research use — synthetic representation only
ISRO-2015-0676,25.350602,90.942104,2015-08-04,2015,Meghalaya,West Khasi Hills,rotational_slide,rain,high,event,isro_atlas_synthetic,simulated,NRSC/ISRO Landslide Atlas (synthetic NER representation — not official data),GODL-India/Research use — synthetic representation only
ISRO-2003-0677,26.659056,93.883824,2003-07-21,2003,Nagaland,Dimapur,translational_slide,unknown,low,event,isro_atlas_synthetic,simulated,NRSC/ISRO Landslide Atlas (synthetic NER representation — not official data),GODL-India/Research use — synthetic representation only
ISRO-1998-0678,25.629971,91.223877,1998-07-10,1998,Assam,Kamrup,translational_slide,unknown,medium,event,isro_atlas_synthetic,simulated,NRSC/ISRO Landslide Atlas (synthetic NER representation — not official data),GODL-India/Research use — synthetic representation only
ISRO-2021-0679,27.272995,88.525324,2021-11-23,2021,Sikkim,West Sikkim,debris_flow,rain,medium,event,isro_atlas_synthetic,simulated,NRSC/ISRO Landslide Atlas (synthetic NER representation — not official data),GODL-India/Research use — synthetic representation only
ISRO-2014-0680,27.263466,88.715836,2014-10-03,2014,Sikkim,East Sikkim,debris_flow,monsoonal_rain,low,event,isro_atlas_synthetic,simulated,NRSC/ISRO Landslide Atlas (synthetic NER representation — not official data),GODL-India/Research use — synthetic representation only
ISRO-2001-0681,28.255938,94.859351,2001-12-20,2001,Arunachal Pradesh,Upper Siang,rockfall,rain,low,event,isro_atlas_synthetic,simulated,NRSC/ISRO Landslide Atlas (synthetic NER representation — not official data),GODL-India/Research use — synthetic representation only
ISRO-2011-0682,26.4728,93.752925,2011-09-16,2011,Nagaland,Dimapur,mudflow,monsoonal_rain,low,seasonal,isro_atlas_synthetic,simulated,NRSC/ISRO Landslide Atlas (synthetic NER representation — not official data),GODL-India/Research use — synthetic representation only
ISRO-2002-0683,26.472974,92.645961,2002-09-02,2002,Arunachal Pradesh,East Kameng,debris_flow,rain,low,seasonal,isro_atlas_synthetic,simulated,NRSC/ISRO Landslide Atlas (synthetic NER representation — not official data),GODL-India/Research use — synthetic representation only
ISRO-1999-0684,26.254885,94.048074,1999-08-04,1999,Assam,Karbi Anglong,rockfall,human_activity,low,event,isro_atlas_synthetic,simulated,NRSC/ISRO Landslide Atlas (synthetic NER representation — not official data),GODL-India/Research use — synthetic representation only
ISRO-2021-0685,23.253865,92.791447,2021-06-04,2021,Mizoram,Aizawl,rotational_slide,earthquake,medium,route,isro_atlas_synthetic,simulated,NRSC/ISRO Landslide Atlas (synthetic NER representation — not official data),GODL-India/Research use — synthetic representation only
ISRO-1998-0686,26.250157,93.925184,1998-11-10,1998,Nagaland,Dimapur,translational_slide,rain,very_high,event,isro_atlas_synthetic,simulated,NRSC/ISRO Landslide Atlas (synthetic NER representation — not official data),GODL-India/Research use — synthetic representation only
ISRO-2008-0687,23.022943,92.706306,2008-06-18,2008,Mizoram,Lunglei,rotational_slide,rain,low,event,isro_atlas_synthetic,simulated,NRSC/ISRO Landslide Atlas (synthetic NER representation — not official data),GODL-India/Research use — synthetic representation only
ISRO-2022-0688,27.10313,88.061764,2022-06-07,2022,Sikkim,West Sikkim,translational_slide,rain,medium,seasonal,isro_atlas_synthetic,simulated,NRSC/ISRO Landslide Atlas (synthetic NER representation — not official data),GODL-India/Research use — synthetic representation only
ISRO-2019-0689,25.331259,91.234246,2019-09-11,2019,Assam,Kamrup,rotational_slide,rain,medium,seasonal,isro_atlas_synthetic,simulated,NRSC/ISRO Landslide Atlas (synthetic NER representation — not official data),GODL-India/Research use — synthetic representation only
ISRO-2009-0690,27.213556,95.00508,2009-06-27,2009,Arunachal Pradesh,Lohit,rotational_slide,rain,low,seasonal,isro_atlas_synthetic,simulated,NRSC/ISRO Landslide Atlas (synthetic NER representation — not official data),GODL-India/Research use — synthetic representation only
ISRO-2009-0691,22.774779,92.764712,2009-06-19,2009,Mizoram,Lunglei,mudflow,rain,very_high,event,isro_atlas_synthetic,simulated,NRSC/ISRO Landslide Atlas (synthetic NER representation — not official data),GODL-India/Research use — synthetic representation only
ISRO-2021-0692,27.15528,92.921569,2021-08-23,2021,Arunachal Pradesh,Papum Pare,rotational_slide,rain,low,seasonal,isro_atlas_synthetic,simulated,NRSC/ISRO Landslide Atlas (synthetic NER representation — not official data),GODL-India/Research use — synthetic representation only
ISRO-2005-0693,25.053339,94.034695,2005-12-01,2005,Manipur,Chandel,debris_flow,earthquake,medium,seasonal,isro_atlas_synthetic,simulated,NRSC/ISRO Landslide Atlas (synthetic NER representation — not official data),GODL-India/Research use — synthetic representation only
ISRO-2011-0694,27.995024,94.935788,2011-09-17,2011,Arunachal Pradesh,Upper Siang,mudflow,rain,medium,event,isro_atlas_synthetic,simulated,NRSC/ISRO Landslide Atlas (synthetic NER representation — not official data),GODL-India/Research use — synthetic representation only
ISRO-2006-0695,25.238049,91.481044,2006-07-24,2006,Assam,Kamrup,rockfall,human_activity,low,event,isro_atlas_synthetic,simulated,NRSC/ISRO Landslide Atlas (synthetic NER representation — not official data),GODL-India/Research use — synthetic representation only
ISRO-2021-0696,25.431923,92.5006,2021-12-05,2021,Assam,Cachar,translational_slide,human_activity,low,event,isro_atlas_synthetic,simulated,NRSC/ISRO Landslide Atlas (synthetic NER representation — not official data),GODL-India/Research use — synthetic representation only
ISRO-2002-0697,26.689619,93.824017,2002-08-01,2002,Nagaland,Dimapur,mudflow,rain,high,event,isro_atlas_synthetic,simulated,NRSC/ISRO Landslide Atlas (synthetic NER representation — not official data),GODL-India/Research use — synthetic representation only
ISRO-2022-0698,27.388369,95.375345,2022-09-21,2022,Arunachal Pradesh,Lohit,rotational_slide,rain,medium,seasonal,isro_atlas_synthetic,simulated,NRSC/ISRO Landslide Atlas (synthetic NER representation — not official data),GODL-India/Research use — synthetic representation only
ISRO-2015-0699,26.725294,94.03433,2015-08-08,2015,Nagaland,Dimapur,rotational_slide,rain_and_snowmelt,medium,seasonal,isro_atlas_synthetic,simulated,NRSC/ISRO Landslide Atlas (synthetic NER representation — not official data),GODL-India/Research use — synthetic representation only
ISRO-2012-0700,25.854718,93.93492,2012-11-18,2012,Assam,Karbi Anglong,debris_flow,earthquake,medium,event,isro_atlas_synthetic,simulated,NRSC/ISRO Landslide Atlas (synthetic NER representation — not official data),GODL-India/Research use — synthetic representation only
ISRO-2011-0701,23.283652,91.798642,2011-08-25,2011,Tripura,Gomati,debris_flow,rain,medium,seasonal,isro_atlas_synthetic,simulated,NRSC/ISRO Landslide Atlas (synthetic NER representation — not official data),GODL-India/Research use — synthetic representation only
ISRO-2008-0702,25.804522,90.073562,2008-06-20,2008,Meghalaya,South Garo Hills,rotational_slide,human_activity,medium,event,isro_atlas_synthetic,simulated,NRSC/ISRO Landslide Atlas (synthetic NER representation — not official data),GODL-India/Research use — synthetic representation only
ISRO-2009-0703,27.167817,93.052796,2009-07-02,2009,Arunachal Pradesh,Papum Pare,rotational_slide,human_activity,low,seasonal,isro_atlas_synthetic,simulated,NRSC/ISRO Landslide Atlas (synthetic NER representation — not official data),GODL-India/Research use — synthetic representation only
ISRO-1998-0704,23.853848,91.417425,1998-03-21,1998,Tripura,West Tripura,rockfall,rain_and_snowmelt,low,event,isro_atlas_synthetic,simulated,NRSC/ISRO Landslide Atlas (synthetic NER representation — not official data),GODL-India/Research use — synthetic representation only
ISRO-2008-0705,23.285565,91.406609,2008-06-19,2008,Tripura,Gomati,rotational_slide,rain,high,seasonal,isro_atlas_synthetic,simulated,NRSC/ISRO Landslide Atlas (synthetic NER representation — not official data),GODL-India/Research use — synthetic representation only
ISRO-2007-0706,26.548486,92.941976,2007-08-11,2007,Arunachal Pradesh,East Kameng,translational_slide,earthquake,low,event,isro_atlas_synthetic,simulated,NRSC/ISRO Landslide Atlas (synthetic NER representation — not official data),GODL-India/Research use — synthetic representation only
ISRO-2008-0707,23.341364,91.791691,2008-08-13,2008,Tripura,Gomati,rockfall,rain,medium,event,isro_atlas_synthetic,simulated,NRSC/ISRO Landslide Atlas (synthetic NER representation — not official data),GODL-India/Research use — synthetic representation only
ISRO-2020-0708,26.349733,94.316631,2020-07-21,2020,Nagaland,Kohima,rockfall,earthquake,low,event,isro_atlas_synthetic,simulated,NRSC/ISRO Landslide Atlas (synthetic NER representation — not official data),GODL-India/Research use — synthetic representation only
ISRO-2003-0709,28.19802,94.578571,2003-09-25,2003,Arunachal Pradesh,Upper Siang,mudflow,human_activity,high,route,isro_atlas_synthetic,simulated,NRSC/ISRO Landslide Atlas (synthetic NER representation — not official data),GODL-India/Research use — synthetic representation only
ISRO-2007-0710,23.72457,92.507945,2007-05-25,2007,Mizoram,Champhai,rockfall,unknown,medium,event,isro_atlas_synthetic,simulated,NRSC/ISRO Landslide Atlas (synthetic NER representation — not official data),GODL-India/Research use — synthetic representation only
ISRO-2019-0711,27.236507,88.436654,2019-07-16,2019,Sikkim,East Sikkim,translational_slide,rain,low,event,isro_atlas_synthetic,simulated,NRSC/ISRO Landslide Atlas (synthetic NER representation — not official data),GODL-India/Research use — synthetic representation only
ISRO-2017-0712,23.69602,91.62282,2017-08-03,2017,Tripura,Gomati,debris_flow,unknown,high,event,isro_atlas_synthetic,simulated,NRSC/ISRO Landslide Atlas (synthetic NER representation — not official data),GODL-India/Research use — synthetic representation only
ISRO-2001-0713,26.600341,92.977044,2001-10-02,2001,Arunachal Pradesh,East Kameng,mudflow,rain,low,seasonal,isro_atlas_synthetic,simulated,NRSC/ISRO Landslide Atlas (synthetic NER representation — not official data),GODL-India/Research use — synthetic representation only
ISRO-2011-0714,23.657274,92.701931,2011-03-23,2011,Mizoram,Champhai,rotational_slide,unknown,medium,seasonal,isro_atlas_synthetic,simulated,NRSC/ISRO Landslide Atlas (synthetic NER representation — not official data),GODL-India/Research use — synthetic representation only
ISRO-2022-0715,25.493024,91.202072,2022-10-06,2022,Assam,Kamrup,debris_flow,rain,very_high,event,isro_atlas_synthetic,simulated,NRSC/ISRO Landslide Atlas (synthetic NER representation — not official data),GODL-India/Research use — synthetic representation only
ISRO-2017-0716,26.282177,93.78428,2017-10-24,2017,Nagaland,Dimapur,translational_slide,human_activity,high,event,isro_atlas_synthetic,simulated,NRSC/ISRO Landslide Atlas (synthetic NER representation — not official data),GODL-India/Research use — synthetic representation only
ISRO-2020-0717,24.399362,93.787755,2020-09-24,2020,Manipur,Ukhrul,translational_slide,rain,high,route,isro_atlas_synthetic,simulated,NRSC/ISRO Landslide Atlas (synthetic NER representation — not official data),GODL-India/Research use — synthetic representation only
ISRO-2013-0718,27.284018,88.50703,2013-09-11,2013,Sikkim,West Sikkim,mudflow,unknown,medium,route,isro_atlas_synthetic,simulated,NRSC/ISRO Landslide Atlas (synthetic NER representation — not official data),GODL-India/Research use — synthetic representation only
ISRO-2015-0719,24.58382,94.24157,2015-12-26,2015,Manipur,Senapati,rockfall,rain,very_high,event,isro_atlas_synthetic,simulated,NRSC/ISRO Landslide Atlas (synthetic NER representation — not official data),GODL-India/Research use — synthetic representation only
ISRO-2016-0720,26.226443,93.692954,2016-05-17,2016,Assam,Karbi Anglong,rotational_slide,rain,medium,event,isro_atlas_synthetic,simulated,NRSC/ISRO Landslide Atlas (synthetic NER representation — not official data),GODL-India/Research use — synthetic representation only
ISRO-2000-0721,23.905446,92.622323,2000-07-26,2000,Mizoram,Champhai,mudflow,rain,medium,seasonal,isro_atlas_synthetic,simulated,NRSC/ISRO Landslide Atlas (synthetic NER representation — not official data),GODL-India/Research use — synthetic representation only
ISRO-2006-0722,23.023137,92.950659,2006-06-24,2006,Mizoram,Lunglei,rockfall,rain,medium,event,isro_atlas_synthetic,simulated,NRSC/ISRO Landslide Atlas (synthetic NER representation — not official data),GODL-India/Research use — synthetic representation only
ISRO-2015-0723,23.724491,92.611964,2015-12-03,2015,Mizoram,Champhai,debris_flow,rain_and_snowmelt,very_high,route,isro_atlas_synthetic,simulated,NRSC/ISRO Landslide Atlas (synthetic NER representation — not official data),GODL-India/Research use — synthetic representation only
ISRO-2004-0724,25.618783,91.189613,2004-10-22,2004,Meghalaya,West Khasi Hills,translational_slide,rain,medium,seasonal,isro_atlas_synthetic,simulated,NRSC/ISRO Landslide Atlas (synthetic NER representation — not official data),GODL-India/Research use — synthetic representation only
ISRO-2001-0725,25.207092,91.535961,2001-08-17,2001,Assam,Kamrup,rotational_slide,human_activity,very_high,event,isro_atlas_synthetic,simulated,NRSC/ISRO Landslide Atlas (synthetic NER representation — not official data),GODL-India/Research use — synthetic representation only
ISRO-2008-0726,27.252622,88.430138,2008-08-16,2008,Sikkim,West Sikkim,mudflow,unknown,high,route,isro_atlas_synthetic,simulated,NRSC/ISRO Landslide Atlas (synthetic NER representation — not official data),GODL-India/Research use — synthetic representation only
ISRO-1999-0727,24.927476,94.40688,1999-09-03,1999,Manipur,Senapati,rotational_slide,earthquake,high,seasonal,isro_atlas_synthetic,simulated,NRSC/ISRO Landslide Atlas (synthetic NER representation — not official data),GODL-India/Research use — synthetic representation only
ISRO-2005-0728,25.350954,92.625367,2005-09-12,2005,Assam,Cachar,rotational_slide,unknown,high,event,isro_atlas_synthetic,simulated,NRSC/ISRO Landslide Atlas (synthetic NER representation — not official data),GODL-India/Research use — synthetic representation only
ISRO-2007-0729,24.829207,94.193362,2007-08-07,2007,Manipur,Chandel,rockfall,human_activity,high,event,isro_atlas_synthetic,simulated,NRSC/ISRO Landslide Atlas (synthetic NER representation — not official data),GODL-India/Research use — synthetic representation only
ISRO-2006-0730,27.376682,88.624734,2006-10-03,2006,Sikkim,East Sikkim,mudflow,rain_and_snowmelt,medium,event,isro_atlas_synthetic,simulated,NRSC/ISRO Landslide Atlas (synthetic NER representation — not official data),GODL-India/Research use — synthetic representation only
ISRO-2007-0731,26.016412,93.785368,2007-07-16,2007,Assam,Karbi Anglong,translational_slide,monsoonal_rain,high,event,isro_atlas_synthetic,simulated,NRSC/ISRO Landslide Atlas (synthetic NER representation — not official data),GODL-India/Research use — synthetic representation only
ISRO-2000-0732,26.342669,94.747431,2000-02-24,2000,Nagaland,Kohima,rotational_slide,rain,low,route,isro_atlas_synthetic,simulated,NRSC/ISRO Landslide Atlas (synthetic NER representation — not official data),GODL-India/Research use — synthetic representation only
ISRO-2012-0733,27.306859,88.627225,2012-08-07,2012,Sikkim,East Sikkim,rockfall,human_activity,low,seasonal,isro_atlas_synthetic,simulated,NRSC/ISRO Landslide Atlas (synthetic NER representation — not official data),GODL-India/Research use — synthetic representation only
ISRO-2014-0734,23.416059,91.763131,2014-05-20,2014,Tripura,Gomati,translational_slide,human_activity,low,event,isro_atlas_synthetic,simulated,NRSC/ISRO Landslide Atlas (synthetic NER representation — not official data),GODL-India/Research use — synthetic representation only
ISRO-2000-0735,25.527484,90.132809,2000-08-13,2000,Meghalaya,South Garo Hills,debris_flow,unknown,low,event,isro_atlas_synthetic,simulated,NRSC/ISRO Landslide Atlas (synthetic NER representation — not official data),GODL-India/Research use — synthetic representation only
ISRO-2005-0736,26.361749,94.342603,2005-08-26,2005,Assam,Dima Hasao,rockfall,rain,low,event,isro_atlas_synthetic,simulated,NRSC/ISRO Landslide Atlas (synthetic NER representation — not official data),GODL-India/Research use — synthetic representation only
ISRO-2019-0737,26.292427,94.233238,2019-08-16,2019,Nagaland,Dimapur,rotational_slide,rain,high,seasonal,isro_atlas_synthetic,simulated,NRSC/ISRO Landslide Atlas (synthetic NER representation — not official data),GODL-India/Research use — synthetic representation only
ISRO-2000-0738,26.270389,93.914588,2000-10-02,2000,Assam,Karbi Anglong,translational_slide,rain,low,seasonal,isro_atlas_synthetic,simulated,NRSC/ISRO Landslide Atlas (synthetic NER representation — not official data),GODL-India/Research use — synthetic representation only
ISRO-2009-0739,27.490694,88.667715,2009-07-17,2009,Sikkim,East Sikkim,translational_slide,monsoonal_rain,low,event,isro_atlas_synthetic,simulated,NRSC/ISRO Landslide Atlas (synthetic NER representation — not official data),GODL-India/Research use — synthetic representation only
ISRO-2011-0740,25.586284,90.18207,2011-10-17,2011,Meghalaya,South Garo Hills,translational_slide,rain,high,event,isro_atlas_synthetic,simulated,NRSC/ISRO Landslide Atlas (synthetic NER representation — not official data),GODL-India/Research use — synthetic representation only
ISRO-2009-0741,25.254667,91.123429,2009-08-09,2009,Meghalaya,West Khasi Hills,rotational_slide,rain,low,route,isro_atlas_synthetic,simulated,NRSC/ISRO Landslide Atlas (synthetic NER representation — not official data),GODL-India/Research use — synthetic representation only
ISRO-2019-0742,22.672968,93.046229,2019-07-07,2019,Mizoram,Lunglei,debris_flow,rain,low,seasonal,isro_atlas_synthetic,simulated,NRSC/ISRO Landslide Atlas (synthetic NER representation — not official data),GODL-India/Research use — synthetic representation only
ISRO-2003-0743,27.546886,91.877803,2003-09-23,2003,Arunachal Pradesh,Tawang,translational_slide,rain,medium,route,isro_atlas_synthetic,simulated,NRSC/ISRO Landslide Atlas (synthetic NER representation — not official data),GODL-India/Research use — synthetic representation only
ISRO-1998-0744,27.082096,88.078529,1998-07-19,1998,Sikkim,West Sikkim,mudflow,rain,medium,event,isro_atlas_synthetic,simulated,NRSC/ISRO Landslide Atlas (synthetic NER representation — not official data),GODL-India/Research use — synthetic representation only
ISRO-2009-0745,25.27279,90.965113,2009-08-18,2009,Meghalaya,West Khasi Hills,rotational_slide,human_activity,low,event,isro_atlas_synthetic,simulated,NRSC/ISRO Landslide Atlas (synthetic NER representation — not official data),GODL-India/Research use — synthetic representation only
ISRO-1998-0746,27.327798,88.39878,1998-09-09,1998,Sikkim,North Sikkim,debris_flow,unknown,low,event,isro_atlas_synthetic,simulated,NRSC/ISRO Landslide Atlas (synthetic NER representation — not official data),GODL-India/Research use — synthetic representation only
ISRO-2013-0747,24.949608,94.342778,2013-08-02,2013,Manipur,Senapati,debris_flow,monsoonal_rain,very_high,event,isro_atlas_synthetic,simulated,NRSC/ISRO Landslide Atlas (synthetic NER representation — not official data),GODL-India/Research use — synthetic representation only
ISRO-2016-0748,23.622476,92.330136,2016-08-18,2016,Mizoram,Champhai,rockfall,rain,medium,event,isro_atlas_synthetic,simulated,NRSC/ISRO Landslide Atlas (synthetic NER representation — not official data),GODL-India/Research use — synthetic representation only
ISRO-2014-0749,22.833096,92.571362,2014-12-11,2014,Mizoram,Lunglei,translational_slide,rain,medium,seasonal,isro_atlas_synthetic,simulated,NRSC/ISRO Landslide Atlas (synthetic NER representation — not official data),GODL-India/Research use — synthetic representation only
ISRO-2022-0750,23.903973,92.53598,2022-08-11,2022,Mizoram,Champhai,debris_flow,rain,high,route,isro_atlas_synthetic,simulated,NRSC/ISRO Landslide Atlas (synthetic NER representation — not official data),GODL-India/Research use — synthetic representation only
ISRO-2009-0751,25.309429,91.034587,2009-03-05,2009,Meghalaya,West Khasi Hills,translational_slide,human_activity,medium,route,isro_atlas_synthetic,simulated,NRSC/ISRO Landslide Atlas (synthetic NER representation — not official data),GODL-India/Research use — synthetic representation only
ISRO-2017-0752,24.97862,94.530034,2017-01-19,2017,Manipur,Senapati,rotational_slide,rain,medium,event,isro_atlas_synthetic,simulated,NRSC/ISRO Landslide Atlas (synthetic NER representation — not official data),GODL-India/Research use — synthetic representation only
ISRO-2001-0753,23.661646,91.721925,2001-12-26,2001,Tripura,Gomati,translational_slide,rain,high,route,isro_atlas_synthetic,simulated,NRSC/ISRO Landslide Atlas (synthetic NER representation — not official data),GODL-India/Research use — synthetic representation only
ISRO-2018-0754,27.185543,92.825843,2018-11-04,2018,Arunachal Pradesh,Papum Pare,rotational_slide,rain,low,event,isro_atlas_synthetic,simulated,NRSC/ISRO Landslide Atlas (synthetic NER representation — not official data),GODL-India/Research use — synthetic representation only
ISRO-2001-0755,25.260317,92.947045,2001-11-24,2001,Assam,Cachar,translational_slide,rain,low,event,isro_atlas_synthetic,simulated,NRSC/ISRO Landslide Atlas (synthetic NER representation — not official data),GODL-India/Research use — synthetic representation only
ISRO-2009-0756,24.2528,94.039627,2009-08-27,2009,Manipur,Ukhrul,mudflow,rain,medium,event,isro_atlas_synthetic,simulated,NRSC/ISRO Landslide Atlas (synthetic NER representation — not official data),GODL-India/Research use — synthetic representation only
ISRO-2004-0757,25.401066,91.365924,2004-10-15,2004,Assam,Kamrup,rockfall,rain,low,event,isro_atlas_synthetic,simulated,NRSC/ISRO Landslide Atlas (synthetic NER representation — not official data),GODL-India/Research use — synthetic representation only
ISRO-2001-0758,23.835241,91.454092,2001-08-24,2001,Tripura,West Tripura,rockfall,rain,medium,event,isro_atlas_synthetic,simulated,NRSC/ISRO Landslide Atlas (synthetic NER representation — not official data),GODL-India/Research use — synthetic representation only
ISRO-2006-0759,27.485013,88.59336,2006-06-07,2006,Sikkim,East Sikkim,rockfall,monsoonal_rain,low,event,isro_atlas_synthetic,simulated,NRSC/ISRO Landslide Atlas (synthetic NER representation — not official data),GODL-India/Research use — synthetic representation only
ISRO-1998-0760,24.841494,94.255437,1998-08-15,1998,Manipur,Chandel,mudflow,rain,medium,route,isro_atlas_synthetic,simulated,NRSC/ISRO Landslide Atlas (synthetic NER representation — not official data),GODL-India/Research use — synthetic representation only
ISRO-2002-0761,27.86653,94.736352,2002-04-03,2002,Arunachal Pradesh,Upper Siang,rotational_slide,rain_and_snowmelt,high,event,isro_atlas_synthetic,simulated,NRSC/ISRO Landslide Atlas (synthetic NER representation — not official data),GODL-India/Research use — synthetic representation only
ISRO-2006-0762,27.61462,88.183177,2006-08-04,2006,Sikkim,North Sikkim,debris_flow,monsoonal_rain,medium,event,isro_atlas_synthetic,simulated,NRSC/ISRO Landslide Atlas (synthetic NER representation — not official data),GODL-India/Research use — synthetic representation only
ISRO-1999-0763,25.018769,94.169173,1999-08-04,1999,Manipur,Chandel,rotational_slide,rain,low,route,isro_atlas_synthetic,simulated,NRSC/ISRO Landslide Atlas (synthetic NER representation — not official data),GODL-India/Research use — synthetic representation only
ISRO-2008-0764,26.433372,94.739887,2008-07-04,2008,Nagaland,Kohima,translational_slide,rain,medium,event,isro_atlas_synthetic,simulated,NRSC/ISRO Landslide Atlas (synthetic NER representation — not official data),GODL-India/Research use — synthetic representation only
ISRO-2004-0765,25.526025,92.055793,2004-07-21,2004,Meghalaya,East Khasi Hills,rotational_slide,rain,low,event,isro_atlas_synthetic,simulated,NRSC/ISRO Landslide Atlas (synthetic NER representation — not official data),GODL-India/Research use — synthetic representation only
ISRO-1999-0766,26.432192,94.293449,1999-03-10,1999,Assam,Dima Hasao,rotational_slide,rain,low,event,isro_atlas_synthetic,simulated,NRSC/ISRO Landslide Atlas (synthetic NER representation — not official data),GODL-India/Research use — synthetic representation only
ISRO-2011-0767,23.608323,91.193748,2011-09-18,2011,Tripura,West Tripura,rockfall,rain,low,event,isro_atlas_synthetic,simulated,NRSC/ISRO Landslide Atlas (synthetic NER representation — not official data),GODL-India/Research use — synthetic representation only
ISRO-2021-0768,25.94526,93.74159,2021-06-13,2021,Assam,Karbi Anglong,translational_slide,rain,low,seasonal,isro_atlas_synthetic,simulated,NRSC/ISRO Landslide Atlas (synthetic NER representation — not official data),GODL-India/Research use — synthetic representation only
ISRO-2013-0769,25.575081,92.83665,2013-11-09,2013,Assam,Cachar,translational_slide,rain,high,seasonal,isro_atlas_synthetic,simulated,NRSC/ISRO Landslide Atlas (synthetic NER representation — not official data),GODL-India/Research use — synthetic representation only
ISRO-2006-0770,26.391516,94.161259,2006-07-03,2006,Assam,Dima Hasao,rockfall,rain,low,route,isro_atlas_synthetic,simulated,NRSC/ISRO Landslide Atlas (synthetic NER representation — not official data),GODL-India/Research use — synthetic representation only
ISRO-2015-0771,27.030923,92.920551,2015-11-16,2015,Arunachal Pradesh,Papum Pare,translational_slide,human_activity,medium,event,isro_atlas_synthetic,simulated,NRSC/ISRO Landslide Atlas (synthetic NER representation — not official data),GODL-India/Research use — synthetic representation only
ISRO-2006-0772,23.599274,91.84049,2006-07-12,2006,Tripura,Gomati,translational_slide,rain_and_snowmelt,medium,route,isro_atlas_synthetic,simulated,NRSC/ISRO Landslide Atlas (synthetic NER representation — not official data),GODL-India/Research use — synthetic representation only
ISRO-2015-0773,25.429592,90.935751,2015-02-12,2015,Meghalaya,West Khasi Hills,rockfall,rain,medium,seasonal,isro_atlas_synthetic,simulated,NRSC/ISRO Landslide Atlas (synthetic NER representation — not official data),GODL-India/Research use — synthetic representation only
ISRO-2002-0774,23.814017,92.609729,2002-08-08,2002,Mizoram,Champhai,debris_flow,rain,medium,event,isro_atlas_synthetic,simulated,NRSC/ISRO Landslide Atlas (synthetic NER representation — not official data),GODL-India/Research use — synthetic representation only
ISRO-2002-0775,27.492985,88.172073,2002-09-12,2002,Sikkim,North Sikkim,mudflow,rain_and_snowmelt,low,route,isro_atlas_synthetic,simulated,NRSC/ISRO Landslide Atlas (synthetic NER representation — not official data),GODL-India/Research use — synthetic representation only
ISRO-2010-0776,28.099162,94.729397,2010-05-06,2010,Arunachal Pradesh,Upper Siang,rockfall,rain,medium,event,isro_atlas_synthetic,simulated,NRSC/ISRO Landslide Atlas (synthetic NER representation — not official data),GODL-India/Research use — synthetic representation only
ISRO-1998-0777,23.973025,91.066164,1998-07-21,1998,Tripura,West Tripura,mudflow,rain,medium,event,isro_atlas_synthetic,simulated,NRSC/ISRO Landslide Atlas (synthetic NER representation — not official data),GODL-India/Research use — synthetic representation only
ISRO-2011-0778,23.797809,92.347747,2011-07-12,2011,Mizoram,Champhai,rockfall,earthquake,low,event,isro_atlas_synthetic,simulated,NRSC/ISRO Landslide Atlas (synthetic NER representation — not official data),GODL-India/Research use — synthetic representation only
ISRO-2010-0779,25.506716,90.292771,2010-07-09,2010,Meghalaya,South Garo Hills,rotational_slide,monsoonal_rain,medium,event,isro_atlas_synthetic,simulated,NRSC/ISRO Landslide Atlas (synthetic NER representation — not official data),GODL-India/Research use — synthetic representation only
ISRO-2018-0780,23.362826,91.526041,2018-07-03,2018,Tripura,Gomati,debris_flow,rain,medium,seasonal,isro_atlas_synthetic,simulated,NRSC/ISRO Landslide Atlas (synthetic NER representation — not official data),GODL-India/Research use — synthetic representation only
ISRO-2014-0781,23.338634,91.368603,2014-05-22,2014,Tripura,Gomati,rockfall,monsoonal_rain,low,route,isro_atlas_synthetic,simulated,NRSC/ISRO Landslide Atlas (synthetic NER representation — not official data),GODL-India/Research use — synthetic representation only
ISRO-2013-0782,24.739319,94.56662,2013-07-06,2013,Manipur,Senapati,rockfall,monsoonal_rain,medium,route,isro_atlas_synthetic,simulated,NRSC/ISRO Landslide Atlas (synthetic NER representation — not official data),GODL-India/Research use — synthetic representation only
ISRO-2014-0783,23.30537,91.591096,2014-11-07,2014,Tripura,Gomati,translational_slide,rain,low,seasonal,isro_atlas_synthetic,simulated,NRSC/ISRO Landslide Atlas (synthetic NER representation — not official data),GODL-India/Research use — synthetic representation only
ISRO-2009-0784,26.369182,94.287315,2009-02-22,2009,Nagaland,Kohima,mudflow,rain_and_snowmelt,low,event,isro_atlas_synthetic,simulated,NRSC/ISRO Landslide Atlas (synthetic NER representation — not official data),GODL-India/Research use — synthetic representation only
ISRO-2012-0785,22.662908,92.567695,2012-06-20,2012,Mizoram,Lunglei,debris_flow,unknown,medium,event,isro_atlas_synthetic,simulated,NRSC/ISRO Landslide Atlas (synthetic NER representation — not official data),GODL-India/Research use — synthetic representation only
ISRO-2017-0786,24.384211,93.844773,2017-10-03,2017,Manipur,Ukhrul,translational_slide,earthquake,medium,route,isro_atlas_synthetic,simulated,NRSC/ISRO Landslide Atlas (synthetic NER representation — not official data),GODL-India/Research use — synthetic representation only
ISRO-2006-0787,25.69539,92.809844,2006-11-26,2006,Assam,Cachar,translational_slide,rain,very_high,seasonal,isro_atlas_synthetic,simulated,NRSC/ISRO Landslide Atlas (synthetic NER representation — not official data),GODL-India/Research use — synthetic representation only
ISRO-2018-0788,25.472187,91.28943,2018-06-27,2018,Assam,Kamrup,mudflow,earthquake,medium,event,isro_atlas_synthetic,simulated,NRSC/ISRO Landslide Atlas (synthetic NER representation — not official data),GODL-India/Research use — synthetic representation only
ISRO-2016-0789,25.194434,91.496549,2016-07-23,2016,Assam,Kamrup,mudflow,rain,high,route,isro_atlas_synthetic,simulated,NRSC/ISRO Landslide Atlas (synthetic NER representation — not official data),GODL-India/Research use — synthetic representation only
ISRO-2021-0790,27.926347,94.79593,2021-08-14,2021,Arunachal Pradesh,Upper Siang,mudflow,rain_and_snowmelt,high,seasonal,isro_atlas_synthetic,simulated,NRSC/ISRO Landslide Atlas (synthetic NER representation — not official data),GODL-India/Research use — synthetic representation only
ISRO-2003-0791,23.439253,91.78262,2003-08-03,2003,Tripura,Gomati,mudflow,rain,low,seasonal,isro_atlas_synthetic,simulated,NRSC/ISRO Landslide Atlas (synthetic NER representation — not official data),GODL-India/Research use — synthetic representation only
ISRO-2008-0792,25.374912,92.668422,2008-08-26,2008,Assam,Cachar,mudflow,unknown,medium,event,isro_atlas_synthetic,simulated,NRSC/ISRO Landslide Atlas (synthetic NER representation — not official data),GODL-India/Research use — synthetic representation only
ISRO-2008-0793,25.418474,92.52546,2008-10-20,2008,Assam,Cachar,debris_flow,rain,very_high,event,isro_atlas_synthetic,simulated,NRSC/ISRO Landslide Atlas (synthetic NER representation — not official data),GODL-India/Research use — synthetic representation only
ISRO-2005-0794,24.568962,94.127352,2005-08-20,2005,Manipur,Ukhrul,mudflow,unknown,medium,route,isro_atlas_synthetic,simulated,NRSC/ISRO Landslide Atlas (synthetic NER representation — not official data),GODL-India/Research use — synthetic representation only
ISRO-2017-0795,27.266595,95.086803,2017-07-14,2017,Arunachal Pradesh,Lohit,debris_flow,earthquake,very_high,event,isro_atlas_synthetic,simulated,NRSC/ISRO Landslide Atlas (synthetic NER representation — not official data),GODL-India/Research use — synthetic representation only
ISRO-2006-0796,25.769703,90.310026,2006-10-04,2006,Meghalaya,South Garo Hills,translational_slide,rain_and_snowmelt,medium,event,isro_atlas_synthetic,simulated,NRSC/ISRO Landslide Atlas (synthetic NER representation — not official data),GODL-India/Research use — synthetic representation only
ISRO-2011-0797,24.901028,94.590583,2011-12-02,2011,Manipur,Senapati,mudflow,rain,high,event,isro_atlas_synthetic,simulated,NRSC/ISRO Landslide Atlas (synthetic NER representation — not official data),GODL-India/Research use — synthetic representation only
ISRO-2005-0798,24.987863,94.295695,2005-09-13,2005,Manipur,Senapati,rockfall,human_activity,high,seasonal,isro_atlas_synthetic,simulated,NRSC/ISRO Landslide Atlas (synthetic NER representation — not official data),GODL-India/Research use — synthetic representation only
ISRO-2002-0799,23.588704,92.58786,2002-12-04,2002,Mizoram,Aizawl,rotational_slide,rain,low,seasonal,isro_atlas_synthetic,simulated,NRSC/ISRO Landslide Atlas (synthetic NER representation — not official data),GODL-India/Research use — synthetic representation only
ISRO-2005-0800,23.316675,91.650561,2005-10-21,2005,Tripura,Gomati,debris_flow,earthquake,low,route,isro_atlas_synthetic,simulated,NRSC/ISRO Landslide Atlas (synthetic NER representation — not official data),GODL-India/Research use — synthetic representation only
ISRO-2002-0801,27.353841,88.151206,2002-06-15,2002,Sikkim,North Sikkim,translational_slide,monsoonal_rain,high,event,isro_atlas_synthetic,simulated,NRSC/ISRO Landslide Atlas (synthetic NER representation — not official data),GODL-India/Research use — synthetic representation only
ISRO-2014-0802,24.855917,93.859003,2014-07-21,2014,Manipur,Chandel,rotational_slide,earthquake,very_high,event,isro_atlas_synthetic,simulated,NRSC/ISRO Landslide Atlas (synthetic NER representation — not official data),GODL-India/Research use — synthetic representation only
ISRO-2009-0803,27.151446,95.389015,2009-07-19,2009,Arunachal Pradesh,Lohit,translational_slide,human_activity,medium,seasonal,isro_atlas_synthetic,simulated,NRSC/ISRO Landslide Atlas (synthetic NER representation — not official data),GODL-India/Research use — synthetic representation only
ISRO-2000-0804,25.261259,92.507226,2000-07-11,2000,Assam,Cachar,mudflow,rain_and_snowmelt,low,event,isro_atlas_synthetic,simulated,NRSC/ISRO Landslide Atlas (synthetic NER representation — not official data),GODL-India/Research use — synthetic representation only
ISRO-2000-0805,25.60833,91.449573,2000-08-11,2000,Assam,Kamrup,mudflow,rain,low,seasonal,isro_atlas_synthetic,simulated,NRSC/ISRO Landslide Atlas (synthetic NER representation — not official data),GODL-India/Research use — synthetic representation only
ISRO-2010-0806,26.705443,94.16899,2010-06-22,2010,Nagaland,Dimapur,rockfall,human_activity,low,event,isro_atlas_synthetic,simulated,NRSC/ISRO Landslide Atlas (synthetic NER representation — not official data),GODL-India/Research use — synthetic representation only
ISRO-2015-0807,27.730314,91.697657,2015-08-08,2015,Arunachal Pradesh,Tawang,rockfall,human_activity,low,seasonal,isro_atlas_synthetic,simulated,NRSC/ISRO Landslide Atlas (synthetic NER representation — not official data),GODL-India/Research use — synthetic representation only
ISRO-2009-0808,26.6119,94.005219,2009-06-20,2009,Nagaland,Dimapur,rockfall,unknown,high,event,isro_atlas_synthetic,simulated,NRSC/ISRO Landslide Atlas (synthetic NER representation — not official data),GODL-India/Research use — synthetic representation only
ISRO-2011-0809,28.277656,94.574761,2011-12-20,2011,Arunachal Pradesh,Upper Siang,translational_slide,rain_and_snowmelt,high,seasonal,isro_atlas_synthetic,simulated,NRSC/ISRO Landslide Atlas (synthetic NER representation — not official data),GODL-India/Research use — synthetic representation only
ISRO-2022-0810,26.534219,93.807514,2022-10-02,2022,Nagaland,Dimapur,rotational_slide,rain,medium,event,isro_atlas_synthetic,simulated,NRSC/ISRO Landslide Atlas (synthetic NER representation — not official data),GODL-India/Research use — synthetic representation only
ISRO-2016-0811,26.182624,94.68425,2016-12-20,2016,Nagaland,Kohima,mudflow,rain,high,seasonal,isro_atlas_synthetic,simulated,NRSC/ISRO Landslide Atlas (synthetic NER representation — not official data),GODL-India/Research use — synthetic representation only
ISRO-1998-0812,25.245553,93.980503,1998-10-18,1998,Manipur,Chandel,rockfall,rain,low,event,isro_atlas_synthetic,simulated,NRSC/ISRO Landslide Atlas (synthetic NER representation — not official data),GODL-India/Research use — synthetic representation only
ISRO-2009-0813,23.686019,92.437045,2009-11-16,2009,Mizoram,Champhai,rockfall,earthquake,low,route,isro_atlas_synthetic,simulated,NRSC/ISRO Landslide Atlas (synthetic NER representation — not official data),GODL-India/Research use — synthetic representation only
ISRO-2017-0814,26.970367,88.521395,2017-08-02,2017,Sikkim,West Sikkim,translational_slide,unknown,medium,event,isro_atlas_synthetic,simulated,NRSC/ISRO Landslide Atlas (synthetic NER representation — not official data),GODL-India/Research use — synthetic representation only
ISRO-2002-0815,26.426053,94.524752,2002-09-13,2002,Nagaland,Mokokchung,translational_slide,rain,medium,event,isro_atlas_synthetic,simulated,NRSC/ISRO Landslide Atlas (synthetic NER representation — not official data),GODL-India/Research use — synthetic representation only
ISRO-2022-0816,28.074335,94.472229,2022-07-06,2022,Arunachal Pradesh,Upper Siang,debris_flow,rain,very_high,event,isro_atlas_synthetic,simulated,NRSC/ISRO Landslide Atlas (synthetic NER representation — not official data),GODL-India/Research use — synthetic representation only
ISRO-2010-0817,27.391803,91.687034,2010-09-27,2010,Arunachal Pradesh,Tawang,rotational_slide,rain_and_snowmelt,low,event,isro_atlas_synthetic,simulated,NRSC/ISRO Landslide Atlas (synthetic NER representation — not official data),GODL-India/Research use — synthetic representation only
ISRO-2001-0818,25.343533,92.102828,2001-11-21,2001,Meghalaya,East Khasi Hills,debris_flow,monsoonal_rain,low,seasonal,isro_atlas_synthetic,simulated,NRSC/ISRO Landslide Atlas (synthetic NER representation — not official data),GODL-India/Research use — synthetic representation only
ISRO-2004-0819,23.872893,92.267765,2004-09-16,2004,Mizoram,Champhai,rockfall,rain,low,event,isro_atlas_synthetic,simulated,NRSC/ISRO Landslide Atlas (synthetic NER representation — not official data),GODL-India/Research use — synthetic representation only
ISRO-2018-0820,27.089272,95.029964,2018-10-11,2018,Arunachal Pradesh,Lohit,rotational_slide,rain,low,event,isro_atlas_synthetic,simulated,NRSC/ISRO Landslide Atlas (synthetic NER representation — not official data),GODL-India/Research use — synthetic representation only
ISRO-2009-0821,26.926367,92.809063,2009-07-26,2009,Arunachal Pradesh,Papum Pare,translational_slide,earthquake,medium,seasonal,isro_atlas_synthetic,simulated,NRSC/ISRO Landslide Atlas (synthetic NER representation — not official data),GODL-India/Research use — synthetic representation only
ISRO-2013-0822,23.099171,92.899656,2013-08-15,2013,Mizoram,Lunglei,rockfall,rain_and_snowmelt,medium,seasonal,isro_atlas_synthetic,simulated,NRSC/ISRO Landslide Atlas (synthetic NER representation — not official data),GODL-India/Research use — synthetic representation only
ISRO-2009-0823,26.628807,94.434456,2009-10-26,2009,Assam,Dima Hasao,translational_slide,unknown,medium,event,isro_atlas_synthetic,simulated,NRSC/ISRO Landslide Atlas (synthetic NER representation — not official data),GODL-India/Research use — synthetic representation only
ISRO-2009-0824,25.278652,91.151747,2009-10-27,2009,Assam,Kamrup,translational_slide,rain,medium,seasonal,isro_atlas_synthetic,simulated,NRSC/ISRO Landslide Atlas (synthetic NER representation — not official data),GODL-India/Research use — synthetic representation only
ISRO-2008-0825,24.651675,94.149759,2008-06-10,2008,Manipur,Ukhrul,rotational_slide,rain,low,event,isro_atlas_synthetic,simulated,NRSC/ISRO Landslide Atlas (synthetic NER representation — not official data),GODL-India/Research use — synthetic representation only
ISRO-1998-0826,25.507198,90.185848,1998-09-05,1998,Meghalaya,South Garo Hills,translational_slide,rain,low,event,isro_atlas_synthetic,simulated,NRSC/ISRO Landslide Atlas (synthetic NER representation — not official data),GODL-India/Research use — synthetic representation only
ISRO-2000-0827,25.455053,90.407603,2000-08-07,2000,Meghalaya,South Garo Hills,debris_flow,monsoonal_rain,low,event,isro_atlas_synthetic,simulated,NRSC/ISRO Landslide Atlas (synthetic NER representation — not official data),GODL-India/Research use — synthetic representation only
ISRO-2008-0828,26.275825,93.772443,2008-10-08,2008,Assam,Karbi Anglong,rockfall,rain,low,event,isro_atlas_synthetic,simulated,NRSC/ISRO Landslide Atlas (synthetic NER representation — not official data),GODL-India/Research use — synthetic representation only
ISRO-1998-0829,23.104896,92.870907,1998-06-16,1998,Mizoram,Lunglei,translational_slide,human_activity,medium,event,isro_atlas_synthetic,simulated,NRSC/ISRO Landslide Atlas (synthetic NER representation — not official data),GODL-India/Research use — synthetic representation only
ISRO-2020-0830,22.939707,92.946233,2020-05-08,2020,Mizoram,Lunglei,rockfall,unknown,high,event,isro_atlas_synthetic,simulated,NRSC/ISRO Landslide Atlas (synthetic NER representation — not official data),GODL-India/Research use — synthetic representation only
ISRO-1998-0831,23.059127,92.653047,1998-08-10,1998,Mizoram,Lunglei,debris_flow,rain,low,event,isro_atlas_synthetic,simulated,NRSC/ISRO Landslide Atlas (synthetic NER representation — not official data),GODL-India/Research use — synthetic representation only
ISRO-2020-0832,23.705691,91.380329,2020-09-27,2020,Tripura,West Tripura,rockfall,earthquake,medium,event,isro_atlas_synthetic,simulated,NRSC/ISRO Landslide Atlas (synthetic NER representation — not official data),GODL-India/Research use — synthetic representation only
ISRO-2012-0833,27.229396,93.144022,2012-07-12,2012,Arunachal Pradesh,Papum Pare,rockfall,rain,high,route,isro_atlas_synthetic,simulated,NRSC/ISRO Landslide Atlas (synthetic NER representation — not official data),GODL-India/Research use — synthetic representation only
ISRO-2004-0834,23.907815,91.45311,2004-06-13,2004,Tripura,West Tripura,debris_flow,rain,high,event,isro_atlas_synthetic,simulated,NRSC/ISRO Landslide Atlas (synthetic NER representation — not official data),GODL-India/Research use — synthetic representation only
ISRO-2010-0835,22.867543,92.891526,2010-07-04,2010,Mizoram,Lunglei,translational_slide,rain,high,event,isro_atlas_synthetic,simulated,NRSC/ISRO Landslide Atlas (synthetic NER representation — not official data),GODL-India/Research use — synthetic representation only
ISRO-2014-0836,23.593856,92.746893,2014-06-23,2014,Mizoram,Aizawl,debris_flow,monsoonal_rain,medium,route,isro_atlas_synthetic,simulated,NRSC/ISRO Landslide Atlas (synthetic NER representation — not official data),GODL-India/Research use — synthetic representation only
ISRO-2011-0837,24.787744,94.375534,2011-11-02,2011,Manipur,Senapati,rockfall,rain_and_snowmelt,high,event,isro_atlas_synthetic,simulated,NRSC/ISRO Landslide Atlas (synthetic NER representation — not official data),GODL-India/Research use — synthetic representation only
ISRO-2006-0838,26.01158,94.610895,2006-06-16,2006,Nagaland,Kohima,rotational_slide,monsoonal_rain,medium,event,isro_atlas_synthetic,simulated,NRSC/ISRO Landslide Atlas (synthetic NER representation — not official data),GODL-India/Research use — synthetic representation only
ISRO-2009-0839,25.397079,91.233399,2009-08-15,2009,Assam,Kamrup,debris_flow,rain,low,route,isro_atlas_synthetic,simulated,NRSC/ISRO Landslide Atlas (synthetic NER representation — not official data),GODL-India/Research use — synthetic representation only
ISRO-2005-0840,27.565167,88.463387,2005-09-23,2005,Sikkim,North Sikkim,rotational_slide,human_activity,high,event,isro_atlas_synthetic,simulated,NRSC/ISRO Landslide Atlas (synthetic NER representation — not official data),GODL-India/Research use — synthetic representation only
ISRO-2007-0841,27.239515,88.559197,2007-07-04,2007,Sikkim,East Sikkim,rockfall,rain,medium,event,isro_atlas_synthetic,simulated,NRSC/ISRO Landslide Atlas (synthetic NER representation — not official data),GODL-India/Research use — synthetic representation only
ISRO-2016-0842,27.038973,93.153084,2016-10-15,2016,Arunachal Pradesh,Papum Pare,rotational_slide,rain,high,route,isro_atlas_synthetic,simulated,NRSC/ISRO Landslide Atlas (synthetic NER representation — not official data),GODL-India/Research use — synthetic representation only
ISRO-1998-0843,27.048419,93.146256,1998-08-09,1998,Arunachal Pradesh,Papum Pare,rockfall,rain,medium,event,isro_atlas_synthetic,simulated,NRSC/ISRO Landslide Atlas (synthetic NER representation — not official data),GODL-India/Research use — synthetic representation only
ISRO-2000-0844,23.599205,91.355445,2000-07-15,2000,Tripura,West Tripura,debris_flow,rain,medium,event,isro_atlas_synthetic,simulated,NRSC/ISRO Landslide Atlas (synthetic NER representation — not official data),GODL-India/Research use — synthetic representation only
ISRO-2017-0845,27.804989,91.769168,2017-10-03,2017,Arunachal Pradesh,Tawang,rockfall,rain_and_snowmelt,high,event,isro_atlas_synthetic,simulated,NRSC/ISRO Landslide Atlas (synthetic NER representation — not official data),GODL-India/Research use — synthetic representation only
ISRO-1999-0846,23.545541,91.804935,1999-07-19,1999,Tripura,Gomati,debris_flow,rain,medium,event,isro_atlas_synthetic,simulated,NRSC/ISRO Landslide Atlas (synthetic NER representation — not official data),GODL-India/Research use — synthetic representation only
ISRO-2018-0847,25.245955,92.024253,2018-07-16,2018,Meghalaya,East Khasi Hills,debris_flow,earthquake,very_high,event,isro_atlas_synthetic,simulated,NRSC/ISRO Landslide Atlas (synthetic NER representation — not official data),GODL-India/Research use — synthetic representation only
ISRO-2007-0848,27.32397,88.527456,2007-07-20,2007,Sikkim,East Sikkim,rotational_slide,human_activity,medium,event,isro_atlas_synthetic,simulated,NRSC/ISRO Landslide Atlas (synthetic NER representation — not official data),GODL-India/Research use — synthetic representation only
ISRO-2014-0849,23.402486,92.676513,2014-09-20,2014,Mizoram,Aizawl,rockfall,rain,high,event,isro_atlas_synthetic,simulated,NRSC/ISRO Landslide Atlas (synthetic NER representation — not official data),GODL-India/Research use — synthetic representation only
ISRO-2015-0850,28.140902,94.765901,2015-09-15,2015,Arunachal Pradesh,Upper Siang,debris_flow,earthquake,low,event,isro_atlas_synthetic,simulated,NRSC/ISRO Landslide Atlas (synthetic NER representation — not official data),GODL-India/Research use — synthetic representation only
ISRO-2008-0851,25.381997,92.096536,2008-11-11,2008,Meghalaya,East Khasi Hills,translational_slide,earthquake,high,route,isro_atlas_synthetic,simulated,NRSC/ISRO Landslide Atlas (synthetic NER representation — not official data),GODL-India/Research use — synthetic representation only
ISRO-2008-0852,23.844036,92.333968,2008-07-08,2008,Mizoram,Champhai,translational_slide,earthquake,low,event,isro_atlas_synthetic,simulated,NRSC/ISRO Landslide Atlas (synthetic NER representation — not official data),GODL-India/Research use — synthetic representation only
ISRO-2013-0853,26.145046,94.511753,2013-09-27,2013,Nagaland,Mokokchung,rockfall,rain_and_snowmelt,very_high,event,isro_atlas_synthetic,simulated,NRSC/ISRO Landslide Atlas (synthetic NER representation — not official data),GODL-India/Research use — synthetic representation only
ISRO-2012-0854,26.529164,93.757488,2012-08-24,2012,Nagaland,Dimapur,translational_slide,rain_and_snowmelt,high,seasonal,isro_atlas_synthetic,simulated,NRSC/ISRO Landslide Atlas (synthetic NER representation — not official data),GODL-India/Research use — synthetic representation only
ISRO-2004-0855,27.236879,92.95036,2004-03-05,2004,Arunachal Pradesh,Papum Pare,rockfall,monsoonal_rain,medium,route,isro_atlas_synthetic,simulated,NRSC/ISRO Landslide Atlas (synthetic NER representation — not official data),GODL-India/Research use — synthetic representation only
ISRO-2015-0856,26.445299,94.611414,2015-08-10,2015,Nagaland,Kohima,translational_slide,rain,low,event,isro_atlas_synthetic,simulated,NRSC/ISRO Landslide Atlas (synthetic NER representation — not official data),GODL-India/Research use — synthetic representation only
ISRO-2003-0857,23.626751,92.947799,2003-09-11,2003,Mizoram,Aizawl,rockfall,rain,medium,event,isro_atlas_synthetic,simulated,NRSC/ISRO Landslide Atlas (synthetic NER representation — not official data),GODL-India/Research use — synthetic representation only
ISRO-2003-0858,26.214039,94.557511,2003-06-04,2003,Nagaland,Mokokchung,rockfall,rain,very_high,event,isro_atlas_synthetic,simulated,NRSC/ISRO Landslide Atlas (synthetic NER representation — not official data),GODL-India/Research use — synthetic representation only
ISRO-2011-0859,25.227256,92.108804,2011-08-02,2011,Meghalaya,East Khasi Hills,rotational_slide,human_activity,medium,seasonal,isro_atlas_synthetic,simulated,NRSC/ISRO Landslide Atlas (synthetic NER representation — not official data),GODL-India/Research use — synthetic representation only
ISRO-2008-0860,25.325071,91.263218,2008-02-14,2008,Assam,Kamrup,translational_slide,human_activity,low,event,isro_atlas_synthetic,simulated,NRSC/ISRO Landslide Atlas (synthetic NER representation — not official data),GODL-India/Research use — synthetic representation only
ISRO-1999-0861,23.576089,91.548887,1999-12-22,1999,Tripura,Gomati,mudflow,rain_and_snowmelt,very_high,event,isro_atlas_synthetic,simulated,NRSC/ISRO Landslide Atlas (synthetic NER representation — not official data),GODL-India/Research use — synthetic representation only
ISRO-2013-0862,26.364096,94.761172,2013-03-09,2013,Nagaland,Mokokchung,rockfall,rain,low,event,isro_atlas_synthetic,simulated,NRSC/ISRO Landslide Atlas (synthetic NER representation — not official data),GODL-India/Research use — synthetic representation only
ISRO-2021-0863,27.056924,88.650929,2021-07-26,2021,Sikkim,East Sikkim,translational_slide,human_activity,medium,event,isro_atlas_synthetic,simulated,NRSC/ISRO Landslide Atlas (synthetic NER representation — not official data),GODL-India/Research use — synthetic representation only
ISRO-2009-0864,28.258551,94.822678,2009-12-22,2009,Arunachal Pradesh,Upper Siang,rotational_slide,unknown,medium,seasonal,isro_atlas_synthetic,simulated,NRSC/ISRO Landslide Atlas (synthetic NER representation — not official data),GODL-India/Research use — synthetic representation only
ISRO-2014-0865,25.819937,90.424866,2014-07-24,2014,Meghalaya,South Garo Hills,debris_flow,rain,medium,seasonal,isro_atlas_synthetic,simulated,NRSC/ISRO Landslide Atlas (synthetic NER representation — not official data),GODL-India/Research use — synthetic representation only
ISRO-2016-0866,23.545501,92.660062,2016-07-14,2016,Mizoram,Aizawl,rockfall,rain,low,route,isro_atlas_synthetic,simulated,NRSC/ISRO Landslide Atlas (synthetic NER representation — not official data),GODL-India/Research use — synthetic representation only
ISRO-2005-0867,27.53738,95.070739,2005-08-20,2005,Arunachal Pradesh,Lohit,translational_slide,human_activity,medium,seasonal,isro_atlas_synthetic,simulated,NRSC/ISRO Landslide Atlas (synthetic NER representation — not official data),GODL-India/Research use — synthetic representation only
ISRO-2020-0868,27.631735,91.583924,2020-09-08,2020,Arunachal Pradesh,Tawang,rotational_slide,earthquake,medium,seasonal,isro_atlas_synthetic,simulated,NRSC/ISRO Landslide Atlas (synthetic NER representation — not official data),GODL-India/Research use — synthetic representation only
ISRO-2007-0869,23.936948,91.411767,2007-09-20,2007,Tripura,West Tripura,mudflow,earthquake,high,route,isro_atlas_synthetic,simulated,NRSC/ISRO Landslide Atlas (synthetic NER representation — not official data),GODL-India/Research use — synthetic representation only
ISRO-2000-0870,24.865979,94.508463,2000-06-13,2000,Manipur,Senapati,debris_flow,rain,medium,route,isro_atlas_synthetic,simulated,NRSC/ISRO Landslide Atlas (synthetic NER representation — not official data),GODL-India/Research use — synthetic representation only
ISRO-2006-0871,25.937853,93.938195,2006-04-11,2006,Assam,Karbi Anglong,rockfall,earthquake,medium,event,isro_atlas_synthetic,simulated,NRSC/ISRO Landslide Atlas (synthetic NER representation — not official data),GODL-India/Research use — synthetic representation only
ISRO-2012-0872,25.533679,91.136806,2012-06-10,2012,Meghalaya,West Khasi Hills,rockfall,earthquake,very_high,event,isro_atlas_synthetic,simulated,NRSC/ISRO Landslide Atlas (synthetic NER representation — not official data),GODL-India/Research use — synthetic representation only
ISRO-2018-0873,26.048379,94.643018,2018-12-20,2018,Nagaland,Kohima,rotational_slide,rain,very_high,seasonal,isro_atlas_synthetic,simulated,NRSC/ISRO Landslide Atlas (synthetic NER representation — not official data),GODL-India/Research use — synthetic representation only
ISRO-2005-0874,23.564599,91.648873,2005-01-02,2005,Tripura,Gomati,mudflow,rain,low,event,isro_atlas_synthetic,simulated,NRSC/ISRO Landslide Atlas (synthetic NER representation — not official data),GODL-India/Research use — synthetic representation only
ISRO-2020-0875,26.509316,94.148446,2020-09-23,2020,Nagaland,Dimapur,mudflow,rain,medium,seasonal,isro_atlas_synthetic,simulated,NRSC/ISRO Landslide Atlas (synthetic NER representation — not official data),GODL-India/Research use — synthetic representation only
ISRO-2016-0876,24.700787,93.949332,2016-11-15,2016,Manipur,Ukhrul,mudflow,rain,medium,event,isro_atlas_synthetic,simulated,NRSC/ISRO Landslide Atlas (synthetic NER representation — not official data),GODL-India/Research use — synthetic representation only
ISRO-1998-0877,25.514146,92.486806,1998-01-27,1998,Assam,Cachar,translational_slide,rain,high,route,isro_atlas_synthetic,simulated,NRSC/ISRO Landslide Atlas (synthetic NER representation — not official data),GODL-India/Research use — synthetic representation only
ISRO-2007-0878,25.263642,90.763468,2007-12-15,2007,Meghalaya,West Khasi Hills,mudflow,rain,very_high,event,isro_atlas_synthetic,simulated,NRSC/ISRO Landslide Atlas (synthetic NER representation — not official data),GODL-India/Research use — synthetic representation only
ISRO-2000-0879,23.411088,92.749851,2000-08-07,2000,Mizoram,Aizawl,mudflow,rain,high,event,isro_atlas_synthetic,simulated,NRSC/ISRO Landslide Atlas (synthetic NER representation — not official data),GODL-India/Research use — synthetic representation only
ISRO-2003-0880,25.311943,92.533051,2003-04-17,2003,Assam,Cachar,rockfall,rain,high,route,isro_atlas_synthetic,simulated,NRSC/ISRO Landslide Atlas (synthetic NER representation — not official data),GODL-India/Research use — synthetic representation only
ISRO-2014-0881,27.148698,94.992648,2014-12-07,2014,Arunachal Pradesh,Lohit,debris_flow,rain,very_high,event,isro_atlas_synthetic,simulated,NRSC/ISRO Landslide Atlas (synthetic NER representation — not official data),GODL-India/Research use — synthetic representation only
ISRO-2010-0882,24.395844,94.139831,2010-07-06,2010,Manipur,Ukhrul,debris_flow,rain,medium,event,isro_atlas_synthetic,simulated,NRSC/ISRO Landslide Atlas (synthetic NER representation — not official data),GODL-India/Research use — synthetic representation only
ISRO-2019-0883,25.220181,91.442011,2019-06-11,2019,Assam,Kamrup,debris_flow,rain,low,event,isro_atlas_synthetic,simulated,NRSC/ISRO Landslide Atlas (synthetic NER representation — not official data),GODL-India/Research use — synthetic representation only
ISRO-2007-0884,24.955105,94.509843,2007-07-26,2007,Manipur,Senapati,debris_flow,human_activity,high,event,isro_atlas_synthetic,simulated,NRSC/ISRO Landslide Atlas (synthetic NER representation — not official data),GODL-India/Research use — synthetic representation only
ISRO-2005-0885,23.414915,92.848329,2005-06-13,2005,Mizoram,Aizawl,rockfall,rain,very_high,route,isro_atlas_synthetic,simulated,NRSC/ISRO Landslide Atlas (synthetic NER representation — not official data),GODL-India/Research use — synthetic representation only
ISRO-2018-0886,26.669447,94.147459,2018-08-06,2018,Nagaland,Dimapur,debris_flow,unknown,high,event,isro_atlas_synthetic,simulated,NRSC/ISRO Landslide Atlas (synthetic NER representation — not official data),GODL-India/Research use — synthetic representation only
ISRO-2002-0887,26.914061,92.989922,2002-10-16,2002,Arunachal Pradesh,Papum Pare,mudflow,human_activity,high,event,isro_atlas_synthetic,simulated,NRSC/ISRO Landslide Atlas (synthetic NER representation — not official data),GODL-India/Research use — synthetic representation only
ISRO-2009-0888,22.817718,92.667464,2009-07-01,2009,Mizoram,Lunglei,mudflow,earthquake,low,event,isro_atlas_synthetic,simulated,NRSC/ISRO Landslide Atlas (synthetic NER representation — not official data),GODL-India/Research use — synthetic representation only
ISRO-2004-0889,26.072385,94.770709,2004-07-16,2004,Nagaland,Mokokchung,mudflow,monsoonal_rain,low,seasonal,isro_atlas_synthetic,simulated,NRSC/ISRO Landslide Atlas (synthetic NER representation — not official data),GODL-India/Research use — synthetic representation only
ISRO-2014-0890,26.215674,94.653267,2014-07-25,2014,Nagaland,Kohima,mudflow,rain,medium,seasonal,isro_atlas_synthetic,simulated,NRSC/ISRO Landslide Atlas (synthetic NER representation — not official data),GODL-India/Research use — synthetic representation only
ISRO-2007-0891,26.253391,94.227764,2007-07-24,2007,Nagaland,Dimapur,mudflow,rain,very_high,event,isro_atlas_synthetic,simulated,NRSC/ISRO Landslide Atlas (synthetic NER representation — not official data),GODL-India/Research use — synthetic representation only
ISRO-2019-0892,27.202298,88.57527,2019-05-18,2019,Sikkim,East Sikkim,debris_flow,rain,medium,seasonal,isro_atlas_synthetic,simulated,NRSC/ISRO Landslide Atlas (synthetic NER representation — not official data),GODL-India/Research use — synthetic representation only
ISRO-2001-0893,25.566366,90.405688,2001-07-05,2001,Meghalaya,South Garo Hills,rockfall,unknown,high,event,isro_atlas_synthetic,simulated,NRSC/ISRO Landslide Atlas (synthetic NER representation — not official data),GODL-India/Research use — synthetic representation only
ISRO-2019-0894,26.411986,94.619647,2019-09-21,2019,Nagaland,Mokokchung,rockfall,earthquake,medium,seasonal,isro_atlas_synthetic,simulated,NRSC/ISRO Landslide Atlas (synthetic NER representation — not official data),GODL-India/Research use — synthetic representation only
ISRO-2022-0895,27.639276,91.954359,2022-10-21,2022,Arunachal Pradesh,Tawang,rotational_slide,rain,very_high,event,isro_atlas_synthetic,simulated,NRSC/ISRO Landslide Atlas (synthetic NER representation — not official data),GODL-India/Research use — synthetic representation only
ISRO-2012-0896,23.474648,91.635361,2012-12-22,2012,Tripura,Gomati,rockfall,unknown,medium,event,isro_atlas_synthetic,simulated,NRSC/ISRO Landslide Atlas (synthetic NER representation — not official data),GODL-India/Research use — synthetic representation only
ISRO-2011-0897,25.060902,92.101875,2011-09-15,2011,Meghalaya,East Khasi Hills,mudflow,rain,medium,event,isro_atlas_synthetic,simulated,NRSC/ISRO Landslide Atlas (synthetic NER representation — not official data),GODL-India/Research use — synthetic representation only
ISRO-2000-0898,25.03653,94.611167,2000-06-09,2000,Manipur,Senapati,rockfall,human_activity,medium,event,isro_atlas_synthetic,simulated,NRSC/ISRO Landslide Atlas (synthetic NER representation — not official data),GODL-India/Research use — synthetic representation only
ISRO-1999-0899,26.451398,94.080294,1999-05-09,1999,Assam,Dima Hasao,rockfall,earthquake,medium,event,isro_atlas_synthetic,simulated,NRSC/ISRO Landslide Atlas (synthetic NER representation — not official data),GODL-India/Research use — synthetic representation only
ISRO-2011-0900,23.696354,92.647987,2011-05-26,2011,Mizoram,Champhai,rockfall,unknown,high,seasonal,isro_atlas_synthetic,simulated,NRSC/ISRO Landslide Atlas (synthetic NER representation — not official data),GODL-India/Research use — synthetic representation only
ISRO-2007-0901,27.221954,94.95282,2007-08-27,2007,Arunachal Pradesh,Lohit,translational_slide,earthquake,medium,event,isro_atlas_synthetic,simulated,NRSC/ISRO Landslide Atlas (synthetic NER representation — not official data),GODL-India/Research use — synthetic representation only
ISRO-2002-0902,27.26168,88.307131,2002-09-22,2002,Sikkim,West Sikkim,rotational_slide,rain,medium,event,isro_atlas_synthetic,simulated,NRSC/ISRO Landslide Atlas (synthetic NER representation — not official data),GODL-India/Research use — synthetic representation only
ISRO-2015-0903,27.307795,88.187582,2015-06-06,2015,Sikkim,West Sikkim,debris_flow,earthquake,low,event,isro_atlas_synthetic,simulated,NRSC/ISRO Landslide Atlas (synthetic NER representation — not official data),GODL-India/Research use — synthetic representation only
ISRO-2014-0904,25.302539,90.763445,2014-06-09,2014,Meghalaya,West Khasi Hills,mudflow,rain,very_high,event,isro_atlas_synthetic,simulated,NRSC/ISRO Landslide Atlas (synthetic NER representation — not official data),GODL-India/Research use — synthetic representation only
ISRO-2002-0905,26.436926,94.052924,2002-07-22,2002,Nagaland,Dimapur,mudflow,rain_and_snowmelt,medium,route,isro_atlas_synthetic,simulated,NRSC/ISRO Landslide Atlas (synthetic NER representation — not official data),GODL-India/Research use — synthetic representation only
ISRO-2012-0906,23.694946,91.401794,2012-07-23,2012,Tripura,West Tripura,debris_flow,rain,very_high,event,isro_atlas_synthetic,simulated,NRSC/ISRO Landslide Atlas (synthetic NER representation — not official data),GODL-India/Research use — synthetic representation only
ISRO-2017-0907,27.550476,88.417406,2017-10-14,2017,Sikkim,North Sikkim,translational_slide,earthquake,medium,event,isro_atlas_synthetic,simulated,NRSC/ISRO Landslide Atlas (synthetic NER representation — not official data),GODL-India/Research use — synthetic representation only
ISRO-2009-0908,25.604021,91.505868,2009-11-02,2009,Assam,Kamrup,mudflow,earthquake,high,event,isro_atlas_synthetic,simulated,NRSC/ISRO Landslide Atlas (synthetic NER representation — not official data),GODL-India/Research use — synthetic representation only
ISRO-2012-0909,26.277295,93.910189,2012-11-17,2012,Nagaland,Dimapur,rockfall,rain,medium,route,isro_atlas_synthetic,simulated,NRSC/ISRO Landslide Atlas (synthetic NER representation — not official data),GODL-India/Research use — synthetic representation only
ISRO-1998-0910,25.269714,91.504931,1998-07-21,1998,Assam,Kamrup,rotational_slide,human_activity,medium,seasonal,isro_atlas_synthetic,simulated,NRSC/ISRO Landslide Atlas (synthetic NER representation — not official data),GODL-India/Research use — synthetic representation only
ISRO-2015-0911,26.192935,92.629125,2015-12-04,2015,Arunachal Pradesh,East Kameng,rockfall,unknown,very_high,event,isro_atlas_synthetic,simulated,NRSC/ISRO Landslide Atlas (synthetic NER representation — not official data),GODL-India/Research use — synthetic representation only
ISRO-2012-0912,25.243615,91.334192,2012-10-08,2012,Assam,Kamrup,rotational_slide,human_activity,low,route,isro_atlas_synthetic,simulated,NRSC/ISRO Landslide Atlas (synthetic NER representation — not official data),GODL-India/Research use — synthetic representation only
ISRO-2015-0913,22.689617,93.003925,2015-07-18,2015,Mizoram,Lunglei,debris_flow,rain,medium,event,isro_atlas_synthetic,simulated,NRSC/ISRO Landslide Atlas (synthetic NER representation — not official data),GODL-India/Research use — synthetic representation only
ISRO-2011-0914,25.376224,91.186296,2011-05-22,2011,Assam,Kamrup,rockfall,rain,medium,event,isro_atlas_synthetic,simulated,NRSC/ISRO Landslide Atlas (synthetic NER representation — not official data),GODL-India/Research use — synthetic representation only
ISRO-2008-0915,27.059005,92.905694,2008-10-05,2008,Arunachal Pradesh,Papum Pare,debris_flow,rain_and_snowmelt,very_high,event,isro_atlas_synthetic,simulated,NRSC/ISRO Landslide Atlas (synthetic NER representation — not official data),GODL-India/Research use — synthetic representation only
ISRO-1999-0916,26.268426,94.146441,1999-09-26,1999,Assam,Dima Hasao,debris_flow,monsoonal_rain,low,event,isro_atlas_synthetic,simulated,NRSC/ISRO Landslide Atlas (synthetic NER representation — not official data),GODL-India/Research use — synthetic representation only
ISRO-2004-0917,26.963177,92.855772,2004-07-24,2004,Arunachal Pradesh,Papum Pare,rotational_slide,rain,medium,route,isro_atlas_synthetic,simulated,NRSC/ISRO Landslide Atlas (synthetic NER representation — not official data),GODL-India/Research use — synthetic representation only
ISRO-2014-0918,26.494126,94.016071,2014-08-25,2014,Assam,Dima Hasao,translational_slide,rain,low,event,isro_atlas_synthetic,simulated,NRSC/ISRO Landslide Atlas (synthetic NER representation — not official data),GODL-India/Research use — synthetic representation only
ISRO-2005-0919,24.818414,94.319907,2005-06-13,2005,Manipur,Senapati,debris_flow,rain,low,event,isro_atlas_synthetic,simulated,NRSC/ISRO Landslide Atlas (synthetic NER representation — not official data),GODL-India/Research use — synthetic representation only
ISRO-2021-0920,25.737702,90.29448,2021-09-11,2021,Meghalaya,South Garo Hills,debris_flow,rain,low,seasonal,isro_atlas_synthetic,simulated,NRSC/ISRO Landslide Atlas (synthetic NER representation — not official data),GODL-India/Research use — synthetic representation only
ISRO-2009-0921,25.835046,90.498555,2009-06-23,2009,Meghalaya,South Garo Hills,mudflow,rain,low,seasonal,isro_atlas_synthetic,simulated,NRSC/ISRO Landslide Atlas (synthetic NER representation — not official data),GODL-India/Research use — synthetic representation only
ISRO-2020-0922,25.212724,93.999108,2020-08-23,2020,Manipur,Chandel,rockfall,earthquake,high,event,isro_atlas_synthetic,simulated,NRSC/ISRO Landslide Atlas (synthetic NER representation — not official data),GODL-India/Research use — synthetic representation only
ISRO-1999-0923,28.32861,94.662901,1999-07-10,1999,Arunachal Pradesh,Upper Siang,translational_slide,monsoonal_rain,medium,event,isro_atlas_synthetic,simulated,NRSC/ISRO Landslide Atlas (synthetic NER representation — not official data),GODL-India/Research use — synthetic representation only
ISRO-2000-0924,25.644826,91.024705,2000-02-04,2000,Meghalaya,West Khasi Hills,mudflow,rain,low,event,isro_atlas_synthetic,simulated,NRSC/ISRO Landslide Atlas (synthetic NER representation — not official data),GODL-India/Research use — synthetic representation only
ISRO-2003-0925,27.119159,93.177717,2003-07-25,2003,Arunachal Pradesh,Papum Pare,translational_slide,monsoonal_rain,low,seasonal,isro_atlas_synthetic,simulated,NRSC/ISRO Landslide Atlas (synthetic NER representation — not official data),GODL-India/Research use — synthetic representation only
ISRO-2011-0926,23.677386,91.210653,2011-08-14,2011,Tripura,West Tripura,debris_flow,monsoonal_rain,low,seasonal,isro_atlas_synthetic,simulated,NRSC/ISRO Landslide Atlas (synthetic NER representation — not official data),GODL-India/Research use — synthetic representation only
ISRO-2012-0927,27.055736,88.432494,2012-04-20,2012,Sikkim,West Sikkim,translational_slide,human_activity,medium,route,isro_atlas_synthetic,simulated,NRSC/ISRO Landslide Atlas (synthetic NER representation — not official data),GODL-India/Research use — synthetic representation only
ISRO-2003-0928,25.188817,94.080741,2003-04-03,2003,Manipur,Chandel,debris_flow,rain,low,event,isro_atlas_synthetic,simulated,NRSC/ISRO Landslide Atlas (synthetic NER representation — not official data),GODL-India/Research use — synthetic representation only
ISRO-2016-0929,26.843363,93.246326,2016-08-05,2016,Arunachal Pradesh,Papum Pare,mudflow,rain,very_high,seasonal,isro_atlas_synthetic,simulated,NRSC/ISRO Landslide Atlas (synthetic NER representation — not official data),GODL-India/Research use — synthetic representation only
ISRO-2015-0930,26.317103,93.754832,2015-04-12,2015,Nagaland,Dimapur,debris_flow,rain,medium,route,isro_atlas_synthetic,simulated,NRSC/ISRO Landslide Atlas (synthetic NER representation — not official data),GODL-India/Research use — synthetic representation only
ISRO-2020-0931,24.659471,94.006972,2020-03-05,2020,Manipur,Ukhrul,translational_slide,human_activity,medium,event,isro_atlas_synthetic,simulated,NRSC/ISRO Landslide Atlas (synthetic NER representation — not official data),GODL-India/Research use — synthetic representation only
ISRO-2009-0932,23.394575,92.569964,2009-07-09,2009,Mizoram,Aizawl,translational_slide,monsoonal_rain,medium,seasonal,isro_atlas_synthetic,simulated,NRSC/ISRO Landslide Atlas (synthetic NER representation — not official data),GODL-India/Research use — synthetic representation only
ISRO-2016-0933,25.653501,90.806754,2016-08-18,2016,Meghalaya,West Khasi Hills,translational_slide,rain,medium,route,isro_atlas_synthetic,simulated,NRSC/ISRO Landslide Atlas (synthetic NER representation — not official data),GODL-India/Research use — synthetic representation only
ISRO-2021-0934,25.451741,90.156396,2021-09-05,2021,Meghalaya,South Garo Hills,rockfall,rain,medium,route,isro_atlas_synthetic,simulated,NRSC/ISRO Landslide Atlas (synthetic NER representation — not official data),GODL-India/Research use — synthetic representation only
ISRO-2006-0935,24.780428,94.343653,2006-08-15,2006,Manipur,Senapati,rockfall,rain_and_snowmelt,low,route,isro_atlas_synthetic,simulated,NRSC/ISRO Landslide Atlas (synthetic NER representation — not official data),GODL-India/Research use — synthetic representation only
ISRO-2010-0936,25.708193,91.025064,2010-07-21,2010,Meghalaya,West Khasi Hills,rockfall,rain,high,event,isro_atlas_synthetic,simulated,NRSC/ISRO Landslide Atlas (synthetic NER representation — not official data),GODL-India/Research use — synthetic representation only
ISRO-2002-0937,25.060826,92.323531,2002-09-27,2002,Meghalaya,East Khasi Hills,debris_flow,rain,low,seasonal,isro_atlas_synthetic,simulated,NRSC/ISRO Landslide Atlas (synthetic NER representation — not official data),GODL-India/Research use — synthetic representation only
ISRO-2006-0938,23.801139,91.38088,2006-08-01,2006,Tripura,West Tripura,rotational_slide,rain,high,event,isro_atlas_synthetic,simulated,NRSC/ISRO Landslide Atlas (synthetic NER representation — not official data),GODL-India/Research use — synthetic representation only
ISRO-2011-0939,23.617783,91.832227,2011-08-23,2011,Tripura,Gomati,debris_flow,human_activity,medium,seasonal,isro_atlas_synthetic,simulated,NRSC/ISRO Landslide Atlas (synthetic NER representation — not official data),GODL-India/Research use — synthetic representation only
ISRO-1999-0940,25.499148,91.508168,1999-10-14,1999,Assam,Kamrup,mudflow,rain,medium,event,isro_atlas_synthetic,simulated,NRSC/ISRO Landslide Atlas (synthetic NER representation — not official data),GODL-India/Research use — synthetic representation only
ISRO-1999-0941,27.125899,88.281053,1999-06-05,1999,Sikkim,West Sikkim,rotational_slide,unknown,low,seasonal,isro_atlas_synthetic,simulated,NRSC/ISRO Landslide Atlas (synthetic NER representation — not official data),GODL-India/Research use — synthetic representation only
ISRO-2007-0942,26.036182,94.305454,2007-07-03,2007,Nagaland,Kohima,rockfall,rain,low,route,isro_atlas_synthetic,simulated,NRSC/ISRO Landslide Atlas (synthetic NER representation — not official data),GODL-India/Research use — synthetic representation only
ISRO-2010-0943,23.561322,92.514633,2010-12-08,2010,Mizoram,Aizawl,rockfall,human_activity,medium,route,isro_atlas_synthetic,simulated,NRSC/ISRO Landslide Atlas (synthetic NER representation — not official data),GODL-India/Research use — synthetic representation only
ISRO-2011-0944,25.202673,92.115974,2011-05-02,2011,Meghalaya,East Khasi Hills,rockfall,rain,low,seasonal,isro_atlas_synthetic,simulated,NRSC/ISRO Landslide Atlas (synthetic NER representation — not official data),GODL-India/Research use — synthetic representation only
ISRO-2005-0945,23.560581,92.591538,2005-07-25,2005,Mizoram,Champhai,translational_slide,rain,low,route,isro_atlas_synthetic,simulated,NRSC/ISRO Landslide Atlas (synthetic NER representation — not official data),GODL-India/Research use — synthetic representation only
ISRO-2020-0946,27.396577,88.210156,2020-07-12,2020,Sikkim,North Sikkim,mudflow,rain,high,seasonal,isro_atlas_synthetic,simulated,NRSC/ISRO Landslide Atlas (synthetic NER representation — not official data),GODL-India/Research use — synthetic representation only
ISRO-2020-0947,27.238335,93.075065,2020-04-26,2020,Arunachal Pradesh,Papum Pare,debris_flow,rain,medium,route,isro_atlas_synthetic,simulated,NRSC/ISRO Landslide Atlas (synthetic NER representation — not official data),GODL-India/Research use — synthetic representation only
ISRO-2020-0948,25.264026,90.759066,2020-06-10,2020,Meghalaya,West Khasi Hills,rotational_slide,rain,high,seasonal,isro_atlas_synthetic,simulated,NRSC/ISRO Landslide Atlas (synthetic NER representation — not official data),GODL-India/Research use — synthetic representation only
ISRO-2011-0949,24.438696,93.72286,2011-08-27,2011,Manipur,Ukhrul,debris_flow,rain,medium,route,isro_atlas_synthetic,simulated,NRSC/ISRO Landslide Atlas (synthetic NER representation — not official data),GODL-India/Research use — synthetic representation only
ISRO-2018-0950,27.355593,88.358099,2018-07-24,2018,Sikkim,West Sikkim,rotational_slide,rain_and_snowmelt,high,seasonal,isro_atlas_synthetic,simulated,NRSC/ISRO Landslide Atlas (synthetic NER representation — not official data),GODL-India/Research use — synthetic representation only
ISRO-2022-0951,27.842262,91.80631,2022-11-16,2022,Arunachal Pradesh,Tawang,translational_slide,unknown,very_high,event,isro_atlas_synthetic,simulated,NRSC/ISRO Landslide Atlas (synthetic NER representation — not official data),GODL-India/Research use — synthetic representation only
ISRO-2006-0952,24.698281,94.034176,2006-09-21,2006,Manipur,Ukhrul,rockfall,rain_and_snowmelt,medium,route,isro_atlas_synthetic,simulated,NRSC/ISRO Landslide Atlas (synthetic NER representation — not official data),GODL-India/Research use — synthetic representation only
ISRO-2005-0953,25.492416,91.513104,2005-07-23,2005,Assam,Kamrup,rotational_slide,rain,high,event,isro_atlas_synthetic,simulated,NRSC/ISRO Landslide Atlas (synthetic NER representation — not official data),GODL-India/Research use — synthetic representation only
ISRO-2008-0954,23.277613,91.823849,2008-03-25,2008,Tripura,Gomati,rotational_slide,earthquake,high,seasonal,isro_atlas_synthetic,simulated,NRSC/ISRO Landslide Atlas (synthetic NER representation — not official data),GODL-India/Research use — synthetic representation only
ISRO-2020-0955,23.838487,91.108164,2020-08-01,2020,Tripura,West Tripura,rotational_slide,earthquake,very_high,event,isro_atlas_synthetic,simulated,NRSC/ISRO Landslide Atlas (synthetic NER representation — not official data),GODL-India/Research use — synthetic representation only
ISRO-1998-0956,27.50749,95.113578,1998-09-20,1998,Arunachal Pradesh,Lohit,rotational_slide,rain,low,event,isro_atlas_synthetic,simulated,NRSC/ISRO Landslide Atlas (synthetic NER representation — not official data),GODL-India/Research use — synthetic representation only
ISRO-2005-0957,23.600128,91.759891,2005-08-07,2005,Tripura,Gomati,rotational_slide,rain,low,seasonal,isro_atlas_synthetic,simulated,NRSC/ISRO Landslide Atlas (synthetic NER representation — not official data),GODL-India/Research use — synthetic representation only
ISRO-2017-0958,26.638202,94.021194,2017-07-15,2017,Assam,Dima Hasao,mudflow,human_activity,very_high,route,isro_atlas_synthetic,simulated,NRSC/ISRO Landslide Atlas (synthetic NER representation — not official data),GODL-India/Research use — synthetic representation only
ISRO-2001-0959,25.275437,92.235804,2001-08-10,2001,Meghalaya,East Khasi Hills,rotational_slide,monsoonal_rain,medium,event,isro_atlas_synthetic,simulated,NRSC/ISRO Landslide Atlas (synthetic NER representation — not official data),GODL-India/Research use — synthetic representation only
ISRO-2021-0960,26.250785,94.683996,2021-06-15,2021,Nagaland,Mokokchung,rockfall,monsoonal_rain,very_high,route,isro_atlas_synthetic,simulated,NRSC/ISRO Landslide Atlas (synthetic NER representation — not official data),GODL-India/Research use — synthetic representation only
ISRO-2022-0961,24.8849,94.375843,2022-02-23,2022,Manipur,Senapati,translational_slide,rain_and_snowmelt,high,seasonal,isro_atlas_synthetic,simulated,NRSC/ISRO Landslide Atlas (synthetic NER representation — not official data),GODL-India/Research use — synthetic representation only
ISRO-2007-0962,23.634312,92.265859,2007-07-12,2007,Mizoram,Champhai,rockfall,rain,low,seasonal,isro_atlas_synthetic,simulated,NRSC/ISRO Landslide Atlas (synthetic NER representation — not official data),GODL-India/Research use — synthetic representation only
ISRO-2005-0963,25.565126,91.205693,2005-05-16,2005,Assam,Kamrup,mudflow,earthquake,medium,seasonal,isro_atlas_synthetic,simulated,NRSC/ISRO Landslide Atlas (synthetic NER representation — not official data),GODL-India/Research use — synthetic representation only
ISRO-2008-0964,27.604737,91.640476,2008-07-13,2008,Arunachal Pradesh,Tawang,debris_flow,rain_and_snowmelt,medium,seasonal,isro_atlas_synthetic,simulated,NRSC/ISRO Landslide Atlas (synthetic NER representation — not official data),GODL-India/Research use — synthetic representation only
ISRO-2008-0965,26.067886,94.386844,2008-08-02,2008,Nagaland,Kohima,translational_slide,unknown,high,event,isro_atlas_synthetic,simulated,NRSC/ISRO Landslide Atlas (synthetic NER representation — not official data),GODL-India/Research use — synthetic representation only
ISRO-2002-0966,25.181742,93.878391,2002-10-11,2002,Manipur,Chandel,mudflow,rain,medium,event,isro_atlas_synthetic,simulated,NRSC/ISRO Landslide Atlas (synthetic NER representation — not official data),GODL-India/Research use — synthetic representation only
ISRO-2013-0967,23.626018,91.377468,2013-07-12,2013,Tripura,West Tripura,debris_flow,rain,low,event,isro_atlas_synthetic,simulated,NRSC/ISRO Landslide Atlas (synthetic NER representation — not official data),GODL-India/Research use — synthetic representation only
ISRO-2016-0968,25.670178,90.095934,2016-08-12,2016,Meghalaya,South Garo Hills,rotational_slide,rain,medium,route,isro_atlas_synthetic,simulated,NRSC/ISRO Landslide Atlas (synthetic NER representation — not official data),GODL-India/Research use — synthetic representation only
ISRO-2017-0969,26.541391,94.220725,2017-06-18,2017,Assam,Dima Hasao,rotational_slide,rain,high,event,isro_atlas_synthetic,simulated,NRSC/ISRO Landslide Atlas (synthetic NER representation — not official data),GODL-India/Research use — synthetic representation only
ISRO-2020-0970,26.674366,94.162243,2020-05-25,2020,Assam,Dima Hasao,rockfall,rain,low,seasonal,isro_atlas_synthetic,simulated,NRSC/ISRO Landslide Atlas (synthetic NER representation — not official data),GODL-India/Research use — synthetic representation only
ISRO-2006-0971,27.521034,88.477355,2006-08-08,2006,Sikkim,East Sikkim,mudflow,unknown,low,event,isro_atlas_synthetic,simulated,NRSC/ISRO Landslide Atlas (synthetic NER representation — not official data),GODL-India/Research use — synthetic representation only
ISRO-2022-0972,25.595709,92.476107,2022-04-03,2022,Assam,Cachar,rockfall,human_activity,very_high,event,isro_atlas_synthetic,simulated,NRSC/ISRO Landslide Atlas (synthetic NER representation — not official data),GODL-India/Research use — synthetic representation only
ISRO-2003-0973,25.18682,93.950778,2003-09-20,2003,Manipur,Chandel,rotational_slide,earthquake,low,event,isro_atlas_synthetic,simulated,NRSC/ISRO Landslide Atlas (synthetic NER representation — not official data),GODL-India/Research use — synthetic representation only
ISRO-2007-0974,25.732567,92.796569,2007-08-23,2007,Assam,Cachar,rockfall,unknown,low,seasonal,isro_atlas_synthetic,simulated,NRSC/ISRO Landslide Atlas (synthetic NER representation — not official data),GODL-India/Research use — synthetic representation only
ISRO-2002-0975,27.456215,88.46742,2002-06-20,2002,Sikkim,North Sikkim,debris_flow,rain,high,event,isro_atlas_synthetic,simulated,NRSC/ISRO Landslide Atlas (synthetic NER representation — not official data),GODL-India/Research use — synthetic representation only
ISRO-2002-0976,23.652086,91.527082,2002-06-14,2002,Tripura,Gomati,rotational_slide,unknown,medium,event,isro_atlas_synthetic,simulated,NRSC/ISRO Landslide Atlas (synthetic NER representation — not official data),GODL-India/Research use — synthetic representation only
ISRO-2021-0977,25.865305,93.716472,2021-09-16,2021,Assam,Karbi Anglong,mudflow,earthquake,low,event,isro_atlas_synthetic,simulated,NRSC/ISRO Landslide Atlas (synthetic NER representation — not official data),GODL-India/Research use — synthetic representation only
ISRO-2011-0978,27.679664,92.036404,2011-08-13,2011,Arunachal Pradesh,Tawang,mudflow,rain,medium,event,isro_atlas_synthetic,simulated,NRSC/ISRO Landslide Atlas (synthetic NER representation — not official data),GODL-India/Research use — synthetic representation only
ISRO-2022-0979,25.553426,90.445138,2022-10-04,2022,Meghalaya,South Garo Hills,debris_flow,monsoonal_rain,low,seasonal,isro_atlas_synthetic,simulated,NRSC/ISRO Landslide Atlas (synthetic NER representation — not official data),GODL-India/Research use — synthetic representation only
ISRO-2000-0980,24.896589,94.45181,2000-06-10,2000,Manipur,Senapati,rockfall,unknown,high,event,isro_atlas_synthetic,simulated,NRSC/ISRO Landslide Atlas (synthetic NER representation — not official data),GODL-India/Research use — synthetic representation only
ISRO-2019-0981,23.684414,91.084932,2019-04-17,2019,Tripura,West Tripura,debris_flow,earthquake,low,event,isro_atlas_synthetic,simulated,NRSC/ISRO Landslide Atlas (synthetic NER representation — not official data),GODL-India/Research use — synthetic representation only
ISRO-2003-0982,25.101593,94.1235,2003-08-23,2003,Manipur,Chandel,debris_flow,rain,medium,seasonal,isro_atlas_synthetic,simulated,NRSC/ISRO Landslide Atlas (synthetic NER representation — not official data),GODL-India/Research use — synthetic representation only
ISRO-2002-0983,25.271114,91.570794,2002-08-21,2002,Assam,Kamrup,translational_slide,rain,low,event,isro_atlas_synthetic,simulated,NRSC/ISRO Landslide Atlas (synthetic NER representation — not official data),GODL-India/Research use — synthetic representation only
ISRO-2016-0984,27.28205,94.958647,2016-08-05,2016,Arunachal Pradesh,Lohit,mudflow,rain,medium,event,isro_atlas_synthetic,simulated,NRSC/ISRO Landslide Atlas (synthetic NER representation — not official data),GODL-India/Research use — synthetic representation only
ISRO-2004-0985,23.291751,91.620973,2004-08-04,2004,Tripura,Gomati,debris_flow,monsoonal_rain,high,route,isro_atlas_synthetic,simulated,NRSC/ISRO Landslide Atlas (synthetic NER representation — not official data),GODL-India/Research use — synthetic representation only
ISRO-2004-0986,26.764705,92.914706,2004-03-20,2004,Arunachal Pradesh,Papum Pare,translational_slide,rain,medium,event,isro_atlas_synthetic,simulated,NRSC/ISRO Landslide Atlas (synthetic NER representation — not official data),GODL-India/Research use — synthetic representation only
ISRO-2015-0987,25.579549,92.717747,2015-04-25,2015,Assam,Cachar,mudflow,rain,low,seasonal,isro_atlas_synthetic,simulated,NRSC/ISRO Landslide Atlas (synthetic NER representation — not official data),GODL-India/Research use — synthetic representation only
ISRO-2012-0988,25.087021,92.329212,2012-07-09,2012,Meghalaya,East Khasi Hills,translational_slide,monsoonal_rain,medium,seasonal,isro_atlas_synthetic,simulated,NRSC/ISRO Landslide Atlas (synthetic NER representation — not official data),GODL-India/Research use — synthetic representation only
ISRO-2021-0989,25.343796,91.059405,2021-08-23,2021,Meghalaya,West Khasi Hills,mudflow,monsoonal_rain,medium,event,isro_atlas_synthetic,simulated,NRSC/ISRO Landslide Atlas (synthetic NER representation — not official data),GODL-India/Research use — synthetic representation only
ISRO-2008-0990,26.386687,94.70024,2008-11-27,2008,Nagaland,Kohima,mudflow,monsoonal_rain,low,event,isro_atlas_synthetic,simulated,NRSC/ISRO Landslide Atlas (synthetic NER representation — not official data),GODL-India/Research use — synthetic representation only
ISRO-2014-0991,25.647138,90.456834,2014-10-16,2014,Meghalaya,South Garo Hills,rockfall,rain,low,event,isro_atlas_synthetic,simulated,NRSC/ISRO Landslide Atlas (synthetic NER representation — not official data),GODL-India/Research use — synthetic representation only
ISRO-1998-0992,26.596426,94.098027,1998-04-16,1998,Assam,Dima Hasao,rockfall,human_activity,low,event,isro_atlas_synthetic,simulated,NRSC/ISRO Landslide Atlas (synthetic NER representation — not official data),GODL-India/Research use — synthetic representation only
ISRO-2003-0993,26.864423,92.85741,2003-05-17,2003,Arunachal Pradesh,Papum Pare,debris_flow,human_activity,medium,seasonal,isro_atlas_synthetic,simulated,NRSC/ISRO Landslide Atlas (synthetic NER representation — not official data),GODL-India/Research use — synthetic representation only
ISRO-2012-0994,25.375453,91.216357,2012-06-12,2012,Meghalaya,West Khasi Hills,mudflow,human_activity,very_high,seasonal,isro_atlas_synthetic,simulated,NRSC/ISRO Landslide Atlas (synthetic NER representation — not official data),GODL-India/Research use — synthetic representation only
ISRO-2020-0995,25.87927,94.06884,2020-07-19,2020,Assam,Karbi Anglong,rotational_slide,rain,low,route,isro_atlas_synthetic,simulated,NRSC/ISRO Landslide Atlas (synthetic NER representation — not official data),GODL-India/Research use — synthetic representation only
ISRO-2001-0996,26.079719,94.595554,2001-05-20,2001,Nagaland,Kohima,translational_slide,earthquake,high,route,isro_atlas_synthetic,simulated,NRSC/ISRO Landslide Atlas (synthetic NER representation — not official data),GODL-India/Research use — synthetic representation only
ISRO-2000-0997,27.071415,88.668495,2000-08-05,2000,Sikkim,East Sikkim,rockfall,unknown,low,route,isro_atlas_synthetic,simulated,NRSC/ISRO Landslide Atlas (synthetic NER representation — not official data),GODL-India/Research use — synthetic representation only
ISRO-2018-0998,27.529176,88.801548,2018-07-12,2018,Sikkim,East Sikkim,rotational_slide,monsoonal_rain,high,route,isro_atlas_synthetic,simulated,NRSC/ISRO Landslide Atlas (synthetic NER representation — not official data),GODL-India/Research use — synthetic representation only
ISRO-2017-0999,23.250994,92.922477,2017-09-26,2017,Mizoram,Aizawl,debris_flow,earthquake,high,route,isro_atlas_synthetic,simulated,NRSC/ISRO Landslide Atlas (synthetic NER representation — not official data),GODL-India/Research use — synthetic representation only
ISRO-2000-1000,25.681982,92.477752,2000-05-10,2000,Assam,Cachar,debris_flow,rain,medium,route,isro_atlas_synthetic,simulated,NRSC/ISRO Landslide Atlas (synthetic NER representation — not official data),GODL-India/Research use — synthetic representation only
ISRO-2011-1001,23.698865,91.489029,2011-09-01,2011,Tripura,Gomati,rotational_slide,earthquake,high,route,isro_atlas_synthetic,simulated,NRSC/ISRO Landslide Atlas (synthetic NER representation — not official data),GODL-India/Research use — synthetic representation only
ISRO-2019-1002,24.543952,94.132964,2019-09-20,2019,Manipur,Ukhrul,rockfall,rain,medium,event,isro_atlas_synthetic,simulated,NRSC/ISRO Landslide Atlas (synthetic NER representation — not official data),GODL-India/Research use — synthetic representation only
ISRO-2017-1003,25.604936,90.915511,2017-06-17,2017,Meghalaya,West Khasi Hills,rockfall,monsoonal_rain,low,event,isro_atlas_synthetic,simulated,NRSC/ISRO Landslide Atlas (synthetic NER representation — not official data),GODL-India/Research use — synthetic representation only
ISRO-2004-1004,24.993554,94.043508,2004-12-20,2004,Manipur,Chandel,debris_flow,earthquake,medium,event,isro_atlas_synthetic,simulated,NRSC/ISRO Landslide Atlas (synthetic NER representation — not official data),GODL-India/Research use — synthetic representation only
ISRO-2012-1005,26.909664,92.750546,2012-07-24,2012,Arunachal Pradesh,Papum Pare,mudflow,rain,medium,route,isro_atlas_synthetic,simulated,NRSC/ISRO Landslide Atlas (synthetic NER representation — not official data),GODL-India/Research use — synthetic representation only
ISRO-2002-1006,25.655311,90.470133,2002-12-13,2002,Meghalaya,South Garo Hills,translational_slide,unknown,low,route,isro_atlas_synthetic,simulated,NRSC/ISRO Landslide Atlas (synthetic NER representation — not official data),GODL-India/Research use — synthetic representation only
ISRO-2011-1007,26.196092,93.846613,2011-11-21,2011,Assam,Karbi Anglong,translational_slide,monsoonal_rain,high,seasonal,isro_atlas_synthetic,simulated,NRSC/ISRO Landslide Atlas (synthetic NER representation — not official data),GODL-India/Research use — synthetic representation only
ISRO-2012-1008,27.502314,91.904814,2012-08-24,2012,Arunachal Pradesh,Tawang,debris_flow,earthquake,low,seasonal,isro_atlas_synthetic,simulated,NRSC/ISRO Landslide Atlas (synthetic NER representation — not official data),GODL-India/Research use — synthetic representation only
ISRO-2021-1009,24.828298,93.913749,2021-05-12,2021,Manipur,Chandel,debris_flow,rain_and_snowmelt,very_high,seasonal,isro_atlas_synthetic,simulated,NRSC/ISRO Landslide Atlas (synthetic NER representation — not official data),GODL-India/Research use — synthetic representation only
ISRO-2003-1010,23.474563,91.842347,2003-01-14,2003,Tripura,Gomati,rotational_slide,monsoonal_rain,low,route,isro_atlas_synthetic,simulated,NRSC/ISRO Landslide Atlas (synthetic NER representation — not official data),GODL-India/Research use — synthetic representation only
ISRO-2003-1011,23.457632,92.488454,2003-05-16,2003,Mizoram,Aizawl,mudflow,monsoonal_rain,high,event,isro_atlas_synthetic,simulated,NRSC/ISRO Landslide Atlas (synthetic NER representation — not official data),GODL-India/Research use — synthetic representation only
ISRO-2009-1012,25.501021,90.21957,2009-06-02,2009,Meghalaya,South Garo Hills,rotational_slide,rain,very_high,route,isro_atlas_synthetic,simulated,NRSC/ISRO Landslide Atlas (synthetic NER representation — not official data),GODL-India/Research use — synthetic representation only
ISRO-1999-1013,25.014498,94.07606,1999-06-26,1999,Manipur,Chandel,rotational_slide,unknown,low,seasonal,isro_atlas_synthetic,simulated,NRSC/ISRO Landslide Atlas (synthetic NER representation — not official data),GODL-India/Research use — synthetic representation only
ISRO-2015-1014,26.263064,94.07998,2015-08-23,2015,Assam,Dima Hasao,rotational_slide,rain,medium,event,isro_atlas_synthetic,simulated,NRSC/ISRO Landslide Atlas (synthetic NER representation — not official data),GODL-India/Research use — synthetic representation only
ISRO-2021-1015,27.313878,88.113433,2021-08-26,2021,Sikkim,West Sikkim,rockfall,rain,low,seasonal,isro_atlas_synthetic,simulated,NRSC/ISRO Landslide Atlas (synthetic NER representation — not official data),GODL-India/Research use — synthetic representation only
ISRO-2007-1016,24.839372,94.50525,2007-12-06,2007,Manipur,Senapati,rotational_slide,rain_and_snowmelt,medium,seasonal,isro_atlas_synthetic,simulated,NRSC/ISRO Landslide Atlas (synthetic NER representation — not official data),GODL-India/Research use — synthetic representation only
ISRO-2013-1017,26.47006,94.274871,2013-10-25,2013,Assam,Dima Hasao,mudflow,rain,high,event,isro_atlas_synthetic,simulated,NRSC/ISRO Landslide Atlas (synthetic NER representation — not official data),GODL-India/Research use — synthetic representation only
ISRO-2011-1018,25.872095,94.034896,2011-06-09,2011,Assam,Karbi Anglong,rockfall,rain,low,event,isro_atlas_synthetic,simulated,NRSC/ISRO Landslide Atlas (synthetic NER representation — not official data),GODL-India/Research use — synthetic representation only
ISRO-2013-1019,26.541783,93.877856,2013-10-06,2013,Nagaland,Dimapur,rotational_slide,earthquake,low,seasonal,isro_atlas_synthetic,simulated,NRSC/ISRO Landslide Atlas (synthetic NER representation — not official data),GODL-India/Research use — synthetic representation only
ISRO-2012-1020,23.892825,92.561957,2012-10-27,2012,Mizoram,Champhai,translational_slide,rain,low,event,isro_atlas_synthetic,simulated,NRSC/ISRO Landslide Atlas (synthetic NER representation — not official data),GODL-India/Research use — synthetic representation only
ISRO-2007-1021,23.726498,92.366256,2007-07-07,2007,Mizoram,Champhai,translational_slide,human_activity,medium,route,isro_atlas_synthetic,simulated,NRSC/ISRO Landslide Atlas (synthetic NER representation — not official data),GODL-India/Research use — synthetic representation only
ISRO-2003-1022,27.14643,88.532339,2003-08-19,2003,Sikkim,West Sikkim,debris_flow,rain,medium,route,isro_atlas_synthetic,simulated,NRSC/ISRO Landslide Atlas (synthetic NER representation — not official data),GODL-India/Research use — synthetic representation only
ISRO-2013-1023,23.735834,92.51975,2013-06-11,2013,Mizoram,Champhai,mudflow,earthquake,high,event,isro_atlas_synthetic,simulated,NRSC/ISRO Landslide Atlas (synthetic NER representation — not official data),GODL-India/Research use — synthetic representation only
ISRO-2007-1024,25.714302,90.936947,2007-08-12,2007,Meghalaya,West Khasi Hills,debris_flow,human_activity,high,route,isro_atlas_synthetic,simulated,NRSC/ISRO Landslide Atlas (synthetic NER representation — not official data),GODL-India/Research use — synthetic representation only
ISRO-2000-1025,28.312296,94.901961,2000-08-15,2000,Arunachal Pradesh,Upper Siang,rotational_slide,rain_and_snowmelt,low,event,isro_atlas_synthetic,simulated,NRSC/ISRO Landslide Atlas (synthetic NER representation — not official data),GODL-India/Research use — synthetic representation only
ISRO-1998-1026,25.640452,91.279573,1998-07-17,1998,Assam,Kamrup,translational_slide,rain,medium,event,isro_atlas_synthetic,simulated,NRSC/ISRO Landslide Atlas (synthetic NER representation — not official data),GODL-India/Research use — synthetic representation only
ISRO-2013-1027,27.530468,88.564317,2013-09-27,2013,Sikkim,East Sikkim,rockfall,rain,medium,event,isro_atlas_synthetic,simulated,NRSC/ISRO Landslide Atlas (synthetic NER representation — not official data),GODL-India/Research use — synthetic representation only
ISRO-2019-1028,26.236991,94.457207,2019-07-22,2019,Nagaland,Kohima,rockfall,rain,high,route,isro_atlas_synthetic,simulated,NRSC/ISRO Landslide Atlas (synthetic NER representation — not official data),GODL-India/Research use — synthetic representation only
ISRO-2004-1029,26.318777,94.299048,2004-12-05,2004,Assam,Dima Hasao,debris_flow,rain,medium,event,isro_atlas_synthetic,simulated,NRSC/ISRO Landslide Atlas (synthetic NER representation — not official data),GODL-India/Research use — synthetic representation only
ISRO-2021-1030,23.453929,92.896868,2021-11-03,2021,Mizoram,Aizawl,rotational_slide,human_activity,medium,event,isro_atlas_synthetic,simulated,NRSC/ISRO Landslide Atlas (synthetic NER representation — not official data),GODL-India/Research use — synthetic representation only
ISRO-1999-1031,27.428986,88.547299,1999-12-10,1999,Sikkim,West Sikkim,rotational_slide,rain,low,event,isro_atlas_synthetic,simulated,NRSC/ISRO Landslide Atlas (synthetic NER representation — not official data),GODL-India/Research use — synthetic representation only
ISRO-2007-1032,25.076151,92.047329,2007-09-04,2007,Meghalaya,East Khasi Hills,debris_flow,human_activity,high,event,isro_atlas_synthetic,simulated,NRSC/ISRO Landslide Atlas (synthetic NER representation — not official data),GODL-India/Research use — synthetic representation only
ISRO-2017-1033,25.37475,91.129744,2017-07-16,2017,Meghalaya,West Khasi Hills,translational_slide,rain,low,route,isro_atlas_synthetic,simulated,NRSC/ISRO Landslide Atlas (synthetic NER representation — not official data),GODL-India/Research use — synthetic representation only
ISRO-2014-1034,24.032271,91.517056,2014-09-06,2014,Tripura,West Tripura,mudflow,rain_and_snowmelt,low,event,isro_atlas_synthetic,simulated,NRSC/ISRO Landslide Atlas (synthetic NER representation — not official data),GODL-India/Research use — synthetic representation only
ISRO-2022-1035,25.513069,91.283454,2022-07-11,2022,Assam,Kamrup,translational_slide,monsoonal_rain,high,event,isro_atlas_synthetic,simulated,NRSC/ISRO Landslide Atlas (synthetic NER representation — not official data),GODL-India/Research use — synthetic representation only
ISRO-2009-1036,25.546604,90.946672,2009-04-14,2009,Meghalaya,West Khasi Hills,debris_flow,rain_and_snowmelt,low,route,isro_atlas_synthetic,simulated,NRSC/ISRO Landslide Atlas (synthetic NER representation — not official data),GODL-India/Research use — synthetic representation only
ISRO-2006-1037,27.974896,94.821431,2006-07-26,2006,Arunachal Pradesh,Upper Siang,rotational_slide,human_activity,low,event,isro_atlas_synthetic,simulated,NRSC/ISRO Landslide Atlas (synthetic NER representation — not official data),GODL-India/Research use — synthetic representation only
ISRO-2014-1038,27.388858,88.151204,2014-09-10,2014,Sikkim,North Sikkim,mudflow,rain,medium,event,isro_atlas_synthetic,simulated,NRSC/ISRO Landslide Atlas (synthetic NER representation — not official data),GODL-India/Research use — synthetic representation only
ISRO-2016-1039,26.309717,94.095876,2016-07-19,2016,Nagaland,Dimapur,mudflow,rain,very_high,event,isro_atlas_synthetic,simulated,NRSC/ISRO Landslide Atlas (synthetic NER representation — not official data),GODL-India/Research use — synthetic representation only
ISRO-1998-1040,25.304152,91.252361,1998-11-15,1998,Assam,Kamrup,translational_slide,rain,high,event,isro_atlas_synthetic,simulated,NRSC/ISRO Landslide Atlas (synthetic NER representation — not official data),GODL-India/Research use — synthetic representation only
ISRO-1998-1041,23.522082,91.381684,1998-10-26,1998,Tripura,Gomati,mudflow,human_activity,low,seasonal,isro_atlas_synthetic,simulated,NRSC/ISRO Landslide Atlas (synthetic NER representation — not official data),GODL-India/Research use — synthetic representation only
ISRO-2018-1042,23.687826,92.345886,2018-04-18,2018,Mizoram,Champhai,debris_flow,rain,medium,seasonal,isro_atlas_synthetic,simulated,NRSC/ISRO Landslide Atlas (synthetic NER representation — not official data),GODL-India/Research use — synthetic representation only
ISRO-2018-1043,25.904762,93.850134,2018-05-20,2018,Assam,Karbi Anglong,rockfall,human_activity,medium,event,isro_atlas_synthetic,simulated,NRSC/ISRO Landslide Atlas (synthetic NER representation — not official data),GODL-India/Research use — synthetic representation only
ISRO-2018-1044,25.705329,90.363497,2018-02-04,2018,Meghalaya,South Garo Hills,translational_slide,monsoonal_rain,low,route,isro_atlas_synthetic,simulated,NRSC/ISRO Landslide Atlas (synthetic NER representation — not official data),GODL-India/Research use — synthetic representation only
ISRO-2018-1045,26.049806,94.512729,2018-09-22,2018,Nagaland,Kohima,rotational_slide,rain,low,event,isro_atlas_synthetic,simulated,NRSC/ISRO Landslide Atlas (synthetic NER representation — not official data),GODL-India/Research use — synthetic representation only
ISRO-2002-1046,26.500504,94.692308,2002-08-11,2002,Nagaland,Mokokchung,mudflow,rain,very_high,seasonal,isro_atlas_synthetic,simulated,NRSC/ISRO Landslide Atlas (synthetic NER representation — not official data),GODL-India/Research use — synthetic representation only
ISRO-2006-1047,25.508525,90.260967,2006-06-15,2006,Meghalaya,South Garo Hills,rockfall,human_activity,medium,seasonal,isro_atlas_synthetic,simulated,NRSC/ISRO Landslide Atlas (synthetic NER representation — not official data),GODL-India/Research use — synthetic representation only
ISRO-2016-1048,26.668202,94.15457,2016-08-12,2016,Assam,Dima Hasao,rockfall,rain,medium,event,isro_atlas_synthetic,simulated,NRSC/ISRO Landslide Atlas (synthetic NER representation — not official data),GODL-India/Research use — synthetic representation only
ISRO-2002-1049,23.342926,92.936677,2002-07-16,2002,Mizoram,Aizawl,debris_flow,human_activity,medium,event,isro_atlas_synthetic,simulated,NRSC/ISRO Landslide Atlas (synthetic NER representation — not official data),GODL-India/Research use — synthetic representation only
ISRO-2009-1050,24.900701,94.180431,2009-08-15,2009,Manipur,Senapati,mudflow,monsoonal_rain,high,seasonal,isro_atlas_synthetic,simulated,NRSC/ISRO Landslide Atlas (synthetic NER representation — not official data),GODL-India/Research use — synthetic representation only
ISRO-2010-1051,24.834727,94.14413,2010-12-23,2010,Manipur,Chandel,rockfall,rain,high,seasonal,isro_atlas_synthetic,simulated,NRSC/ISRO Landslide Atlas (synthetic NER representation — not official data),GODL-India/Research use — synthetic representation only
ISRO-2020-1052,27.590508,88.492876,2020-08-14,2020,Sikkim,North Sikkim,rockfall,rain,low,route,isro_atlas_synthetic,simulated,NRSC/ISRO Landslide Atlas (synthetic NER representation — not official data),GODL-India/Research use — synthetic representation only
ISRO-2021-1053,23.878411,92.416957,2021-06-03,2021,Mizoram,Champhai,rotational_slide,human_activity,high,route,isro_atlas_synthetic,simulated,NRSC/ISRO Landslide Atlas (synthetic NER representation — not official data),GODL-India/Research use — synthetic representation only
ISRO-2006-1054,27.025736,93.145019,2006-12-07,2006,Arunachal Pradesh,Papum Pare,debris_flow,rain,medium,event,isro_atlas_synthetic,simulated,NRSC/ISRO Landslide Atlas (synthetic NER representation — not official data),GODL-India/Research use — synthetic representation only
ISRO-2020-1055,25.072641,94.231536,2020-07-22,2020,Manipur,Chandel,rotational_slide,monsoonal_rain,high,event,isro_atlas_synthetic,simulated,NRSC/ISRO Landslide Atlas (synthetic NER representation — not official data),GODL-India/Research use — synthetic representation only
ISRO-2017-1056,26.103896,94.410747,2017-10-12,2017,Nagaland,Kohima,debris_flow,rain_and_snowmelt,low,seasonal,isro_atlas_synthetic,simulated,NRSC/ISRO Landslide Atlas (synthetic NER representation — not official data),GODL-India/Research use — synthetic representation only
ISRO-2000-1057,26.246127,94.120951,2000-05-03,2000,Assam,Karbi Anglong,rotational_slide,rain,very_high,event,isro_atlas_synthetic,simulated,NRSC/ISRO Landslide Atlas (synthetic NER representation — not official data),GODL-India/Research use — synthetic representation only
ISRO-2021-1058,25.596311,91.477863,2021-11-15,2021,Assam,Kamrup,rotational_slide,human_activity,medium,route,isro_atlas_synthetic,simulated,NRSC/ISRO Landslide Atlas (synthetic NER representation — not official data),GODL-India/Research use — synthetic representation only
ISRO-2014-1059,26.501838,94.144861,2014-08-14,2014,Assam,Dima Hasao,rockfall,rain_and_snowmelt,medium,route,isro_atlas_synthetic,simulated,NRSC/ISRO Landslide Atlas (synthetic NER representation — not official data),GODL-India/Research use — synthetic representation only
ISRO-2008-1060,27.06278,88.49151,2008-10-07,2008,Sikkim,East Sikkim,debris_flow,rain,medium,route,isro_atlas_synthetic,simulated,NRSC/ISRO Landslide Atlas (synthetic NER representation — not official data),GODL-India/Research use — synthetic representation only
ISRO-1998-1061,27.137125,95.363477,1998-09-15,1998,Arunachal Pradesh,Lohit,rotational_slide,monsoonal_rain,high,event,isro_atlas_synthetic,simulated,NRSC/ISRO Landslide Atlas (synthetic NER representation — not official data),GODL-India/Research use — synthetic representation only
ISRO-2017-1062,26.204383,93.753513,2017-07-26,2017,Assam,Karbi Anglong,mudflow,human_activity,high,seasonal,isro_atlas_synthetic,simulated,NRSC/ISRO Landslide Atlas (synthetic NER representation — not official data),GODL-India/Research use — synthetic representation only
ISRO-2001-1063,27.807164,91.828331,2001-01-01,2001,Arunachal Pradesh,Tawang,translational_slide,rain,high,seasonal,isro_atlas_synthetic,simulated,NRSC/ISRO Landslide Atlas (synthetic NER representation — not official data),GODL-India/Research use — synthetic representation only
ISRO-2015-1064,24.389683,93.934657,2015-12-07,2015,Manipur,Ukhrul,rockfall,rain,high,seasonal,isro_atlas_synthetic,simulated,NRSC/ISRO Landslide Atlas (synthetic NER representation — not official data),GODL-India/Research use — synthetic representation only
ISRO-2010-1065,26.530012,94.647014,2010-11-16,2010,Nagaland,Mokokchung,mudflow,earthquake,low,event,isro_atlas_synthetic,simulated,NRSC/ISRO Landslide Atlas (synthetic NER representation — not official data),GODL-India/Research use — synthetic representation only
ISRO-2013-1066,25.232842,92.333818,2013-05-12,2013,Meghalaya,East Khasi Hills,debris_flow,rain,high,seasonal,isro_atlas_synthetic,simulated,NRSC/ISRO Landslide Atlas (synthetic NER representation — not official data),GODL-India/Research use — synthetic representation only
ISRO-2016-1067,23.682358,91.371027,2016-06-02,2016,Tripura,West Tripura,debris_flow,unknown,very_high,event,isro_atlas_synthetic,simulated,NRSC/ISRO Landslide Atlas (synthetic NER representation — not official data),GODL-India/Research use — synthetic representation only
ISRO-2000-1068,27.52446,88.406094,2000-06-07,2000,Sikkim,East Sikkim,rockfall,rain,low,route,isro_atlas_synthetic,simulated,NRSC/ISRO Landslide Atlas (synthetic NER representation — not official data),GODL-India/Research use — synthetic representation only
ISRO-2006-1069,27.302152,88.722968,2006-09-15,2006,Sikkim,East Sikkim,rockfall,human_activity,medium,seasonal,isro_atlas_synthetic,simulated,NRSC/ISRO Landslide Atlas (synthetic NER representation — not official data),GODL-India/Research use — synthetic representation only
ISRO-2017-1070,25.605096,92.845887,2017-09-04,2017,Assam,Cachar,rotational_slide,rain,high,route,isro_atlas_synthetic,simulated,NRSC/ISRO Landslide Atlas (synthetic NER representation — not official data),GODL-India/Research use — synthetic representation only
ISRO-2005-1071,27.071916,88.483548,2005-07-07,2005,Sikkim,West Sikkim,translational_slide,rain,medium,event,isro_atlas_synthetic,simulated,NRSC/ISRO Landslide Atlas (synthetic NER representation — not official data),GODL-India/Research use — synthetic representation only
ISRO-2015-1072,27.447019,88.663952,2015-10-26,2015,Sikkim,East Sikkim,rotational_slide,monsoonal_rain,medium,seasonal,isro_atlas_synthetic,simulated,NRSC/ISRO Landslide Atlas (synthetic NER representation — not official data),GODL-India/Research use — synthetic representation only
ISRO-1998-1073,23.580007,92.560865,1998-08-05,1998,Mizoram,Champhai,rockfall,earthquake,medium,event,isro_atlas_synthetic,simulated,NRSC/ISRO Landslide Atlas (synthetic NER representation — not official data),GODL-India/Research use — synthetic representation only
ISRO-2019-1074,25.430963,90.820079,2019-08-12,2019,Meghalaya,West Khasi Hills,debris_flow,earthquake,medium,event,isro_atlas_synthetic,simulated,NRSC/ISRO Landslide Atlas (synthetic NER representation — not official data),GODL-India/Research use — synthetic representation only
ISRO-2019-1075,24.478254,93.688494,2019-09-21,2019,Manipur,Ukhrul,translational_slide,rain_and_snowmelt,medium,event,isro_atlas_synthetic,simulated,NRSC/ISRO Landslide Atlas (synthetic NER representation — not official data),GODL-India/Research use — synthetic representation only
ISRO-2011-1076,27.275297,88.299479,2011-09-27,2011,Sikkim,North Sikkim,mudflow,rain,medium,seasonal,isro_atlas_synthetic,simulated,NRSC/ISRO Landslide Atlas (synthetic NER representation — not official data),GODL-India/Research use — synthetic representation only
ISRO-2004-1077,22.731185,92.627257,2004-08-20,2004,Mizoram,Lunglei,translational_slide,rain,low,seasonal,isro_atlas_synthetic,simulated,NRSC/ISRO Landslide Atlas (synthetic NER representation — not official data),GODL-India/Research use — synthetic representation only
ISRO-2012-1078,26.593,93.839019,2012-12-20,2012,Nagaland,Dimapur,debris_flow,rain,medium,seasonal,isro_atlas_synthetic,simulated,NRSC/ISRO Landslide Atlas (synthetic NER representation — not official data),GODL-India/Research use — synthetic representation only
ISRO-2006-1079,23.474644,92.401169,2006-07-25,2006,Mizoram,Champhai,rockfall,earthquake,high,seasonal,isro_atlas_synthetic,simulated,NRSC/ISRO Landslide Atlas (synthetic NER representation — not official data),GODL-India/Research use — synthetic representation only
ISRO-1998-1080,24.868552,94.203907,1998-06-13,1998,Manipur,Senapati,debris_flow,earthquake,medium,event,isro_atlas_synthetic,simulated,NRSC/ISRO Landslide Atlas (synthetic NER representation — not official data),GODL-India/Research use — synthetic representation only
ISRO-2005-1081,27.244806,92.7787,2005-07-09,2005,Arunachal Pradesh,Papum Pare,translational_slide,human_activity,medium,event,isro_atlas_synthetic,simulated,NRSC/ISRO Landslide Atlas (synthetic NER representation — not official data),GODL-India/Research use — synthetic representation only
ISRO-2009-1082,24.572432,93.811161,2009-12-26,2009,Manipur,Ukhrul,rockfall,rain,low,event,isro_atlas_synthetic,simulated,NRSC/ISRO Landslide Atlas (synthetic NER representation — not official data),GODL-India/Research use — synthetic representation only
ISRO-2002-1083,26.99549,93.031914,2002-06-12,2002,Arunachal Pradesh,Papum Pare,mudflow,monsoonal_rain,low,route,isro_atlas_synthetic,simulated,NRSC/ISRO Landslide Atlas (synthetic NER representation — not official data),GODL-India/Research use — synthetic representation only
ISRO-1999-1084,27.578275,88.378439,1999-08-19,1999,Sikkim,North Sikkim,debris_flow,rain,high,event,isro_atlas_synthetic,simulated,NRSC/ISRO Landslide Atlas (synthetic NER representation — not official data),GODL-India/Research use — synthetic representation only
ISRO-2022-1085,23.241143,92.513667,2022-09-20,2022,Mizoram,Aizawl,mudflow,unknown,medium,seasonal,isro_atlas_synthetic,simulated,NRSC/ISRO Landslide Atlas (synthetic NER representation — not official data),GODL-India/Research use — synthetic representation only
ISRO-2001-1086,26.454111,92.938438,2001-06-24,2001,Arunachal Pradesh,East Kameng,rotational_slide,unknown,low,event,isro_atlas_synthetic,simulated,NRSC/ISRO Landslide Atlas (synthetic NER representation — not official data),GODL-India/Research use — synthetic representation only
ISRO-1998-1087,26.562607,92.802996,1998-01-09,1998,Arunachal Pradesh,East Kameng,debris_flow,unknown,low,event,isro_atlas_synthetic,simulated,NRSC/ISRO Landslide Atlas (synthetic NER representation — not official data),GODL-India/Research use — synthetic representation only
ISRO-2001-1088,26.429253,94.032653,2001-06-04,2001,Assam,Dima Hasao,rotational_slide,rain,medium,event,isro_atlas_synthetic,simulated,NRSC/ISRO Landslide Atlas (synthetic NER representation — not official data),GODL-India/Research use — synthetic representation only
ISRO-2009-1089,25.360015,91.214314,2009-02-02,2009,Assam,Kamrup,translational_slide,unknown,medium,event,isro_atlas_synthetic,simulated,NRSC/ISRO Landslide Atlas (synthetic NER representation — not official data),GODL-India/Research use — synthetic representation only
ISRO-2017-1090,24.607837,93.651972,2017-06-01,2017,Manipur,Ukhrul,debris_flow,earthquake,low,event,isro_atlas_synthetic,simulated,NRSC/ISRO Landslide Atlas (synthetic NER representation — not official data),GODL-India/Research use — synthetic representation only
ISRO-2018-1091,24.996481,94.213977,2018-08-21,2018,Manipur,Chandel,mudflow,monsoonal_rain,very_high,event,isro_atlas_synthetic,simulated,NRSC/ISRO Landslide Atlas (synthetic NER representation — not official data),GODL-India/Research use — synthetic representation only
ISRO-2001-1092,27.231619,95.061677,2001-07-15,2001,Arunachal Pradesh,Lohit,mudflow,unknown,medium,event,isro_atlas_synthetic,simulated,NRSC/ISRO Landslide Atlas (synthetic NER representation — not official data),GODL-India/Research use — synthetic representation only
ISRO-2011-1093,26.417581,94.14248,2011-01-18,2011,Nagaland,Dimapur,translational_slide,rain,medium,seasonal,isro_atlas_synthetic,simulated,NRSC/ISRO Landslide Atlas (synthetic NER representation — not official data),GODL-India/Research use — synthetic representation only
ISRO-2012-1094,27.450741,88.497033,2012-09-24,2012,Sikkim,North Sikkim,rotational_slide,unknown,medium,event,isro_atlas_synthetic,simulated,NRSC/ISRO Landslide Atlas (synthetic NER representation — not official data),GODL-India/Research use — synthetic representation only
ISRO-2017-1095,26.464526,94.518647,2017-06-07,2017,Nagaland,Mokokchung,debris_flow,rain,low,event,isro_atlas_synthetic,simulated,NRSC/ISRO Landslide Atlas (synthetic NER representation — not official data),GODL-India/Research use — synthetic representation only
ISRO-2012-1096,27.000808,88.18496,2012-07-18,2012,Sikkim,West Sikkim,debris_flow,unknown,medium,route,isro_atlas_synthetic,simulated,NRSC/ISRO Landslide Atlas (synthetic NER representation — not official data),GODL-India/Research use — synthetic representation only
ISRO-2012-1097,27.089534,95.001451,2012-09-27,2012,Arunachal Pradesh,Lohit,debris_flow,human_activity,high,event,isro_atlas_synthetic,simulated,NRSC/ISRO Landslide Atlas (synthetic NER representation — not official data),GODL-India/Research use — synthetic representation only
ISRO-2009-1098,25.64904,91.183181,2009-08-07,2009,Meghalaya,West Khasi Hills,rotational_slide,monsoonal_rain,low,event,isro_atlas_synthetic,simulated,NRSC/ISRO Landslide Atlas (synthetic NER representation — not official data),GODL-India/Research use — synthetic representation only
ISRO-2016-1099,25.165556,92.158027,2016-07-18,2016,Meghalaya,East Khasi Hills,mudflow,rain,high,route,isro_atlas_synthetic,simulated,NRSC/ISRO Landslide Atlas (synthetic NER representation — not official data),GODL-India/Research use — synthetic representation only
ISRO-2006-1100,26.52217,92.829745,2006-08-17,2006,Arunachal Pradesh,East Kameng,rockfall,rain,medium,event,isro_atlas_synthetic,simulated,NRSC/ISRO Landslide Atlas (synthetic NER representation — not official data),GODL-India/Research use — synthetic representation only
ISRO-2002-1101,26.290053,92.613907,2002-09-06,2002,Arunachal Pradesh,East Kameng,translational_slide,rain,medium,seasonal,isro_atlas_synthetic,simulated,NRSC/ISRO Landslide Atlas (synthetic NER representation — not official data),GODL-India/Research use — synthetic representation only
ISRO-2020-1102,25.690215,92.861508,2020-08-27,2020,Assam,Cachar,rotational_slide,monsoonal_rain,very_high,event,isro_atlas_synthetic,simulated,NRSC/ISRO Landslide Atlas (synthetic NER representation — not official data),GODL-India/Research use — synthetic representation only
ISRO-2019-1103,25.646236,91.137899,2019-07-25,2019,Meghalaya,West Khasi Hills,translational_slide,human_activity,medium,seasonal,isro_atlas_synthetic,simulated,NRSC/ISRO Landslide Atlas (synthetic NER representation — not official data),GODL-India/Research use — synthetic representation only
ISRO-2019-1104,23.687923,91.71067,2019-06-26,2019,Tripura,Gomati,debris_flow,rain,very_high,seasonal,isro_atlas_synthetic,simulated,NRSC/ISRO Landslide Atlas (synthetic NER representation — not official data),GODL-India/Research use — synthetic representation only
ISRO-2000-1105,25.734,90.245055,2000-08-03,2000,Meghalaya,South Garo Hills,mudflow,rain,high,seasonal,isro_atlas_synthetic,simulated,NRSC/ISRO Landslide Atlas (synthetic NER representation — not official data),GODL-India/Research use — synthetic representation only
ISRO-2002-1106,27.418698,91.623682,2002-09-17,2002,Arunachal Pradesh,Tawang,translational_slide,rain,medium,seasonal,isro_atlas_synthetic,simulated,NRSC/ISRO Landslide Atlas (synthetic NER representation — not official data),GODL-India/Research use — synthetic representation only
ISRO-2017-1107,26.738261,93.94548,2017-05-05,2017,Nagaland,Dimapur,rockfall,earthquake,medium,event,isro_atlas_synthetic,simulated,NRSC/ISRO Landslide Atlas (synthetic NER representation — not official data),GODL-India/Research use — synthetic representation only
ISRO-2020-1108,26.328374,93.776608,2020-06-06,2020,Assam,Karbi Anglong,mudflow,rain,medium,seasonal,isro_atlas_synthetic,simulated,NRSC/ISRO Landslide Atlas (synthetic NER representation — not official data),GODL-India/Research use — synthetic representation only
ISRO-1999-1109,27.58649,91.595166,1999-07-11,1999,Arunachal Pradesh,Tawang,translational_slide,earthquake,medium,route,isro_atlas_synthetic,simulated,NRSC/ISRO Landslide Atlas (synthetic NER representation — not official data),GODL-India/Research use — synthetic representation only
ISRO-1998-1110,26.236999,93.661329,1998-10-09,1998,Assam,Karbi Anglong,translational_slide,rain,medium,event,isro_atlas_synthetic,simulated,NRSC/ISRO Landslide Atlas (synthetic NER representation — not official data),GODL-India/Research use — synthetic representation only
ISRO-2016-1111,27.218672,93.067161,2016-08-01,2016,Arunachal Pradesh,Papum Pare,translational_slide,rain,low,seasonal,isro_atlas_synthetic,simulated,NRSC/ISRO Landslide Atlas (synthetic NER representation — not official data),GODL-India/Research use — synthetic representation only
ISRO-2017-1112,27.06803,88.741795,2017-09-20,2017,Sikkim,East Sikkim,debris_flow,rain,low,event,isro_atlas_synthetic,simulated,NRSC/ISRO Landslide Atlas (synthetic NER representation — not official data),GODL-India/Research use — synthetic representation only
ISRO-2003-1113,25.601395,90.209718,2003-06-05,2003,Meghalaya,South Garo Hills,debris_flow,unknown,very_high,event,isro_atlas_synthetic,simulated,NRSC/ISRO Landslide Atlas (synthetic NER representation — not official data),GODL-India/Research use — synthetic representation only
ISRO-2021-1114,25.269461,91.35341,2021-07-22,2021,Assam,Kamrup,mudflow,rain,low,seasonal,isro_atlas_synthetic,simulated,NRSC/ISRO Landslide Atlas (synthetic NER representation — not official data),GODL-India/Research use — synthetic representation only
ISRO-2013-1115,25.452803,92.665652,2013-08-08,2013,Assam,Cachar,debris_flow,rain,low,seasonal,isro_atlas_synthetic,simulated,NRSC/ISRO Landslide Atlas (synthetic NER representation — not official data),GODL-India/Research use — synthetic representation only
ISRO-2008-1116,25.423614,91.853498,2008-07-10,2008,Meghalaya,East Khasi Hills,rockfall,unknown,medium,route,isro_atlas_synthetic,simulated,NRSC/ISRO Landslide Atlas (synthetic NER representation — not official data),GODL-India/Research use — synthetic representation only
ISRO-2007-1117,27.2253,88.655258,2007-05-08,2007,Sikkim,East Sikkim,translational_slide,rain,very_high,route,isro_atlas_synthetic,simulated,NRSC/ISRO Landslide Atlas (synthetic NER representation — not official data),GODL-India/Research use — synthetic representation only
ISRO-2003-1118,23.558905,91.268631,2003-05-26,2003,Tripura,West Tripura,rockfall,rain,low,seasonal,isro_atlas_synthetic,simulated,NRSC/ISRO Landslide Atlas (synthetic NER representation — not official data),GODL-India/Research use — synthetic representation only
ISRO-2017-1119,27.597688,88.176646,2017-07-20,2017,Sikkim,North Sikkim,rockfall,rain,low,seasonal,isro_atlas_synthetic,simulated,NRSC/ISRO Landslide Atlas (synthetic NER representation — not official data),GODL-India/Research use — synthetic representation only
ISRO-2006-1120,25.534875,92.087371,2006-09-11,2006,Meghalaya,East Khasi Hills,rotational_slide,rain,medium,seasonal,isro_atlas_synthetic,simulated,NRSC/ISRO Landslide Atlas (synthetic NER representation — not official data),GODL-India/Research use — synthetic representation only
ISRO-2004-1121,24.437617,94.003174,2004-07-16,2004,Manipur,Ukhrul,mudflow,earthquake,low,event,isro_atlas_synthetic,simulated,NRSC/ISRO Landslide Atlas (synthetic NER representation — not official data),GODL-India/Research use — synthetic representation only
ISRO-2020-1122,26.217173,94.682982,2020-10-11,2020,Nagaland,Kohima,debris_flow,rain,low,event,isro_atlas_synthetic,simulated,NRSC/ISRO Landslide Atlas (synthetic NER representation — not official data),GODL-India/Research use — synthetic representation only
ISRO-1998-1123,27.509431,95.308434,1998-08-17,1998,Arunachal Pradesh,Lohit,rockfall,human_activity,medium,route,isro_atlas_synthetic,simulated,NRSC/ISRO Landslide Atlas (synthetic NER representation — not official data),GODL-India/Research use — synthetic representation only
ISRO-2012-1124,25.42429,91.990489,2012-02-27,2012,Meghalaya,East Khasi Hills,debris_flow,rain,medium,event,isro_atlas_synthetic,simulated,NRSC/ISRO Landslide Atlas (synthetic NER representation — not official data),GODL-India/Research use — synthetic representation only
ISRO-2001-1125,27.232715,88.564097,2001-10-26,2001,Sikkim,East Sikkim,debris_flow,monsoonal_rain,medium,seasonal,isro_atlas_synthetic,simulated,NRSC/ISRO Landslide Atlas (synthetic NER representation — not official data),GODL-India/Research use — synthetic representation only
ISRO-2019-1126,26.073028,94.494482,2019-01-01,2019,Nagaland,Kohima,mudflow,rain,high,seasonal,isro_atlas_synthetic,simulated,NRSC/ISRO Landslide Atlas (synthetic NER representation — not official data),GODL-India/Research use — synthetic representation only
ISRO-2015-1127,27.266117,88.374371,2015-11-19,2015,Sikkim,North Sikkim,rockfall,monsoonal_rain,low,route,isro_atlas_synthetic,simulated,NRSC/ISRO Landslide Atlas (synthetic NER representation — not official data),GODL-India/Research use — synthetic representation only
ISRO-2014-1128,26.445963,94.305555,2014-07-23,2014,Assam,Dima Hasao,translational_slide,monsoonal_rain,very_high,event,isro_atlas_synthetic,simulated,NRSC/ISRO Landslide Atlas (synthetic NER representation — not official data),GODL-India/Research use — synthetic representation only
ISRO-2016-1129,27.312004,88.730465,2016-02-23,2016,Sikkim,East Sikkim,rockfall,rain,low,route,isro_atlas_synthetic,simulated,NRSC/ISRO Landslide Atlas (synthetic NER representation — not official data),GODL-India/Research use — synthetic representation only
ISRO-2007-1130,25.493756,92.081217,2007-11-08,2007,Meghalaya,East Khasi Hills,mudflow,rain,medium,event,isro_atlas_synthetic,simulated,NRSC/ISRO Landslide Atlas (synthetic NER representation — not official data),GODL-India/Research use — synthetic representation only
ISRO-2000-1131,27.019655,88.232418,2000-07-17,2000,Sikkim,West Sikkim,rotational_slide,rain,low,event,isro_atlas_synthetic,simulated,NRSC/ISRO Landslide Atlas (synthetic NER representation — not official data),GODL-India/Research use — synthetic representation only
ISRO-2022-1132,24.946493,93.894598,2022-11-16,2022,Manipur,Chandel,rockfall,rain,high,route,isro_atlas_synthetic,simulated,NRSC/ISRO Landslide Atlas (synthetic NER representation — not official data),GODL-India/Research use — synthetic representation only
ISRO-2013-1133,25.747461,90.766641,2013-10-23,2013,Meghalaya,West Khasi Hills,rotational_slide,rain_and_snowmelt,very_high,seasonal,isro_atlas_synthetic,simulated,NRSC/ISRO Landslide Atlas (synthetic NER representation — not official data),GODL-India/Research use — synthetic representation only
ISRO-2002-1134,25.451565,91.329323,2002-09-17,2002,Assam,Kamrup,translational_slide,rain,low,event,isro_atlas_synthetic,simulated,NRSC/ISRO Landslide Atlas (synthetic NER representation — not official data),GODL-India/Research use — synthetic representation only
ISRO-2014-1135,23.788437,92.620658,2014-10-04,2014,Mizoram,Champhai,translational_slide,rain,medium,event,isro_atlas_synthetic,simulated,NRSC/ISRO Landslide Atlas (synthetic NER representation — not official data),GODL-India/Research use — synthetic representation only
ISRO-2009-1136,26.230309,94.508708,2009-02-06,2009,Nagaland,Mokokchung,rotational_slide,rain,low,route,isro_atlas_synthetic,simulated,NRSC/ISRO Landslide Atlas (synthetic NER representation — not official data),GODL-India/Research use — synthetic representation only
ISRO-2011-1137,27.562249,91.881081,2011-05-15,2011,Arunachal Pradesh,Tawang,debris_flow,rain,low,seasonal,isro_atlas_synthetic,simulated,NRSC/ISRO Landslide Atlas (synthetic NER representation — not official data),GODL-India/Research use — synthetic representation only
ISRO-2009-1138,27.243793,88.62832,2009-07-27,2009,Sikkim,East Sikkim,debris_flow,rain_and_snowmelt,medium,seasonal,isro_atlas_synthetic,simulated,NRSC/ISRO Landslide Atlas (synthetic NER representation — not official data),GODL-India/Research use — synthetic representation only
ISRO-2016-1139,25.814535,90.15076,2016-10-13,2016,Meghalaya,South Garo Hills,translational_slide,monsoonal_rain,medium,event,isro_atlas_synthetic,simulated,NRSC/ISRO Landslide Atlas (synthetic NER representation — not official data),GODL-India/Research use — synthetic representation only
ISRO-2010-1140,26.487263,93.966832,2010-05-23,2010,Nagaland,Dimapur,mudflow,human_activity,medium,route,isro_atlas_synthetic,simulated,NRSC/ISRO Landslide Atlas (synthetic NER representation — not official data),GODL-India/Research use — synthetic representation only
ISRO-2013-1141,23.63001,92.886084,2013-10-10,2013,Mizoram,Aizawl,translational_slide,rain,very_high,seasonal,isro_atlas_synthetic,simulated,NRSC/ISRO Landslide Atlas (synthetic NER representation — not official data),GODL-India/Research use — synthetic representation only
ISRO-2005-1142,24.574784,93.696821,2005-07-20,2005,Manipur,Ukhrul,debris_flow,rain,medium,seasonal,isro_atlas_synthetic,simulated,NRSC/ISRO Landslide Atlas (synthetic NER representation — not official data),GODL-India/Research use — synthetic representation only
ISRO-2010-1143,27.362626,95.107834,2010-07-04,2010,Arunachal Pradesh,Lohit,translational_slide,rain,very_high,seasonal,isro_atlas_synthetic,simulated,NRSC/ISRO Landslide Atlas (synthetic NER representation — not official data),GODL-India/Research use — synthetic representation only
ISRO-1999-1144,25.80905,90.169219,1999-07-13,1999,Meghalaya,South Garo Hills,debris_flow,rain,low,event,isro_atlas_synthetic,simulated,NRSC/ISRO Landslide Atlas (synthetic NER representation — not official data),GODL-India/Research use — synthetic representation only
ISRO-2011-1145,23.936176,92.485009,2011-07-25,2011,Mizoram,Champhai,rockfall,rain,low,event,isro_atlas_synthetic,simulated,NRSC/ISRO Landslide Atlas (synthetic NER representation — not official data),GODL-India/Research use — synthetic representation only
ISRO-2006-1146,28.282915,94.789323,2006-08-16,2006,Arunachal Pradesh,Upper Siang,mudflow,human_activity,medium,event,isro_atlas_synthetic,simulated,NRSC/ISRO Landslide Atlas (synthetic NER representation — not official data),GODL-India/Research use — synthetic representation only
ISRO-2002-1147,27.101558,88.135592,2002-02-19,2002,Sikkim,West Sikkim,rotational_slide,monsoonal_rain,low,route,isro_atlas_synthetic,simulated,NRSC/ISRO Landslide Atlas (synthetic NER representation — not official data),GODL-India/Research use — synthetic representation only
ISRO-2010-1148,27.297685,95.336699,2010-07-01,2010,Arunachal Pradesh,Lohit,translational_slide,rain_and_snowmelt,low,route,isro_atlas_synthetic,simulated,NRSC/ISRO Landslide Atlas (synthetic NER representation — not official data),GODL-India/Research use — synthetic representation only
ISRO-2016-1149,26.742523,94.323024,2016-09-17,2016,Assam,Dima Hasao,translational_slide,rain_and_snowmelt,medium,event,isro_atlas_synthetic,simulated,NRSC/ISRO Landslide Atlas (synthetic NER representation — not official data),GODL-India/Research use — synthetic representation only
ISRO-2011-1150,23.679247,91.293338,2011-08-04,2011,Tripura,West Tripura,rockfall,rain,low,event,isro_atlas_synthetic,simulated,NRSC/ISRO Landslide Atlas (synthetic NER representation — not official data),GODL-India/Research use — synthetic representation only
ISRO-2002-1151,25.53119,92.073472,2002-02-10,2002,Meghalaya,East Khasi Hills,mudflow,human_activity,high,event,isro_atlas_synthetic,simulated,NRSC/ISRO Landslide Atlas (synthetic NER representation — not official data),GODL-India/Research use — synthetic representation only
ISRO-2004-1152,25.622569,92.922737,2004-05-11,2004,Assam,Cachar,debris_flow,rain,low,seasonal,isro_atlas_synthetic,simulated,NRSC/ISRO Landslide Atlas (synthetic NER representation — not official data),GODL-India/Research use — synthetic representation only
ISRO-2022-1153,27.446409,88.442099,2022-12-05,2022,Sikkim,West Sikkim,debris_flow,rain,low,seasonal,isro_atlas_synthetic,simulated,NRSC/ISRO Landslide Atlas (synthetic NER representation — not official data),GODL-India/Research use — synthetic representation only
ISRO-1999-1154,24.962885,94.648649,1999-09-21,1999,Manipur,Senapati,mudflow,rain,medium,seasonal,isro_atlas_synthetic,simulated,NRSC/ISRO Landslide Atlas (synthetic NER representation — not official data),GODL-India/Research use — synthetic representation only
ISRO-2012-1155,26.504669,94.507981,2012-07-09,2012,Nagaland,Mokokchung,debris_flow,unknown,medium,route,isro_atlas_synthetic,simulated,NRSC/ISRO Landslide Atlas (synthetic NER representation — not official data),GODL-India/Research use — synthetic representation only
ISRO-2005-1156,27.596818,91.56448,2005-07-07,2005,Arunachal Pradesh,Tawang,rotational_slide,rain_and_snowmelt,medium,event,isro_atlas_synthetic,simulated,NRSC/ISRO Landslide Atlas (synthetic NER representation — not official data),GODL-India/Research use — synthetic representation only
ISRO-2013-1157,24.664308,93.770841,2013-09-10,2013,Manipur,Ukhrul,rockfall,rain,high,event,isro_atlas_synthetic,simulated,NRSC/ISRO Landslide Atlas (synthetic NER representation — not official data),GODL-India/Research use — synthetic representation only
ISRO-2011-1158,25.000006,94.345975,2011-12-12,2011,Manipur,Senapati,translational_slide,unknown,low,route,isro_atlas_synthetic,simulated,NRSC/ISRO Landslide Atlas (synthetic NER representation — not official data),GODL-India/Research use — synthetic representation only
ISRO-2001-1159,24.607227,93.884869,2001-11-24,2001,Manipur,Ukhrul,rockfall,rain,high,seasonal,isro_atlas_synthetic,simulated,NRSC/ISRO Landslide Atlas (synthetic NER representation — not official data),GODL-India/Research use — synthetic representation only
ISRO-2021-1160,23.860674,91.350438,2021-10-02,2021,Tripura,West Tripura,rotational_slide,rain,low,route,isro_atlas_synthetic,simulated,NRSC/ISRO Landslide Atlas (synthetic NER representation — not official data),GODL-India/Research use — synthetic representation only
ISRO-2021-1161,25.94595,90.288201,2021-08-05,2021,Meghalaya,South Garo Hills,translational_slide,rain,low,seasonal,isro_atlas_synthetic,simulated,NRSC/ISRO Landslide Atlas (synthetic NER representation — not official data),GODL-India/Research use — synthetic representation only
ISRO-2008-1162,23.589765,91.25262,2008-09-24,2008,Tripura,West Tripura,rockfall,rain,low,event,isro_atlas_synthetic,simulated,NRSC/ISRO Landslide Atlas (synthetic NER representation — not official data),GODL-India/Research use — synthetic representation only
ISRO-2000-1163,26.717021,94.076146,2000-09-03,2000,Nagaland,Dimapur,debris_flow,rain,medium,seasonal,isro_atlas_synthetic,simulated,NRSC/ISRO Landslide Atlas (synthetic NER representation — not official data),GODL-India/Research use — synthetic representation only
ISRO-1998-1164,24.982699,94.271902,1998-07-26,1998,Manipur,Chandel,translational_slide,rain,medium,seasonal,isro_atlas_synthetic,simulated,NRSC/ISRO Landslide Atlas (synthetic NER representation — not official data),GODL-India/Research use — synthetic representation only
ISRO-2004-1165,27.335678,95.035861,2004-11-26,2004,Arunachal Pradesh,Lohit,mudflow,unknown,low,event,isro_atlas_synthetic,simulated,NRSC/ISRO Landslide Atlas (synthetic NER representation — not official data),GODL-India/Research use — synthetic representation only
ISRO-2016-1166,26.89123,92.817821,2016-07-19,2016,Arunachal Pradesh,Papum Pare,rotational_slide,earthquake,medium,event,isro_atlas_synthetic,simulated,NRSC/ISRO Landslide Atlas (synthetic NER representation — not official data),GODL-India/Research use — synthetic representation only
ISRO-1999-1167,25.550584,91.061932,1999-07-02,1999,Meghalaya,West Khasi Hills,rockfall,human_activity,medium,route,isro_atlas_synthetic,simulated,NRSC/ISRO Landslide Atlas (synthetic NER representation — not official data),GODL-India/Research use — synthetic representation only
ISRO-2008-1168,24.524129,93.93928,2008-03-09,2008,Manipur,Ukhrul,rotational_slide,rain,low,event,isro_atlas_synthetic,simulated,NRSC/ISRO Landslide Atlas (synthetic NER representation — not official data),GODL-India/Research use — synthetic representation only
ISRO-2013-1169,26.238524,94.449817,2013-09-23,2013,Nagaland,Kohima,debris_flow,unknown,low,seasonal,isro_atlas_synthetic,simulated,NRSC/ISRO Landslide Atlas (synthetic NER representation — not official data),GODL-India/Research use — synthetic representation only
ISRO-2006-1170,23.813442,92.593033,2006-12-09,2006,Mizoram,Champhai,rotational_slide,human_activity,medium,event,isro_atlas_synthetic,simulated,NRSC/ISRO Landslide Atlas (synthetic NER representation — not official data),GODL-India/Research use — synthetic representation only
ISRO-2004-1171,26.473487,94.065313,2004-09-14,2004,Nagaland,Dimapur,rockfall,unknown,low,route,isro_atlas_synthetic,simulated,NRSC/ISRO Landslide Atlas (synthetic NER representation — not official data),GODL-India/Research use — synthetic representation only
ISRO-2017-1172,23.935423,91.494254,2017-09-03,2017,Tripura,West Tripura,rotational_slide,earthquake,very_high,event,isro_atlas_synthetic,simulated,NRSC/ISRO Landslide Atlas (synthetic NER representation — not official data),GODL-India/Research use — synthetic representation only
ISRO-2022-1173,25.537339,90.217779,2022-07-05,2022,Meghalaya,South Garo Hills,mudflow,rain_and_snowmelt,medium,route,isro_atlas_synthetic,simulated,NRSC/ISRO Landslide Atlas (synthetic NER representation — not official data),GODL-India/Research use — synthetic representation only
ISRO-2009-1174,27.607313,91.993341,2009-06-23,2009,Arunachal Pradesh,Tawang,rockfall,human_activity,low,route,isro_atlas_synthetic,simulated,NRSC/ISRO Landslide Atlas (synthetic NER representation — not official data),GODL-India/Research use — synthetic representation only
ISRO-2011-1175,25.355588,92.820678,2011-08-19,2011,Assam,Cachar,debris_flow,unknown,high,seasonal,isro_atlas_synthetic,simulated,NRSC/ISRO Landslide Atlas (synthetic NER representation — not official data),GODL-India/Research use — synthetic representation only
ISRO-2014-1176,26.481101,92.812582,2014-09-13,2014,Arunachal Pradesh,East Kameng,translational_slide,rain_and_snowmelt,medium,event,isro_atlas_synthetic,simulated,NRSC/ISRO Landslide Atlas (synthetic NER representation — not official data),GODL-India/Research use — synthetic representation only
ISRO-2015-1177,24.572999,93.821124,2015-06-10,2015,Manipur,Ukhrul,rotational_slide,rain,very_high,seasonal,isro_atlas_synthetic,simulated,NRSC/ISRO Landslide Atlas (synthetic NER representation — not official data),GODL-India/Research use — synthetic representation only
ISRO-2008-1178,26.418413,94.713864,2008-03-27,2008,Nagaland,Mokokchung,rockfall,earthquake,low,event,isro_atlas_synthetic,simulated,NRSC/ISRO Landslide Atlas (synthetic NER representation — not official data),GODL-India/Research use — synthetic representation only
ISRO-2013-1179,26.240712,93.719055,2013-09-12,2013,Assam,Karbi Anglong,rockfall,rain_and_snowmelt,high,event,isro_atlas_synthetic,simulated,NRSC/ISRO Landslide Atlas (synthetic NER representation — not official data),GODL-India/Research use — synthetic representation only
ISRO-2012-1180,26.477259,94.135963,2012-06-16,2012,Nagaland,Dimapur,rockfall,earthquake,high,event,isro_atlas_synthetic,simulated,NRSC/ISRO Landslide Atlas (synthetic NER representation — not official data),GODL-India/Research use — synthetic representation only
ISRO-2012-1181,26.62416,92.902758,2012-09-09,2012,Arunachal Pradesh,East Kameng,debris_flow,earthquake,low,seasonal,isro_atlas_synthetic,simulated,NRSC/ISRO Landslide Atlas (synthetic NER representation — not official data),GODL-India/Research use — synthetic representation only
ISRO-2004-1182,25.423941,92.921091,2004-10-07,2004,Assam,Cachar,debris_flow,earthquake,medium,event,isro_atlas_synthetic,simulated,NRSC/ISRO Landslide Atlas (synthetic NER representation — not official data),GODL-India/Research use — synthetic representation only
ISRO-2003-1183,23.239489,92.743397,2003-10-27,2003,Mizoram,Aizawl,debris_flow,rain,low,event,isro_atlas_synthetic,simulated,NRSC/ISRO Landslide Atlas (synthetic NER representation — not official data),GODL-India/Research use — synthetic representation only
ISRO-2022-1184,24.667805,94.250657,2022-08-17,2022,Manipur,Senapati,rotational_slide,human_activity,low,event,isro_atlas_synthetic,simulated,NRSC/ISRO Landslide Atlas (synthetic NER representation — not official data),GODL-India/Research use — synthetic representation only
ISRO-1998-1185,26.191207,92.732434,1998-08-27,1998,Arunachal Pradesh,East Kameng,translational_slide,rain,high,seasonal,isro_atlas_synthetic,simulated,NRSC/ISRO Landslide Atlas (synthetic NER representation — not official data),GODL-India/Research use — synthetic representation only
ISRO-2022-1186,23.72888,91.54953,2022-09-18,2022,Tripura,West Tripura,mudflow,human_activity,low,seasonal,isro_atlas_synthetic,simulated,NRSC/ISRO Landslide Atlas (synthetic NER representation — not official data),GODL-India/Research use — synthetic representation only
ISRO-2021-1187,27.202338,92.948336,2021-11-26,2021,Arunachal Pradesh,Papum Pare,translational_slide,rain,medium,event,isro_atlas_synthetic,simulated,NRSC/ISRO Landslide Atlas (synthetic NER representation — not official data),GODL-India/Research use — synthetic representation only
ISRO-1999-1188,26.103997,94.938476,1999-09-06,1999,Nagaland,Mokokchung,rotational_slide,human_activity,medium,event,isro_atlas_synthetic,simulated,NRSC/ISRO Landslide Atlas (synthetic NER representation — not official data),GODL-India/Research use — synthetic representation only
ISRO-2012-1189,23.862769,91.335203,2012-09-06,2012,Tripura,West Tripura,debris_flow,earthquake,low,event,isro_atlas_synthetic,simulated,NRSC/ISRO Landslide Atlas (synthetic NER representation — not official data),GODL-India/Research use — synthetic representation only
ISRO-2004-1190,27.153694,92.837946,2004-11-26,2004,Arunachal Pradesh,Papum Pare,rockfall,rain,medium,event,isro_atlas_synthetic,simulated,NRSC/ISRO Landslide Atlas (synthetic NER representation — not official data),GODL-India/Research use — synthetic representation only
ISRO-2020-1191,27.563766,88.165892,2020-04-14,2020,Sikkim,North Sikkim,debris_flow,earthquake,medium,event,isro_atlas_synthetic,simulated,NRSC/ISRO Landslide Atlas (synthetic NER representation — not official data),GODL-India/Research use — synthetic representation only
ISRO-2018-1192,25.381159,91.020742,2018-12-18,2018,Meghalaya,West Khasi Hills,debris_flow,monsoonal_rain,medium,event,isro_atlas_synthetic,simulated,NRSC/ISRO Landslide Atlas (synthetic NER representation — not official data),GODL-India/Research use — synthetic representation only
ISRO-2019-1193,24.867913,94.20374,2019-12-03,2019,Manipur,Chandel,rockfall,rain_and_snowmelt,very_high,seasonal,isro_atlas_synthetic,simulated,NRSC/ISRO Landslide Atlas (synthetic NER representation — not official data),GODL-India/Research use — synthetic representation only
ISRO-2012-1194,27.487519,91.887236,2012-08-19,2012,Arunachal Pradesh,Tawang,mudflow,monsoonal_rain,low,event,isro_atlas_synthetic,simulated,NRSC/ISRO Landslide Atlas (synthetic NER representation — not official data),GODL-India/Research use — synthetic representation only
ISRO-2013-1195,26.201544,92.62305,2013-07-01,2013,Arunachal Pradesh,East Kameng,debris_flow,earthquake,medium,seasonal,isro_atlas_synthetic,simulated,NRSC/ISRO Landslide Atlas (synthetic NER representation — not official data),GODL-India/Research use — synthetic representation only
ISRO-2014-1196,22.720087,92.578669,2014-09-17,2014,Mizoram,Lunglei,rotational_slide,rain,medium,route,isro_atlas_synthetic,simulated,NRSC/ISRO Landslide Atlas (synthetic NER representation — not official data),GODL-India/Research use — synthetic representation only
ISRO-1999-1197,25.466156,91.210206,1999-07-18,1999,Assam,Kamrup,translational_slide,rain,high,seasonal,isro_atlas_synthetic,simulated,NRSC/ISRO Landslide Atlas (synthetic NER representation — not official data),GODL-India/Research use — synthetic representation only
ISRO-2001-1198,23.491191,92.509978,2001-09-02,2001,Mizoram,Aizawl,mudflow,rain,low,route,isro_atlas_synthetic,simulated,NRSC/ISRO Landslide Atlas (synthetic NER representation — not official data),GODL-India/Research use — synthetic representation only
ISRO-2018-1199,23.677063,91.51305,2018-09-15,2018,Tripura,Gomati,translational_slide,unknown,low,event,isro_atlas_synthetic,simulated,NRSC/ISRO Landslide Atlas (synthetic NER representation — not official data),GODL-India/Research use — synthetic representation only
ISRO-2020-1200,27.368655,95.196653,2020-06-14,2020,Arunachal Pradesh,Lohit,translational_slide,unknown,low,seasonal,isro_atlas_synthetic,simulated,NRSC/ISRO Landslide Atlas (synthetic NER representation — not official data),GODL-India/Research use — synthetic representation only
