event_id,latitude,longitude,ground_displacement,displacement_class,data_source,data_quality
ISRO-2017-0001,27.269439,95.379299,16.52,creep,sentinel1_synthetic,simulated
ISRO-2001-0002,25.475193,90.935399,1.48,stable,sentinel1_synthetic,simulated
ISRO-2011-0003,27.081909,95.363816,0.12,creep,sentinel1_synthetic,simulated
ISRO-2017-0004,23.547319,92.483361,2.91,stable,sentinel1_synthetic,simulated
ISRO-2006-0005,24.43523,93.884778,20.79,creep,sentinel1_synthetic,simulated
ISRO-2008-0006,23.966339,91.400133,1.2,stable,sentinel1_synthetic,simulated
ISRO-2015-0007,25.319876,92.549954,4.26,stable,sentinel1_synthetic,simulated
ISRO-2009-0008,25.734371,90.119898,1.66,stable,sentinel1_synthetic,simulated
ISRO-2013-0009,25.72679,90.329604,11.38,creep,sentinel1_synthetic,simulated
ISRO-2019-0010,23.36697,91.379151,31.44,creep,sentinel1_synthetic,simulated
ISRO-2014-0011,23.453193,91.75701,2.38,stable,sentinel1_synthetic,simulated
ISRO-2002-0012,26.200522,94.326156,12.52,creep,sentinel1_synthetic,simulated
ISRO-2007-0013,23.193825,92.509003,51.79,active,sentinel1_synthetic,simulated
ISRO-2017-0014,25.608445,92.674681,15.37,creep,sentinel1_synthetic,simulated
ISRO-2005-0015,26.23961,94.338386,14.22,creep,sentinel1_synthetic,simulated
ISRO-2012-0016,27.074923,92.792222,9.63,creep,sentinel1_synthetic,simulated
ISRO-2000-0017,23.743822,92.335296,34.72,creep,sentinel1_synthetic,simulated
ISRO-2021-0018,26.991152,93.141368,0.43,stable,sentinel1_synthetic,simulated
ISRO-2009-0019,25.583488,90.215784,4.71,stable,sentinel1_synthetic,simulated
ISRO-2001-0020,25.727018,90.104288,6.49,creep,sentinel1_synthetic,simulated
ISRO-2000-0021,25.608006,91.265107,15.03,creep,sentinel1_synthetic,simulated
ISRO-2005-0022,23.72645,91.495459,11.09,active,sentinel1_synthetic,simulated
ISRO-2008-0023,26.346188,94.095839,8.98,creep,sentinel1_synthetic,simulated
ISRO-2017-0024,27.680831,91.736829,15.57,creep,sentinel1_synthetic,simulated
ISRO-2001-0025,27.765556,91.626642,3.76,stable,sentinel1_synthetic,simulated
ISRO-2017-0026,23.735913,91.600371,1.61,stable,sentinel1_synthetic,simulated
ISRO-2001-0027,23.503165,91.697131,23.34,active,sentinel1_synthetic,simulated
ISRO-2001-0028,27.111877,88.813781,16.59,creep,sentinel1_synthetic,simulated
ISRO-2005-0029,25.712404,90.76243,6.35,creep,sentinel1_synthetic,simulated
ISRO-2022-0030,27.648021,92.016512,2.43,stable,sentinel1_synthetic,simulated
ISRO-2018-0031,26.248409,93.76632,68.57,active,sentinel1_synthetic,simulated
ISRO-2007-0032,26.962941,93.075966,19.0,creep,sentinel1_synthetic,simulated
ISRO-2018-0033,27.102639,88.383279,20.26,creep,sentinel1_synthetic,simulated
ISRO-2021-0034,27.032766,88.19236,0.53,stable,sentinel1_synthetic,simulated
ISRO-1999-0035,27.345572,88.690357,3.47,stable,sentinel1_synthetic,simulated
ISRO-1999-0036,25.340749,90.868372,47.16,active,sentinel1_synthetic,simulated
ISRO-2011-0037,23.600836,91.466729,4.87,creep,sentinel1_synthetic,simulated
ISRO-2022-0038,25.651013,92.839739,16.53,creep,sentinel1_synthetic,simulated
ISRO-2019-0039,23.4814,91.542545,0.04,stable,sentinel1_synthetic,simulated
ISRO-2003-0040,23.333756,92.633196,0.67,stable,sentinel1_synthetic,simulated
ISRO-2020-0041,23.690455,92.414181,19.26,creep,sentinel1_synthetic,simulated
ISRO-2013-0042,26.394078,94.117447,1.46,stable,sentinel1_synthetic,simulated
ISRO-2000-0043,23.012858,92.592247,1.8,stable,sentinel1_synthetic,simulated
ISRO-2017-0044,25.147557,94.323014,0.6,stable,sentinel1_synthetic,simulated
ISRO-2012-0045,27.036215,92.982993,1.24,stable,sentinel1_synthetic,simulated
ISRO-2021-0046,26.809867,92.808552,0.45,stable,sentinel1_synthetic,simulated
ISRO-2006-0047,26.399183,94.631266,2.51,active,sentinel1_synthetic,simulated
ISRO-2021-0048,27.268952,95.14166,4.44,stable,sentinel1_synthetic,simulated
ISRO-2007-0049,27.243316,93.10888,66.12,active,sentinel1_synthetic,simulated
ISRO-2012-0050,25.393048,91.856151,4.52,creep,sentinel1_synthetic,simulated
ISRO-2005-0051,27.809221,91.940647,11.83,creep,sentinel1_synthetic,simulated
ISRO-2000-0052,28.349552,94.782842,0.85,stable,sentinel1_synthetic,simulated
ISRO-2001-0053,25.138384,93.949102,11.73,creep,sentinel1_synthetic,simulated
ISRO-2013-0054,27.450741,88.469276,0.83,stable,sentinel1_synthetic,simulated
ISRO-2015-0055,27.46899,88.370076,3.57,stable,sentinel1_synthetic,simulated
ISRO-2019-0056,27.127606,95.317311,2.04,stable,sentinel1_synthetic,simulated
ISRO-1999-0057,25.558154,90.771175,1.19,stable,sentinel1_synthetic,simulated
ISRO-2022-0058,24.77928,94.54204,1.21,stable,sentinel1_synthetic,simulated
ISRO-2012-0059,24.599888,93.974617,4.89,creep,sentinel1_synthetic,simulated
ISRO-2000-0060,26.817047,92.889038,12.27,creep,sentinel1_synthetic,simulated
ISRO-2008-0061,26.858814,93.044153,2.27,stable,sentinel1_synthetic,simulated
ISRO-2012-0062,27.332886,95.301001,59.04,active,sentinel1_synthetic,simulated
ISRO-2008-0063,26.563006,94.130329,10.92,creep,sentinel1_synthetic,simulated
ISRO-2011-0064,26.649935,93.907225,4.69,stable,sentinel1_synthetic,simulated
ISRO-1999-0065,27.190306,88.517065,1.06,stable,sentinel1_synthetic,simulated
ISRO-2019-0066,26.136131,94.326806,4.01,stable,sentinel1_synthetic,simulated
ISRO-2017-0067,24.905481,94.193833,3.38,stable,sentinel1_synthetic,simulated
ISRO-2011-0068,26.331876,93.832953,19.4,creep,sentinel1_synthetic,simulated
ISRO-2001-0069,22.874123,92.746286,3.25,stable,sentinel1_synthetic,simulated
ISRO-2002-0070,26.303552,93.672325,2.21,stable,sentinel1_synthetic,simulated
ISRO-2000-0071,27.471834,91.971794,14.84,creep,sentinel1_synthetic,simulated
ISRO-2007-0072,26.219764,94.419228,23.08,creep,sentinel1_synthetic,simulated
ISRO-2020-0073,25.043562,94.275137,0.11,stable,sentinel1_synthetic,simulated
ISRO-2020-0074,23.565416,91.438753,17.08,creep,sentinel1_synthetic,simulated
ISRO-2005-0075,24.549239,93.653657,5.53,creep,sentinel1_synthetic,simulated
ISRO-2009-0076,27.630716,88.601664,101.98,active,sentinel1_synthetic,simulated
ISRO-2016-0077,25.470044,91.026552,2.1,stable,sentinel1_synthetic,simulated
ISRO-2016-0078,23.423246,91.411935,1.37,stable,sentinel1_synthetic,simulated
ISRO-2022-0079,25.355788,91.546841,2.25,stable,sentinel1_synthetic,simulated
ISRO-1998-0080,25.436351,92.474349,12.12,creep,sentinel1_synthetic,simulated
ISRO-2016-0081,26.650436,93.774482,0.86,stable,sentinel1_synthetic,simulated
ISRO-2014-0082,25.264804,92.650678,57.38,active,sentinel1_synthetic,simulated
ISRO-2019-0083,26.199472,94.74516,17.71,creep,sentinel1_synthetic,simulated
ISRO-2006-0084,23.80882,92.653716,24.31,creep,sentinel1_synthetic,simulated
ISRO-2022-0085,26.500441,92.847606,1.94,stable,sentinel1_synthetic,simulated
ISRO-1999-0086,27.15099,94.958834,7.13,creep,sentinel1_synthetic,simulated
ISRO-2016-0087,23.520428,91.49227,0.33,stable,sentinel1_synthetic,simulated
ISRO-2016-0088,23.545372,91.67672,5.72,creep,sentinel1_synthetic,simulated
ISRO-2005-0089,27.630745,91.945987,15.82,creep,sentinel1_synthetic,simulated
ISRO-2018-0090,25.701277,92.843795,11.19,active,sentinel1_synthetic,simulated
ISRO-2010-0091,26.266486,94.467921,3.3,stable,sentinel1_synthetic,simulated
ISRO-2009-0092,23.508044,91.506285,78.12,active,sentinel1_synthetic,simulated
ISRO-2003-0093,24.901036,94.047063,39.74,active,sentinel1_synthetic,simulated
ISRO-2010-0094,27.294751,95.116547,21.57,creep,sentinel1_synthetic,simulated
ISRO-2004-0095,23.389932,92.791629,16.86,creep,sentinel1_synthetic,simulated
ISRO-2015-0096,27.325227,88.173687,9.63,creep,sentinel1_synthetic,simulated
ISRO-2000-0097,27.060075,92.870819,3.22,stable,sentinel1_synthetic,simulated
ISRO-2013-0098,25.331372,91.136469,3.76,stable,sentinel1_synthetic,simulated
ISRO-2022-0099,27.130768,88.45658,43.47,active,sentinel1_synthetic,simulated
ISRO-2005-0100,22.689054,92.564917,3.31,stable,sentinel1_synthetic,simulated
ISRO-2016-0101,26.008577,94.09501,45.55,active,sentinel1_synthetic,simulated
ISRO-2010-0102,26.545887,94.452004,2.22,stable,sentinel1_synthetic,simulated
ISRO-2020-0103,27.3181,95.260896,1.23,stable,sentinel1_synthetic,simulated
ISRO-2018-0104,23.25908,91.647857,13.27,active,sentinel1_synthetic,simulated
ISRO-2007-0105,25.58881,91.112885,0.57,stable,sentinel1_synthetic,simulated
ISRO-1998-0106,23.948014,91.310115,1.37,stable,sentinel1_synthetic,simulated
ISRO-2001-0107,25.530775,91.939221,0.76,stable,sentinel1_synthetic,simulated
ISRO-2016-0108,27.689183,88.339526,2.97,stable,sentinel1_synthetic,simulated
ISRO-2000-0109,25.201987,94.282786,30.18,active,sentinel1_synthetic,simulated
ISRO-2022-0110,26.438572,94.309656,15.86,creep,sentinel1_synthetic,simulated
ISRO-2008-0111,24.550887,94.117691,46.79,active,sentinel1_synthetic,simulated
ISRO-2002-0112,25.492281,91.319739,1.92,stable,sentinel1_synthetic,simulated
ISRO-2004-0113,25.251044,91.242883,8.69,creep,sentinel1_synthetic,simulated
ISRO-2021-0114,27.37626,95.197753,1.92,stable,sentinel1_synthetic,simulated
ISRO-2020-0115,26.542284,94.941183,23.62,creep,sentinel1_synthetic,simulated
ISRO-2000-0116,25.172898,94.158378,16.5,creep,sentinel1_synthetic,simulated
ISRO-2012-0117,24.917565,94.298016,22.12,creep,sentinel1_synthetic,simulated
ISRO-2021-0118,23.210328,92.898061,2.43,stable,sentinel1_synthetic,simulated
ISRO-2009-0119,27.972629,94.805123,3.71,stable,sentinel1_synthetic,simulated
ISRO-2004-0120,25.230627,91.62001,63.8,active,sentinel1_synthetic,simulated
ISRO-2011-0121,24.467282,93.715877,20.92,creep,sentinel1_synthetic,simulated
ISRO-2011-0122,24.653859,94.276592,11.82,creep,sentinel1_synthetic,simulated
ISRO-2009-0123,28.050226,94.715943,12.19,creep,sentinel1_synthetic,simulated
ISRO-2001-0124,27.510333,88.520694,27.7,active,sentinel1_synthetic,simulated
ISRO-2017-0125,22.755977,93.011892,1.06,stable,sentinel1_synthetic,simulated
ISRO-1999-0126,27.479131,88.214515,17.63,creep,sentinel1_synthetic,simulated
ISRO-2016-0127,24.48055,93.979976,2.39,stable,sentinel1_synthetic,simulated
ISRO-2014-0128,27.473004,94.970127,4.55,stable,sentinel1_synthetic,simulated
ISRO-2014-0129,26.40124,94.223768,3.56,stable,sentinel1_synthetic,simulated
ISRO-2010-0130,23.603543,92.65965,5.62,stable,sentinel1_synthetic,simulated
ISRO-2000-0131,27.383745,88.677759,72.74,active,sentinel1_synthetic,simulated
ISRO-2019-0132,23.67334,91.383925,45.35,active,sentinel1_synthetic,simulated
ISRO-2020-0133,27.051261,88.32104,14.9,creep,sentinel1_synthetic,simulated
ISRO-2006-0134,28.338064,94.649838,3.07,stable,sentinel1_synthetic,simulated
ISRO-2009-0135,25.017969,94.576992,10.21,active,sentinel1_synthetic,simulated
ISRO-2004-0136,27.506336,88.811937,27.1,active,sentinel1_synthetic,simulated
ISRO-2010-0137,27.278226,95.070113,0.71,stable,sentinel1_synthetic,simulated
ISRO-2003-0138,26.258028,94.080285,1.03,stable,sentinel1_synthetic,simulated
ISRO-2001-0139,25.637168,92.507852,17.87,creep,sentinel1_synthetic,simulated
ISRO-2013-0140,24.71645,94.140411,56.59,active,sentinel1_synthetic,simulated
ISRO-2014-0141,26.305922,94.366265,3.29,stable,sentinel1_synthetic,simulated
ISRO-2014-0142,26.546021,94.949711,2.94,stable,sentinel1_synthetic,simulated
ISRO-2009-0143,26.062388,93.67571,6.58,creep,sentinel1_synthetic,simulated
ISRO-2008-0144,23.710773,91.42441,1.12,stable,sentinel1_synthetic,simulated
ISRO-2000-0145,27.026763,88.31692,25.47,creep,sentinel1_synthetic,simulated
ISRO-1998-0146,27.376129,95.361564,4.29,stable,sentinel1_synthetic,simulated
ISRO-2018-0147,24.796378,94.047241,1.91,stable,sentinel1_synthetic,simulated
ISRO-2009-0148,26.133952,94.359595,10.56,creep,sentinel1_synthetic,simulated
ISRO-2002-0149,26.561554,92.749253,24.98,creep,sentinel1_synthetic,simulated
ISRO-2019-0150,26.637798,92.986429,0.05,stable,sentinel1_synthetic,simulated
ISRO-2012-0151,27.625454,91.964273,20.82,creep,sentinel1_synthetic,simulated
ISRO-2004-0152,22.859328,92.928955,8.42,creep,sentinel1_synthetic,simulated
ISRO-2005-0153,26.432048,92.888326,77.77,active,sentinel1_synthetic,simulated
ISRO-2002-0154,26.495132,94.684978,2.18,stable,sentinel1_synthetic,simulated
ISRO-2002-0155,25.389764,91.957046,12.39,creep,sentinel1_synthetic,simulated
ISRO-2019-0156,22.810199,92.730379,8.61,creep,sentinel1_synthetic,simulated
ISRO-2020-0157,26.514833,94.499916,5.23,stable,sentinel1_synthetic,simulated
ISRO-2016-0158,23.659904,91.61303,19.3,creep,sentinel1_synthetic,simulated
ISRO-2012-0159,27.453095,95.035171,3.44,stable,sentinel1_synthetic,simulated
ISRO-2007-0160,26.342376,94.514026,64.11,active,sentinel1_synthetic,simulated
ISRO-2006-0161,23.354335,92.66576,11.5,creep,sentinel1_synthetic,simulated
ISRO-2009-0162,26.133967,93.880909,3.27,creep,sentinel1_synthetic,simulated
ISRO-2000-0163,25.333031,91.111557,0.77,stable,sentinel1_synthetic,simulated
ISRO-2018-0164,25.713752,91.048697,14.41,creep,sentinel1_synthetic,simulated
ISRO-2012-0165,26.952309,88.069271,11.62,creep,sentinel1_synthetic,simulated
ISRO-2010-0166,25.482879,92.452737,16.33,creep,sentinel1_synthetic,simulated
ISRO-2004-0167,27.930294,94.837454,9.83,creep,sentinel1_synthetic,simulated
ISRO-2002-0168,27.547136,88.589074,55.17,active,sentinel1_synthetic,simulated
ISRO-2022-0169,22.953606,92.76249,47.11,active,sentinel1_synthetic,simulated
ISRO-2005-0170,28.001898,94.887167,52.28,active,sentinel1_synthetic,simulated
ISRO-2014-0171,22.838367,92.859357,1.32,stable,sentinel1_synthetic,simulated
ISRO-2002-0172,25.622071,90.098405,26.74,creep,sentinel1_synthetic,simulated
ISRO-2014-0173,23.585705,92.767117,0.85,stable,sentinel1_synthetic,simulated
ISRO-2021-0174,25.0702,92.202899,1.14,creep,sentinel1_synthetic,simulated
ISRO-2000-0175,26.979912,88.467354,15.25,creep,sentinel1_synthetic,simulated
ISRO-2009-0176,26.081559,94.934376,0.81,stable,sentinel1_synthetic,simulated
ISRO-2019-0177,23.803922,92.66501,17.32,creep,sentinel1_synthetic,simulated
ISRO-2011-0178,26.121748,94.099461,17.65,creep,sentinel1_synthetic,simulated
ISRO-2007-0179,26.045753,93.694877,14.2,creep,sentinel1_synthetic,simulated
ISRO-1998-0180,27.128762,95.05291,0.36,stable,sentinel1_synthetic,simulated
ISRO-2003-0181,27.874559,94.526801,15.91,creep,sentinel1_synthetic,simulated
ISRO-2013-0182,23.550934,92.650292,1.02,stable,sentinel1_synthetic,simulated
ISRO-2003-0183,25.268921,92.322847,10.24,creep,sentinel1_synthetic,simulated
ISRO-2014-0184,26.486427,92.76738,20.53,creep,sentinel1_synthetic,simulated
ISRO-2000-0185,27.298824,88.609775,2.86,stable,sentinel1_synthetic,simulated
ISRO-2008-0186,26.983413,88.346478,16.49,creep,sentinel1_synthetic,simulated
ISRO-2020-0187,25.287781,91.880165,1.55,creep,sentinel1_synthetic,simulated
ISRO-2019-0188,26.565533,94.123837,2.12,stable,sentinel1_synthetic,simulated
ISRO-2018-0189,22.902881,92.918287,3.23,stable,sentinel1_synthetic,simulated
ISRO-2013-0190,24.923635,94.597344,0.63,stable,sentinel1_synthetic,simulated
ISRO-2005-0191,24.514696,94.091413,15.45,creep,sentinel1_synthetic,simulated
ISRO-2001-0192,26.186715,94.604167,0.02,stable,sentinel1_synthetic,simulated
ISRO-2017-0193,25.623995,92.857537,19.4,creep,sentinel1_synthetic,simulated
ISRO-2009-0194,25.44603,92.570464,6.12,creep,sentinel1_synthetic,simulated
ISRO-2005-0195,26.134636,94.367999,12.89,creep,sentinel1_synthetic,simulated
ISRO-2022-0196,22.956758,92.99489,24.19,creep,sentinel1_synthetic,simulated
ISRO-2009-0197,23.397157,92.653681,6.69,creep,sentinel1_synthetic,simulated
ISRO-2017-0198,26.673918,94.447412,3.52,stable,sentinel1_synthetic,simulated
ISRO-2013-0199,27.519403,88.52232,0.88,stable,sentinel1_synthetic,simulated
ISRO-2021-0200,22.85144,92.96706,2.12,stable,sentinel1_synthetic,simulated
ISRO-2020-0201,27.020028,88.388854,0.22,stable,sentinel1_synthetic,simulated
ISRO-2008-0202,27.566258,91.676517,2.88,stable,sentinel1_synthetic,simulated
ISRO-1998-0203,23.735584,92.747039,17.64,creep,sentinel1_synthetic,simulated
ISRO-2007-0204,27.123538,92.935772,2.66,stable,sentinel1_synthetic,simulated
ISRO-2014-0205,25.595201,91.241494,2.99,stable,sentinel1_synthetic,simulated
ISRO-2016-0206,27.098894,95.184116,0.44,stable,sentinel1_synthetic,simulated
ISRO-2020-0207,26.65136,94.083015,2.0,stable,sentinel1_synthetic,simulated
ISRO-2003-0208,23.973336,91.249598,9.66,active,sentinel1_synthetic,simulated
ISRO-2020-0209,24.675499,94.07419,20.76,creep,sentinel1_synthetic,simulated
ISRO-2016-0210,25.314147,91.140419,1.21,stable,sentinel1_synthetic,simulated
ISRO-2016-0211,23.660253,91.724676,0.51,stable,sentinel1_synthetic,simulated
ISRO-2012-0212,25.447551,91.143446,14.81,creep,sentinel1_synthetic,simulated
ISRO-2002-0213,26.447616,94.930313,3.4,stable,sentinel1_synthetic,simulated
ISRO-2009-0214,23.943314,92.296904,37.46,creep,sentinel1_synthetic,simulated
ISRO-2022-0215,23.591765,92.60066,0.19,stable,sentinel1_synthetic,simulated
ISRO-1998-0216,23.660079,91.405959,2.51,stable,sentinel1_synthetic,simulated
ISRO-1998-0217,26.448218,94.222574,0.59,stable,sentinel1_synthetic,simulated
ISRO-2020-0218,26.357962,94.015646,2.4,stable,sentinel1_synthetic,simulated
ISRO-2015-0219,25.06778,94.221997,20.95,creep,sentinel1_synthetic,simulated
ISRO-2020-0220,27.755876,91.724782,23.73,creep,sentinel1_synthetic,simulated
ISRO-2006-0221,27.134567,88.455886,19.98,creep,sentinel1_synthetic,simulated
ISRO-2001-0222,27.763627,91.84012,3.12,stable,sentinel1_synthetic,simulated
ISRO-2015-0223,23.773696,91.223032,5.71,stable,sentinel1_synthetic,simulated
ISRO-2004-0224,26.671035,93.915101,25.73,creep,sentinel1_synthetic,simulated
ISRO-2003-0225,26.594451,94.204898,4.37,stable,sentinel1_synthetic,simulated
ISRO-2013-0226,25.061773,93.91754,2.74,stable,sentinel1_synthetic,simulated
ISRO-2008-0227,27.893356,94.561184,0.11,stable,sentinel1_synthetic,simulated
ISRO-2017-0228,27.586278,91.799597,2.66,stable,sentinel1_synthetic,simulated
ISRO-2016-0229,23.285925,91.607844,13.29,creep,sentinel1_synthetic,simulated
ISRO-2009-0230,25.340442,90.858458,12.63,creep,sentinel1_synthetic,simulated
ISRO-1998-0231,26.234991,94.327142,3.85,stable,sentinel1_synthetic,simulated
ISRO-2008-0232,25.529822,91.26534,61.66,active,sentinel1_synthetic,simulated
ISRO-2003-0233,26.193446,94.575217,41.65,active,sentinel1_synthetic,simulated
ISRO-2013-0234,25.579985,91.616467,16.78,creep,sentinel1_synthetic,simulated
ISRO-2022-0235,25.742523,92.903053,1.88,stable,sentinel1_synthetic,simulated
ISRO-2010-0236,26.468335,92.754162,2.88,stable,sentinel1_synthetic,simulated
ISRO-2019-0237,25.473141,90.863934,0.58,stable,sentinel1_synthetic,simulated
ISRO-2014-0238,25.387516,92.482473,4.76,stable,sentinel1_synthetic,simulated
ISRO-2013-0239,25.472344,90.971426,2.55,stable,sentinel1_synthetic,simulated
ISRO-2020-0240,23.424747,92.52502,65.15,active,sentinel1_synthetic,simulated
ISRO-2010-0241,27.400136,88.388616,52.67,active,sentinel1_synthetic,simulated
ISRO-1998-0242,24.769589,94.472005,0.47,stable,sentinel1_synthetic,simulated
ISRO-2009-0243,27.551703,88.272783,84.6,active,sentinel1_synthetic,simulated
ISRO-2018-0244,27.212843,92.850674,1.02,stable,sentinel1_synthetic,simulated
ISRO-2017-0245,27.735101,88.602951,16.8,creep,sentinel1_synthetic,simulated
ISRO-2013-0246,23.758627,91.335921,19.05,creep,sentinel1_synthetic,simulated
ISRO-2009-0247,25.504915,90.906107,51.59,active,sentinel1_synthetic,simulated
ISRO-2009-0248,26.421284,94.617073,12.46,creep,sentinel1_synthetic,simulated
ISRO-2013-0249,23.613335,92.578947,19.4,creep,sentinel1_synthetic,simulated
ISRO-2006-0250,27.285622,88.387653,5.45,creep,sentinel1_synthetic,simulated
ISRO-2019-0251,25.373195,91.626488,2.74,stable,sentinel1_synthetic,simulated
ISRO-2001-0252,26.193767,93.673686,62.33,active,sentinel1_synthetic,simulated
ISRO-2004-0253,25.266022,92.757193,1.2,stable,sentinel1_synthetic,simulated
ISRO-2009-0254,25.347036,91.555151,54.85,active,sentinel1_synthetic,simulated
ISRO-2006-0255,26.46064,93.800144,3.61,stable,sentinel1_synthetic,simulated
ISRO-2005-0256,27.343778,88.366178,2.34,stable,sentinel1_synthetic,simulated
ISRO-2001-0257,25.418143,91.243824,33.3,active,sentinel1_synthetic,simulated
ISRO-2022-0258,26.987438,92.815461,3.42,stable,sentinel1_synthetic,simulated
ISRO-2008-0259,25.915053,90.301206,5.38,creep,sentinel1_synthetic,simulated
ISRO-2004-0260,27.177738,92.944945,1.74,stable,sentinel1_synthetic,simulated
ISRO-2007-0261,24.350092,93.990017,10.73,creep,sentinel1_synthetic,simulated
ISRO-2015-0262,26.083255,93.830649,1.41,stable,sentinel1_synthetic,simulated
ISRO-1998-0263,26.4973,93.811969,27.39,active,sentinel1_synthetic,simulated
ISRO-2013-0264,26.60518,94.306793,1.07,stable,sentinel1_synthetic,simulated
ISRO-2002-0265,26.356555,94.457062,12.22,creep,sentinel1_synthetic,simulated
ISRO-2004-0266,25.166405,91.289677,21.87,creep,sentinel1_synthetic,simulated
ISRO-2000-0267,25.162602,91.251057,3.3,stable,sentinel1_synthetic,simulated
ISRO-2005-0268,23.93697,91.432378,0.21,stable,sentinel1_synthetic,simulated
ISRO-2005-0269,26.714621,93.797171,1.51,stable,sentinel1_synthetic,simulated
ISRO-2017-0270,23.849611,92.551205,3.42,stable,sentinel1_synthetic,simulated
ISRO-2009-0271,23.582607,92.446368,37.0,active,sentinel1_synthetic,simulated
ISRO-2006-0272,26.501256,93.958872,70.59,active,sentinel1_synthetic,simulated
ISRO-2008-0273,25.861956,90.178361,34.64,creep,sentinel1_synthetic,simulated
ISRO-2011-0274,23.634989,91.459114,0.44,stable,sentinel1_synthetic,simulated
ISRO-2016-0275,24.579424,94.448928,27.24,active,sentinel1_synthetic,simulated
ISRO-2000-0276,25.018526,94.597364,10.86,creep,sentinel1_synthetic,simulated
ISRO-2001-0277,25.102076,92.349883,15.05,creep,sentinel1_synthetic,simulated
ISRO-2000-0278,27.414816,88.523747,0.88,stable,sentinel1_synthetic,simulated
ISRO-2020-0279,25.576654,90.402636,3.05,stable,sentinel1_synthetic,simulated
ISRO-2000-0280,25.224926,94.224257,3.39,stable,sentinel1_synthetic,simulated
ISRO-2005-0281,25.080315,92.034439,3.31,stable,sentinel1_synthetic,simulated
ISRO-2007-0282,25.322692,91.416953,0.88,stable,sentinel1_synthetic,simulated
ISRO-2020-0283,27.146836,92.779359,26.21,creep,sentinel1_synthetic,simulated
ISRO-2012-0284,24.813282,94.22576,21.53,creep,sentinel1_synthetic,simulated
ISRO-2016-0285,25.171228,94.284527,19.07,creep,sentinel1_synthetic,simulated
ISRO-2008-0286,25.144052,92.019512,74.46,active,sentinel1_synthetic,simulated
ISRO-2002-0287,27.196156,95.436035,0.96,stable,sentinel1_synthetic,simulated
ISRO-2016-0288,27.871588,94.452429,15.87,creep,sentinel1_synthetic,simulated
ISRO-2008-0289,27.412322,88.410857,2.75,stable,sentinel1_synthetic,simulated
ISRO-2007-0290,24.340353,93.82606,3.66,stable,sentinel1_synthetic,simulated
ISRO-1998-0291,27.083489,88.551637,2.3,stable,sentinel1_synthetic,simulated
ISRO-2012-0292,26.998999,93.040219,54.06,active,sentinel1_synthetic,simulated
ISRO-2019-0293,26.434786,94.233873,3.06,stable,sentinel1_synthetic,simulated
ISRO-2016-0294,27.383199,91.981274,23.59,creep,sentinel1_synthetic,simulated
ISRO-2003-0295,26.524137,93.963122,0.15,stable,sentinel1_synthetic,simulated
ISRO-2018-0296,25.475875,90.288824,2.87,stable,sentinel1_synthetic,simulated
ISRO-2007-0297,28.110722,94.681114,5.95,creep,sentinel1_synthetic,simulated
ISRO-2019-0298,26.35106,94.516893,22.35,creep,sentinel1_synthetic,simulated
ISRO-1999-0299,27.431126,95.443593,15.64,creep,sentinel1_synthetic,simulated
ISRO-2006-0300,27.055467,88.647595,82.6,active,sentinel1_synthetic,simulated
ISRO-2012-0301,23.546135,92.826537,0.65,stable,sentinel1_synthetic,simulated
ISRO-2006-0302,27.715972,88.490948,2.94,stable,sentinel1_synthetic,simulated
ISRO-2003-0303,24.513818,93.683687,1.09,stable,sentinel1_synthetic,simulated
ISRO-2020-0304,27.11285,92.78431,3.45,stable,sentinel1_synthetic,simulated
ISRO-2012-0305,27.411232,88.498637,20.86,creep,sentinel1_synthetic,simulated
ISRO-2022-0306,24.630195,94.251203,30.4,active,sentinel1_synthetic,simulated
ISRO-2012-0307,27.542596,88.478667,1.96,stable,sentinel1_synthetic,simulated
ISRO-2013-0308,27.400597,91.686578,3.32,creep,sentinel1_synthetic,simulated
ISRO-2003-0309,26.517008,92.96372,11.34,creep,sentinel1_synthetic,simulated
ISRO-2016-0310,27.609877,91.734116,4.1,stable,sentinel1_synthetic,simulated
ISRO-2010-0311,24.66742,94.202875,2.74,stable,sentinel1_synthetic,simulated
ISRO-2000-0312,25.75433,90.529548,0.23,stable,sentinel1_synthetic,simulated
ISRO-2011-0313,23.355871,91.759725,1.44,stable,sentinel1_synthetic,simulated
ISRO-2004-0314,25.976663,94.720176,0.62,stable,sentinel1_synthetic,simulated
ISRO-2000-0315,27.298376,88.266366,1.99,stable,sentinel1_synthetic,simulated
ISRO-2002-0316,24.831658,94.334047,22.56,creep,sentinel1_synthetic,simulated
ISRO-2018-0317,23.865643,91.360073,1.78,stable,sentinel1_synthetic,simulated
ISRO-2017-0318,26.338641,92.556199,19.7,creep,sentinel1_synthetic,simulated
ISRO-2011-0319,26.937639,93.234966,30.52,active,sentinel1_synthetic,simulated
ISRO-2014-0320,27.525001,95.092611,13.24,creep,sentinel1_synthetic,simulated
ISRO-2013-0321,27.389155,88.723366,0.78,stable,sentinel1_synthetic,simulated
ISRO-2014-0322,25.247778,93.857902,9.06,creep,sentinel1_synthetic,simulated
ISRO-2015-0323,25.679483,92.511145,0.18,stable,sentinel1_synthetic,simulated
ISRO-1998-0324,24.772628,94.31718,9.46,creep,sentinel1_synthetic,simulated
ISRO-2014-0325,26.112205,94.597695,58.57,active,sentinel1_synthetic,simulated
ISRO-2008-0326,25.083698,94.078373,105.46,active,sentinel1_synthetic,simulated
ISRO-2014-0327,26.225611,94.893323,8.35,active,sentinel1_synthetic,simulated
ISRO-2002-0328,26.280443,94.061534,20.76,creep,sentinel1_synthetic,simulated
ISRO-2012-0329,27.161248,88.330187,22.14,creep,sentinel1_synthetic,simulated
ISRO-2020-0330,27.365076,88.610488,20.16,creep,sentinel1_synthetic,simulated
ISRO-2015-0331,26.329993,94.537435,3.55,stable,sentinel1_synthetic,simulated
ISRO-2014-0332,27.773172,92.046549,0.6,stable,sentinel1_synthetic,simulated
ISRO-2007-0333,26.532733,94.002971,5.94,stable,sentinel1_synthetic,simulated
ISRO-2010-0334,26.552908,92.997582,0.59,stable,sentinel1_synthetic,simulated
ISRO-2007-0335,26.08594,93.941,1.57,stable,sentinel1_synthetic,simulated
ISRO-2018-0336,23.876825,92.326746,27.76,creep,sentinel1_synthetic,simulated
ISRO-2004-0337,26.405572,93.024323,48.59,active,sentinel1_synthetic,simulated
ISRO-2018-0338,26.066075,94.646651,5.3,creep,sentinel1_synthetic,simulated
ISRO-2015-0339,25.684203,90.496242,2.7,stable,sentinel1_synthetic,simulated
ISRO-2004-0340,25.919749,94.080282,3.03,stable,sentinel1_synthetic,simulated
ISRO-2010-0341,25.653724,90.927641,74.07,active,sentinel1_synthetic,simulated
ISRO-2007-0342,26.596452,92.551354,4.04,creep,sentinel1_synthetic,simulated
ISRO-2002-0343,26.314813,94.803348,0.45,stable,sentinel1_synthetic,simulated
ISRO-2007-0344,27.641381,88.253136,0.86,stable,sentinel1_synthetic,simulated
ISRO-2018-0345,25.290393,91.191039,4.88,stable,sentinel1_synthetic,simulated
ISRO-2014-0346,25.209555,93.900261,21.14,creep,sentinel1_synthetic,simulated
ISRO-2019-0347,28.3455,94.530891,24.58,creep,sentinel1_synthetic,simulated
ISRO-2014-0348,23.707024,92.379871,3.27,stable,sentinel1_synthetic,simulated
ISRO-2003-0349,25.495943,91.493425,2.93,stable,sentinel1_synthetic,simulated
ISRO-2016-0350,25.244224,94.273299,1.74,stable,sentinel1_synthetic,simulated
ISRO-2022-0351,25.396231,91.180652,5.44,creep,sentinel1_synthetic,simulated
ISRO-2002-0352,26.132876,94.472482,11.01,creep,sentinel1_synthetic,simulated
ISRO-2005-0353,25.548363,90.967302,3.1,stable,sentinel1_synthetic,simulated
ISRO-2022-0354,23.619537,91.582606,13.6,creep,sentinel1_synthetic,simulated
ISRO-2009-0355,25.863205,90.391922,69.98,active,sentinel1_synthetic,simulated
ISRO-2017-0356,26.366499,92.769119,4.38,stable,sentinel1_synthetic,simulated
ISRO-2017-0357,28.038235,94.640118,3.99,stable,sentinel1_synthetic,simulated
ISRO-2014-0358,25.265841,92.223895,60.65,active,sentinel1_synthetic,simulated
ISRO-2008-0359,24.311928,93.855221,1.75,stable,sentinel1_synthetic,simulated
ISRO-1998-0360,27.474774,91.609243,74.01,active,sentinel1_synthetic,simulated
ISRO-2002-0361,26.796783,93.024837,0.27,stable,sentinel1_synthetic,simulated
ISRO-2000-0362,24.313429,93.723273,2.07,stable,sentinel1_synthetic,simulated
ISRO-2022-0363,24.352007,93.961536,36.38,active,sentinel1_synthetic,simulated
ISRO-2007-0364,25.374387,92.333953,2.93,stable,sentinel1_synthetic,simulated
ISRO-2011-0365,25.586757,90.978124,9.76,creep,sentinel1_synthetic,simulated
ISRO-2022-0366,26.053741,94.530523,21.86,creep,sentinel1_synthetic,simulated
ISRO-2007-0367,25.398641,92.147147,17.75,creep,sentinel1_synthetic,simulated
ISRO-2006-0368,26.292943,93.872314,2.59,stable,sentinel1_synthetic,simulated
ISRO-2005-0369,23.659139,92.412203,1.82,stable,sentinel1_synthetic,simulated
ISRO-2001-0370,26.606691,92.808939,2.86,stable,sentinel1_synthetic,simulated
ISRO-2017-0371,27.234897,92.800381,0.15,stable,sentinel1_synthetic,simulated
ISRO-2012-0372,26.241659,92.784567,4.98,creep,sentinel1_synthetic,simulated
ISRO-2014-0373,26.605,94.308065,2.28,stable,sentinel1_synthetic,simulated
ISRO-1999-0374,26.370647,93.980354,31.89,active,sentinel1_synthetic,simulated
ISRO-2005-0375,27.024477,93.031505,1.68,stable,sentinel1_synthetic,simulated
ISRO-2018-0376,22.947048,92.672427,6.4,creep,sentinel1_synthetic,simulated
ISRO-1999-0377,25.525418,91.296468,1.21,stable,sentinel1_synthetic,simulated
ISRO-2021-0378,26.09578,94.613081,2.28,stable,sentinel1_synthetic,simulated
ISRO-2005-0379,26.220645,92.683467,20.83,creep,sentinel1_synthetic,simulated
ISRO-2004-0380,24.665052,94.642682,0.67,stable,sentinel1_synthetic,simulated
ISRO-2007-0381,27.41214,88.432362,51.69,active,sentinel1_synthetic,simulated
ISRO-2020-0382,23.574337,92.693279,77.42,active,sentinel1_synthetic,simulated
ISRO-2013-0383,24.825832,93.957785,3.09,stable,sentinel1_synthetic,simulated
ISRO-2007-0384,25.373016,91.354851,37.69,active,sentinel1_synthetic,simulated
ISRO-2018-0385,28.21178,94.884546,2.76,stable,sentinel1_synthetic,simulated
ISRO-2003-0386,25.306954,92.779657,0.95,stable,sentinel1_synthetic,simulated
ISRO-2011-0387,26.709544,94.187412,2.56,stable,sentinel1_synthetic,simulated
ISRO-2000-0388,25.445138,92.578844,1.84,stable,sentinel1_synthetic,simulated
ISRO-2014-0389,26.188009,93.815737,0.81,stable,sentinel1_synthetic,simulated
ISRO-2015-0390,24.878224,94.375649,2.84,stable,sentinel1_synthetic,simulated
ISRO-2002-0391,22.816189,92.715626,1.97,stable,sentinel1_synthetic,simulated
ISRO-2015-0392,23.121974,92.763398,0.91,stable,sentinel1_synthetic,simulated
ISRO-2019-0393,25.478409,90.438454,5.5,creep,sentinel1_synthetic,simulated
ISRO-2018-0394,26.169747,94.01754,1.52,stable,sentinel1_synthetic,simulated
ISRO-2006-0395,25.911894,93.743069,4.46,stable,sentinel1_synthetic,simulated
ISRO-2022-0396,26.532184,94.521286,66.86,active,sentinel1_synthetic,simulated
ISRO-1999-0397,25.752067,90.543296,2.75,stable,sentinel1_synthetic,simulated
ISRO-2019-0398,26.932339,92.752182,0.1,stable,sentinel1_synthetic,simulated
ISRO-1999-0399,27.390272,91.913505,0.32,stable,sentinel1_synthetic,simulated
ISRO-2011-0400,25.599961,92.773939,3.56,stable,sentinel1_synthetic,simulated
ISRO-2017-0401,25.71137,91.20834,0.17,stable,sentinel1_synthetic,simulated
ISRO-2000-0402,26.297677,94.125851,0.18,stable,sentinel1_synthetic,simulated
ISRO-2006-0403,25.256497,92.590294,16.07,creep,sentinel1_synthetic,simulated
ISRO-2001-0404,26.553917,92.888588,19.97,creep,sentinel1_synthetic,simulated
ISRO-2010-0405,26.799966,92.832127,11.88,creep,sentinel1_synthetic,simulated
ISRO-2020-0406,23.731483,92.70958,73.23,active,sentinel1_synthetic,simulated
ISRO-2019-0407,23.386287,92.93568,11.57,creep,sentinel1_synthetic,simulated
ISRO-2000-0408,27.204374,95.232658,6.39,creep,sentinel1_synthetic,simulated
ISRO-2006-0409,27.16404,88.444389,0.31,stable,sentinel1_synthetic,simulated
ISRO-2014-0410,26.504963,92.902059,12.96,creep,sentinel1_synthetic,simulated
ISRO-2014-0411,22.666805,92.687818,19.25,creep,sentinel1_synthetic,simulated
ISRO-2000-0412,27.566687,91.726372,0.74,stable,sentinel1_synthetic,simulated
ISRO-2016-0413,24.79849,94.389611,46.58,active,sentinel1_synthetic,simulated
ISRO-2015-0414,27.073682,94.980943,17.62,creep,sentinel1_synthetic,simulated
ISRO-2011-0415,25.558319,90.895947,18.72,creep,sentinel1_synthetic,simulated
ISRO-1998-0416,25.367018,91.50384,0.18,stable,sentinel1_synthetic,simulated
ISRO-2010-0417,27.061518,88.522073,2.59,stable,sentinel1_synthetic,simulated
ISRO-2011-0418,25.591563,91.296169,1.89,stable,sentinel1_synthetic,simulated
ISRO-2010-0419,26.285944,94.647763,0.85,stable,sentinel1_synthetic,simulated
ISRO-1998-0420,27.114472,88.297746,2.89,stable,sentinel1_synthetic,simulated
ISRO-2005-0421,27.423107,88.442574,5.15,creep,sentinel1_synthetic,simulated
ISRO-2001-0422,24.470521,94.096353,16.71,creep,sentinel1_synthetic,simulated
ISRO-1998-0423,23.607698,92.677463,39.01,active,sentinel1_synthetic,simulated
ISRO-2003-0424,25.592624,91.024489,11.5,creep,sentinel1_synthetic,simulated
ISRO-2022-0425,25.264172,92.820223,0.65,stable,sentinel1_synthetic,simulated
ISRO-1999-0426,27.667211,88.411712,11.29,creep,sentinel1_synthetic,simulated
ISRO-2010-0427,27.300406,88.479423,11.88,creep,sentinel1_synthetic,simulated
ISRO-2013-0428,25.143393,93.878651,2.27,stable,sentinel1_synthetic,simulated
ISRO-2001-0429,25.414331,91.19318,0.71,stable,sentinel1_synthetic,simulated
ISRO-2022-0430,27.073951,88.087974,0.18,stable,sentinel1_synthetic,simulated
ISRO-2004-0431,25.243929,91.170216,16.9,creep,sentinel1_synthetic,simulated
ISRO-2006-0432,25.66082,92.79594,15.01,creep,sentinel1_synthetic,simulated
ISRO-2021-0433,26.301152,93.660221,1.21,stable,sentinel1_synthetic,simulated
ISRO-2016-0434,26.64651,94.059857,0.79,stable,sentinel1_synthetic,simulated
ISRO-2011-0435,26.254751,94.726336,5.35,stable,sentinel1_synthetic,simulated
ISRO-2009-0436,26.20262,94.069162,1.57,stable,sentinel1_synthetic,simulated
ISRO-2003-0437,26.299187,94.744134,8.2,creep,sentinel1_synthetic,simulated
ISRO-2015-0438,25.62915,92.646021,15.03,creep,sentinel1_synthetic,simulated
ISRO-2015-0439,23.533555,91.598279,14.0,creep,sentinel1_synthetic,simulated
ISRO-2022-0440,27.235631,93.209455,19.79,creep,sentinel1_synthetic,simulated
ISRO-2011-0441,25.68412,90.804828,64.27,active,sentinel1_synthetic,simulated
ISRO-2018-0442,24.792192,94.174361,41.31,active,sentinel1_synthetic,simulated
ISRO-2003-0443,23.446088,92.527222,2.75,stable,sentinel1_synthetic,simulated
ISRO-2006-0444,26.985476,92.99004,3.11,stable,sentinel1_synthetic,simulated
ISRO-2006-0445,26.109613,93.796234,2.0,stable,sentinel1_synthetic,simulated
ISRO-2015-0446,25.501966,91.202253,3.33,stable,sentinel1_synthetic,simulated
ISRO-2018-0447,25.603387,90.430974,1.81,stable,sentinel1_synthetic,simulated
ISRO-2018-0448,26.878338,93.122641,1.02,stable,sentinel1_synthetic,simulated
ISRO-2020-0449,24.650356,93.845223,15.43,creep,sentinel1_synthetic,simulated
ISRO-2018-0450,26.2934,93.972199,3.49,stable,sentinel1_synthetic,simulated
ISRO-2005-0451,23.515012,92.500605,8.42,creep,sentinel1_synthetic,simulated
ISRO-2002-0452,23.262889,92.778024,0.02,stable,sentinel1_synthetic,simulated
ISRO-2007-0453,24.829869,94.010292,1.32,stable,sentinel1_synthetic,simulated
ISRO-2014-0454,24.530326,94.092581,82.58,active,sentinel1_synthetic,simulated
ISRO-2012-0455,25.457842,91.04451,1.69,stable,sentinel1_synthetic,simulated
ISRO-2004-0456,22.665105,92.957917,7.59,active,sentinel1_synthetic,simulated
ISRO-2004-0457,26.279589,93.798665,9.74,creep,sentinel1_synthetic,simulated
ISRO-2001-0458,25.458526,91.189733,0.16,stable,sentinel1_synthetic,simulated
ISRO-2004-0459,24.459905,93.75561,12.96,creep,sentinel1_synthetic,simulated
ISRO-2005-0460,26.422925,94.145337,36.17,active,sentinel1_synthetic,simulated
ISRO-2016-0461,27.935502,94.662856,24.37,creep,sentinel1_synthetic,simulated
ISRO-2013-0462,23.340705,92.469455,36.57,active,sentinel1_synthetic,simulated
ISRO-2005-0463,25.873692,93.662389,0.36,stable,sentinel1_synthetic,simulated
ISRO-1999-0464,25.32655,90.915638,17.9,creep,sentinel1_synthetic,simulated
ISRO-2022-0465,23.927181,91.47609,3.65,stable,sentinel1_synthetic,simulated
ISRO-2013-0466,26.40747,92.975518,4.0,stable,sentinel1_synthetic,simulated
ISRO-2015-0467,25.82846,90.518139,0.75,stable,sentinel1_synthetic,simulated
ISRO-2004-0468,26.612368,94.347898,16.64,creep,sentinel1_synthetic,simulated
ISRO-2000-0469,27.70851,91.675086,4.55,stable,sentinel1_synthetic,simulated
ISRO-2009-0470,26.625656,93.982301,2.26,stable,sentinel1_synthetic,simulated
ISRO-2022-0471,26.91346,92.794195,0.82,stable,sentinel1_synthetic,simulated
ISRO-2014-0472,26.565323,94.419936,23.6,creep,sentinel1_synthetic,simulated
ISRO-2015-0473,25.08913,92.229011,6.97,creep,sentinel1_synthetic,simulated
ISRO-2011-0474,25.013929,94.630113,2.66,stable,sentinel1_synthetic,simulated
ISRO-1998-0475,27.426761,91.831165,18.59,creep,sentinel1_synthetic,simulated
ISRO-1998-0476,26.853315,92.906194,22.3,creep,sentinel1_synthetic,simulated
ISRO-2021-0477,23.049084,92.833878,3.44,stable,sentinel1_synthetic,simulated
ISRO-2008-0478,23.389913,91.692915,2.7,creep,sentinel1_synthetic,simulated
ISRO-2016-0479,25.722491,90.185371,39.23,active,sentinel1_synthetic,simulated
ISRO-2008-0480,26.285091,94.595155,0.22,stable,sentinel1_synthetic,simulated
ISRO-2015-0481,24.871363,94.476314,17.22,creep,sentinel1_synthetic,simulated
ISRO-2003-0482,25.391653,90.962009,0.07,stable,sentinel1_synthetic,simulated
ISRO-2018-0483,24.768768,94.503122,2.95,stable,sentinel1_synthetic,simulated
ISRO-2021-0484,26.412062,94.231903,4.21,stable,sentinel1_synthetic,simulated
ISRO-2000-0485,26.20994,93.04952,61.79,active,sentinel1_synthetic,simulated
ISRO-2015-0486,25.0073,94.506443,14.49,creep,sentinel1_synthetic,simulated
ISRO-2021-0487,27.177386,88.421229,1.4,stable,sentinel1_synthetic,simulated
ISRO-2005-0488,26.450033,93.816748,0.51,stable,sentinel1_synthetic,simulated
ISRO-2007-0489,27.384247,95.356453,36.79,active,sentinel1_synthetic,simulated
ISRO-2019-0490,27.243187,88.547956,1.77,stable,sentinel1_synthetic,simulated
ISRO-2003-0491,25.483421,92.023,17.66,creep,sentinel1_synthetic,simulated
ISRO-2001-0492,27.504969,95.215714,0.76,stable,sentinel1_synthetic,simulated
ISRO-2006-0493,25.074551,94.098849,2.15,stable,sentinel1_synthetic,simulated
ISRO-2002-0494,27.49086,88.45488,16.32,creep,sentinel1_synthetic,simulated
ISRO-2021-0495,23.007458,92.584469,4.03,stable,sentinel1_synthetic,simulated
ISRO-2005-0496,25.214864,91.497399,1.01,stable,sentinel1_synthetic,simulated
ISRO-2008-0497,26.221671,93.026925,1.29,stable,sentinel1_synthetic,simulated
ISRO-1999-0498,27.019699,88.296742,22.75,creep,sentinel1_synthetic,simulated
ISRO-2007-0499,27.385917,91.660066,52.01,active,sentinel1_synthetic,simulated
ISRO-2000-0500,26.111787,94.368857,13.25,creep,sentinel1_synthetic,simulated
ISRO-2015-0501,22.828558,92.975934,16.75,creep,sentinel1_synthetic,simulated
ISRO-2002-0502,24.556112,93.781893,67.93,active,sentinel1_synthetic,simulated
ISRO-2004-0503,22.876386,92.593869,4.79,stable,sentinel1_synthetic,simulated
ISRO-2017-0504,26.723446,94.075981,2.03,stable,sentinel1_synthetic,simulated
ISRO-2014-0505,26.32307,94.51201,3.74,stable,sentinel1_synthetic,simulated
ISRO-2009-0506,27.32675,88.117641,12.35,creep,sentinel1_synthetic,simulated
ISRO-2007-0507,25.50876,91.624802,1.67,stable,sentinel1_synthetic,simulated
ISRO-2005-0508,26.62671,92.747558,1.96,stable,sentinel1_synthetic,simulated
ISRO-2000-0509,26.644571,94.090658,0.52,stable,sentinel1_synthetic,simulated
ISRO-2008-0510,23.237409,92.464536,1.95,stable,sentinel1_synthetic,simulated
ISRO-2007-0511,26.287101,92.914636,2.09,stable,sentinel1_synthetic,simulated
ISRO-1999-0512,26.839067,92.800476,23.86,creep,sentinel1_synthetic,simulated
ISRO-2012-0513,26.560898,94.293377,2.42,stable,sentinel1_synthetic,simulated
ISRO-2020-0514,25.197742,91.506001,2.15,stable,sentinel1_synthetic,simulated
ISRO-2017-0515,27.200158,88.433929,0.21,stable,sentinel1_synthetic,simulated
ISRO-2021-0516,26.349106,94.69352,3.52,stable,sentinel1_synthetic,simulated
ISRO-2017-0517,25.904309,90.41557,1.87,stable,sentinel1_synthetic,simulated
ISRO-2010-0518,27.177985,93.104637,1.22,stable,sentinel1_synthetic,simulated
ISRO-2009-0519,25.377604,90.76562,4.09,stable,sentinel1_synthetic,simulated
ISRO-2008-0520,25.386992,91.440436,3.4,stable,sentinel1_synthetic,simulated
ISRO-2011-0521,23.590115,92.680003,1.7,stable,sentinel1_synthetic,simulated
ISRO-2011-0522,24.479774,94.131007,15.21,creep,sentinel1_synthetic,simulated
ISRO-2013-0523,25.642927,91.476994,1.27,stable,sentinel1_synthetic,simulated
ISRO-2020-0524,25.453417,91.902067,3.07,stable,sentinel1_synthetic,simulated
ISRO-2011-0525,23.667943,91.489898,38.99,active,sentinel1_synthetic,simulated
ISRO-2003-0526,23.853116,92.302907,3.14,stable,sentinel1_synthetic,simulated
ISRO-2009-0527,25.351243,91.099635,0.01,stable,sentinel1_synthetic,simulated
ISRO-2014-0528,27.085584,95.437947,2.18,stable,sentinel1_synthetic,simulated
ISRO-2003-0529,27.486375,88.651602,2.35,stable,sentinel1_synthetic,simulated
ISRO-2016-0530,25.436499,91.883581,1.91,stable,sentinel1_synthetic,simulated
ISRO-2017-0531,23.064061,92.788142,20.4,creep,sentinel1_synthetic,simulated
ISRO-2002-0532,23.6501,91.520129,0.07,stable,sentinel1_synthetic,simulated
ISRO-1998-0533,27.282584,88.828094,2.33,stable,sentinel1_synthetic,simulated
ISRO-2015-0534,23.805911,91.261458,7.69,creep,sentinel1_synthetic,simulated
ISRO-2018-0535,27.181239,92.855801,15.48,creep,sentinel1_synthetic,simulated
ISRO-1998-0536,23.427682,91.657758,31.6,active,sentinel1_synthetic,simulated
ISRO-2022-0537,23.452374,92.492172,15.85,creep,sentinel1_synthetic,simulated
ISRO-2009-0538,26.544644,94.21652,25.95,creep,sentinel1_synthetic,simulated
ISRO-1998-0539,26.012813,94.526757,1.94,stable,sentinel1_synthetic,simulated
ISRO-2004-0540,25.659869,92.451531,1.3,stable,sentinel1_synthetic,simulated
ISRO-2018-0541,23.425416,92.75927,4.43,creep,sentinel1_synthetic,simulated
ISRO-2019-0542,25.010181,94.200884,1.64,stable,sentinel1_synthetic,simulated
ISRO-1998-0543,25.262474,92.705635,2.63,stable,sentinel1_synthetic,simulated
ISRO-2016-0544,25.724818,91.133017,15.3,creep,sentinel1_synthetic,simulated
ISRO-2014-0545,25.975976,94.696241,0.96,stable,sentinel1_synthetic,simulated
ISRO-2004-0546,26.220924,94.579734,1.1,creep,sentinel1_synthetic,simulated
ISRO-2001-0547,24.965983,93.992003,3.37,creep,sentinel1_synthetic,simulated
ISRO-2016-0548,24.847621,94.298143,0.92,stable,sentinel1_synthetic,simulated
ISRO-2019-0549,27.507639,95.101624,4.33,stable,sentinel1_synthetic,simulated
ISRO-2010-0550,25.576698,92.62967,11.69,creep,sentinel1_synthetic,simulated
ISRO-2017-0551,23.8233,92.259711,15.31,creep,sentinel1_synthetic,simulated
ISRO-2019-0552,24.631715,94.33564,22.85,creep,sentinel1_synthetic,simulated
ISRO-2011-0553,23.556986,91.051118,2.01,stable,sentinel1_synthetic,simulated
ISRO-2012-0554,24.739633,94.243373,68.16,active,sentinel1_synthetic,simulated
ISRO-2018-0555,26.236002,94.737917,49.23,active,sentinel1_synthetic,simulated
ISRO-1999-0556,24.907344,94.288957,2.53,stable,sentinel1_synthetic,simulated
ISRO-2011-0557,25.860129,94.071121,29.79,active,sentinel1_synthetic,simulated
ISRO-2001-0558,23.742032,92.272471,0.13,stable,sentinel1_synthetic,simulated
ISRO-2002-0559,23.525654,92.332766,4.61,stable,sentinel1_synthetic,simulated
ISRO-2014-0560,27.370249,91.797827,2.5,stable,sentinel1_synthetic,simulated
ISRO-2009-0561,25.06796,94.245207,3.19,stable,sentinel1_synthetic,simulated
ISRO-2005-0562,26.51681,94.012461,0.25,stable,sentinel1_synthetic,simulated
ISRO-2009-0563,23.496955,91.778098,2.63,stable,sentinel1_synthetic,simulated
ISRO-2001-0564,27.548737,91.755828,2.92,stable,sentinel1_synthetic,simulated
ISRO-2019-0565,27.311007,88.207132,19.96,creep,sentinel1_synthetic,simulated
ISRO-2000-0566,26.4569,94.13669,1.15,stable,sentinel1_synthetic,simulated
ISRO-2003-0567,27.325379,88.735305,6.86,creep,sentinel1_synthetic,simulated
ISRO-2014-0568,27.782844,91.620716,26.82,creep,sentinel1_synthetic,simulated
ISRO-2006-0569,26.887439,93.240006,0.32,stable,sentinel1_synthetic,simulated
ISRO-1998-0570,25.587874,92.575188,12.81,creep,sentinel1_synthetic,simulated
ISRO-2022-0571,22.771313,92.687119,2.43,stable,sentinel1_synthetic,simulated
ISRO-2011-0572,22.937939,92.701721,1.07,stable,sentinel1_synthetic,simulated
ISRO-2018-0573,25.889535,93.894615,1.81,stable,sentinel1_synthetic,simulated
ISRO-2014-0574,23.834531,92.502879,47.29,active,sentinel1_synthetic,simulated
ISRO-2016-0575,23.351361,91.45567,17.94,creep,sentinel1_synthetic,simulated
ISRO-2013-0576,25.211507,94.343295,16.61,creep,sentinel1_synthetic,simulated
ISRO-2000-0577,26.436628,94.682069,3.83,stable,sentinel1_synthetic,simulated
ISRO-2001-0578,23.424659,92.673298,26.59,creep,sentinel1_synthetic,simulated
ISRO-2000-0579,25.561425,91.174731,3.28,stable,sentinel1_synthetic,simulated
ISRO-2006-0580,22.785637,92.874256,0.48,stable,sentinel1_synthetic,simulated
ISRO-2003-0581,25.450463,90.286884,2.8,stable,sentinel1_synthetic,simulated
ISRO-2005-0582,26.481852,94.172207,2.83,stable,sentinel1_synthetic,simulated
ISRO-2020-0583,24.303683,93.937149,1.68,stable,sentinel1_synthetic,simulated
ISRO-2012-0584,24.954258,94.255449,12.31,creep,sentinel1_synthetic,simulated
ISRO-1998-0585,23.390623,91.680059,2.33,creep,sentinel1_synthetic,simulated
ISRO-2021-0586,25.973281,94.630036,74.21,active,sentinel1_synthetic,simulated
ISRO-2019-0587,24.614297,93.885812,18.48,creep,sentinel1_synthetic,simulated
ISRO-2008-0588,24.489247,93.912455,2.19,stable,sentinel1_synthetic,simulated
ISRO-2001-0589,25.398469,92.493224,50.14,active,sentinel1_synthetic,simulated
ISRO-2013-0590,25.700591,92.733465,19.17,creep,sentinel1_synthetic,simulated
ISRO-2009-0591,24.521533,93.783666,3.81,stable,sentinel1_synthetic,simulated
ISRO-2013-0592,28.055015,94.60823,1.46,stable,sentinel1_synthetic,simulated
ISRO-2015-0593,26.274767,93.815602,0.32,stable,sentinel1_synthetic,simulated
ISRO-1999-0594,25.468216,90.271589,6.33,creep,sentinel1_synthetic,simulated
ISRO-2007-0595,27.591269,92.012062,24.14,creep,sentinel1_synthetic,simulated
ISRO-2010-0596,25.401878,91.610982,7.54,stable,sentinel1_synthetic,simulated
ISRO-2003-0597,26.604706,94.072043,2.05,stable,sentinel1_synthetic,simulated
ISRO-2008-0598,25.09096,91.987833,1.92,stable,sentinel1_synthetic,simulated
ISRO-2022-0599,24.684009,93.809449,58.89,active,sentinel1_synthetic,simulated
ISRO-2004-0600,26.727691,93.907916,0.99,stable,sentinel1_synthetic,simulated
ISRO-2008-0601,25.554363,90.073032,20.11,creep,sentinel1_synthetic,simulated
ISRO-2008-0602,25.039508,94.108753,2.71,creep,sentinel1_synthetic,simulated
ISRO-2003-0603,26.500303,94.220286,0.73,creep,sentinel1_synthetic,simulated
ISRO-2008-0604,23.451085,91.439462,1.18,stable,sentinel1_synthetic,simulated
ISRO-2015-0605,28.220073,94.616106,2.72,creep,sentinel1_synthetic,simulated
ISRO-2019-0606,27.562491,91.687466,70.98,active,sentinel1_synthetic,simulated
ISRO-2001-0607,25.137712,93.950844,16.89,creep,sentinel1_synthetic,simulated
ISRO-2009-0608,25.565118,90.76163,3.16,stable,sentinel1_synthetic,simulated
ISRO-2014-0609,27.307635,88.296688,6.8,creep,sentinel1_synthetic,simulated
ISRO-2015-0610,25.542236,91.009657,17.08,active,sentinel1_synthetic,simulated
ISRO-2001-0611,23.448419,92.751332,17.27,creep,sentinel1_synthetic,simulated
ISRO-2007-0612,27.549857,88.462512,17.52,creep,sentinel1_synthetic,simulated
ISRO-2003-0613,28.103187,94.894394,31.14,creep,sentinel1_synthetic,simulated
ISRO-2015-0614,27.036082,93.189717,2.63,stable,sentinel1_synthetic,simulated
ISRO-2007-0615,28.320587,94.61199,15.45,creep,sentinel1_synthetic,simulated
ISRO-2007-0616,23.330474,91.487881,12.64,creep,sentinel1_synthetic,simulated
ISRO-2015-0617,25.293346,91.528858,2.17,stable,sentinel1_synthetic,simulated
ISRO-2007-0618,26.41218,94.765834,3.83,stable,sentinel1_synthetic,simulated
ISRO-2011-0619,23.950336,91.34759,4.07,stable,sentinel1_synthetic,simulated
ISRO-2003-0620,23.14032,92.663894,8.2,creep,sentinel1_synthetic,simulated
ISRO-2001-0621,26.329536,94.193179,10.24,creep,sentinel1_synthetic,simulated
ISRO-1998-0622,23.460617,92.763328,2.09,stable,sentinel1_synthetic,simulated
ISRO-2009-0623,27.95414,94.855941,73.43,active,sentinel1_synthetic,simulated
ISRO-2005-0624,25.416403,92.766553,12.0,creep,sentinel1_synthetic,simulated
ISRO-2015-0625,25.42768,92.74775,14.52,creep,sentinel1_synthetic,simulated
ISRO-2003-0626,25.481464,91.533431,23.7,creep,sentinel1_synthetic,simulated
ISRO-2015-0627,27.25142,88.467473,3.16,stable,sentinel1_synthetic,simulated
ISRO-2010-0628,27.493355,88.450425,2.57,stable,sentinel1_synthetic,simulated
ISRO-2013-0629,25.454599,91.367442,1.84,stable,sentinel1_synthetic,simulated
ISRO-1999-0630,28.112398,94.757494,3.5,stable,sentinel1_synthetic,simulated
ISRO-2004-0631,26.825372,92.908116,2.49,stable,sentinel1_synthetic,simulated
ISRO-2001-0632,23.740122,91.462762,20.28,creep,sentinel1_synthetic,simulated
ISRO-2011-0633,28.124817,94.75132,2.39,creep,sentinel1_synthetic,simulated
ISRO-2021-0634,26.506477,94.261788,10.17,creep,sentinel1_synthetic,simulated
ISRO-2009-0635,26.502867,94.442157,6.31,creep,sentinel1_synthetic,simulated
ISRO-2002-0636,27.340676,88.558351,3.87,stable,sentinel1_synthetic,simulated
ISRO-2021-0637,26.395235,93.956115,4.74,creep,sentinel1_synthetic,simulated
ISRO-2015-0638,27.671731,91.963962,1.64,stable,sentinel1_synthetic,simulated
ISRO-2018-0639,26.47527,93.832353,1.9,stable,sentinel1_synthetic,simulated
ISRO-2016-0640,26.718024,93.808352,22.19,active,sentinel1_synthetic,simulated
ISRO-2013-0641,26.103417,94.465825,1.51,stable,sentinel1_synthetic,simulated
ISRO-2020-0642,26.53829,94.599823,64.21,active,sentinel1_synthetic,simulated
ISRO-1999-0643,25.269943,90.863695,1.92,stable,sentinel1_synthetic,simulated
ISRO-2006-0644,25.667472,92.897952,22.13,active,sentinel1_synthetic,simulated
ISRO-2009-0645,23.358666,91.381382,18.15,creep,sentinel1_synthetic,simulated
ISRO-2022-0646,23.719763,91.412827,0.43,stable,sentinel1_synthetic,simulated
ISRO-2001-0647,25.415906,92.808217,3.37,stable,sentinel1_synthetic,simulated
ISRO-2002-0648,25.252141,92.702105,4.26,stable,sentinel1_synthetic,simulated
ISRO-1999-0649,25.583085,91.161327,0.46,stable,sentinel1_synthetic,simulated
ISRO-2001-0650,26.587464,94.190177,53.01,active,sentinel1_synthetic,simulated
ISRO-2004-0651,23.336079,91.435115,2.74,stable,sentinel1_synthetic,simulated
ISRO-1999-0652,26.18659,92.775594,19.19,creep,sentinel1_synthetic,simulated
ISRO-2007-0653,25.268933,92.596423,11.34,creep,sentinel1_synthetic,simulated
ISRO-2010-0654,24.971141,93.918817,76.02,active,sentinel1_synthetic,simulated
ISRO-2008-0655,26.452513,94.306241,17.48,creep,sentinel1_synthetic,simulated
ISRO-2001-0656,25.996637,93.802971,13.64,creep,sentinel1_synthetic,simulated
ISRO-2000-0657,25.860935,90.289652,15.43,creep,sentinel1_synthetic,simulated
ISRO-2013-0658,23.461453,91.563317,68.06,active,sentinel1_synthetic,simulated
ISRO-2007-0659,27.074869,88.51394,16.07,creep,sentinel1_synthetic,simulated
ISRO-2018-0660,23.579855,92.640938,2.99,stable,sentinel1_synthetic,simulated
ISRO-2021-0661,26.401332,94.243081,0.58,stable,sentinel1_synthetic,simulated
ISRO-2005-0662,27.554225,88.316051,0.47,stable,sentinel1_synthetic,simulated
ISRO-2022-0663,25.970705,93.781146,0.86,stable,sentinel1_synthetic,simulated
ISRO-1998-0664,26.466115,93.049348,1.24,stable,sentinel1_synthetic,simulated
ISRO-2006-0665,23.569103,91.522514,3.84,stable,sentinel1_synthetic,simulated
ISRO-2000-0666,25.367092,92.281912,0.06,stable,sentinel1_synthetic,simulated
ISRO-2008-0667,26.221903,94.83292,29.67,creep,sentinel1_synthetic,simulated
ISRO-2015-0668,25.482927,91.564714,21.09,creep,sentinel1_synthetic,simulated
ISRO-2005-0669,27.284708,88.511705,1.13,stable,sentinel1_synthetic,simulated
ISRO-2014-0670,25.575472,91.202179,2.27,stable,sentinel1_synthetic,simulated
ISRO-2014-0671,24.288633,93.721093,10.93,creep,sentinel1_synthetic,simulated
ISRO-2018-0672,28.007848,94.522669,0.82,stable,sentinel1_synthetic,simulated
ISRO-2004-0673,26.21079,93.7582,1.15,stable,sentinel1_synthetic,simulated
ISRO-2003-0674,26.239552,93.692999,5.09,creep,sentinel1_synthetic,simulated
ISRO-2022-0675,27.281856,88.566867,4.61,stable,sentinel1_synthetic,simulated
ISRO-2015-0676,25.350602,90.942104,1.3,stable,sentinel1_synthetic,simulated
ISRO-2003-0677,26.659056,93.883824,11.37,creep,sentinel1_synthetic,simulated
ISRO-1998-0678,25.629971,91.223877,16.73,creep,sentinel1_synthetic,simulated
ISRO-2021-0679,27.272995,88.525324,20.28,creep,sentinel1_synthetic,simulated
ISRO-2014-0680,27.263466,88.715836,20.61,creep,sentinel1_synthetic,simulated
ISRO-2001-0681,28.255938,94.859351,21.86,creep,sentinel1_synthetic,simulated
ISRO-2011-0682,26.4728,93.752925,23.22,creep,sentinel1_synthetic,simulated
ISRO-2002-0683,26.472974,92.645961,2.99,stable,sentinel1_synthetic,simulated
ISRO-1999-0684,26.254885,94.048074,53.5,active,sentinel1_synthetic,simulated
ISRO-2021-0685,23.253865,92.791447,2.97,stable,sentinel1_synthetic,simulated
ISRO-1998-0686,26.250157,93.925184,49.24,active,sentinel1_synthetic,simulated
ISRO-2008-0687,23.022943,92.706306,1.47,stable,sentinel1_synthetic,simulated
ISRO-2022-0688,27.10313,88.061764,3.11,creep,sentinel1_synthetic,simulated
ISRO-2019-0689,25.331259,91.234246,1.28,stable,sentinel1_synthetic,simulated
ISRO-2009-0690,27.213556,95.00508,3.82,stable,sentinel1_synthetic,simulated
ISRO-2009-0691,22.774779,92.764712,0.22,stable,sentinel1_synthetic,simulated
ISRO-2021-0692,27.15528,92.921569,0.26,stable,sentinel1_synthetic,simulated
ISRO-2005-0693,25.053339,94.034695,1.88,stable,sentinel1_synthetic,simulated
ISRO-2011-0694,27.995024,94.935788,22.07,creep,sentinel1_synthetic,simulated
ISRO-2006-0695,25.238049,91.481044,2.61,stable,sentinel1_synthetic,simulated
ISRO-2021-0696,25.431923,92.5006,2.56,stable,sentinel1_synthetic,simulated
ISRO-2002-0697,26.689619,93.824017,5.32,stable,sentinel1_synthetic,simulated
ISRO-2022-0698,27.388369,95.375345,13.94,creep,sentinel1_synthetic,simulated
ISRO-2015-0699,26.725294,94.03433,2.76,stable,sentinel1_synthetic,simulated
ISRO-2012-0700,25.854718,93.93492,2.73,stable,sentinel1_synthetic,simulated
ISRO-2011-0701,23.283652,91.798642,1.69,stable,sentinel1_synthetic,simulated
ISRO-2008-0702,25.804522,90.073562,88.71,active,sentinel1_synthetic,simulated
ISRO-2009-0703,27.167817,93.052796,12.06,creep,sentinel1_synthetic,simulated
ISRO-1998-0704,23.853848,91.417425,1.76,stable,sentinel1_synthetic,simulated
ISRO-2008-0705,23.285565,91.406609,3.22,stable,sentinel1_synthetic,simulated
ISRO-2007-0706,26.548486,92.941976,12.23,creep,sentinel1_synthetic,simulated
ISRO-2008-0707,23.341364,91.791691,1.67,stable,sentinel1_synthetic,simulated
ISRO-2020-0708,26.349733,94.316631,30.97,active,sentinel1_synthetic,simulated
ISRO-2003-0709,28.19802,94.578571,21.89,creep,sentinel1_synthetic,simulated
ISRO-2007-0710,23.72457,92.507945,4.21,stable,sentinel1_synthetic,simulated
ISRO-2019-0711,27.236507,88.436654,1.38,stable,sentinel1_synthetic,simulated
ISRO-2017-0712,23.69602,91.62282,0.77,stable,sentinel1_synthetic,simulated
ISRO-2001-0713,26.600341,92.977044,3.67,stable,sentinel1_synthetic,simulated
ISRO-2011-0714,23.657274,92.701931,1.92,stable,sentinel1_synthetic,simulated
ISRO-2022-0715,25.493024,91.202072,26.78,creep,sentinel1_synthetic,simulated
ISRO-2017-0716,26.282177,93.78428,1.99,stable,sentinel1_synthetic,simulated
ISRO-2020-0717,24.399362,93.787755,0.2,stable,sentinel1_synthetic,simulated
ISRO-2013-0718,27.284018,88.50703,0.39,stable,sentinel1_synthetic,simulated
ISRO-2015-0719,24.58382,94.24157,1.48,stable,sentinel1_synthetic,simulated
ISRO-2016-0720,26.226443,93.692954,1.99,stable,sentinel1_synthetic,simulated
ISRO-2000-0721,23.905446,92.622323,2.57,stable,sentinel1_synthetic,simulated
ISRO-2006-0722,23.023137,92.950659,62.07,active,sentinel1_synthetic,simulated
ISRO-2015-0723,23.724491,92.611964,2.19,stable,sentinel1_synthetic,simulated
ISRO-2004-0724,25.618783,91.189613,24.53,creep,sentinel1_synthetic,simulated
ISRO-2001-0725,25.207092,91.535961,0.27,stable,sentinel1_synthetic,simulated
ISRO-2008-0726,27.252622,88.430138,12.51,creep,sentinel1_synthetic,simulated
ISRO-1999-0727,24.927476,94.40688,0.96,stable,sentinel1_synthetic,simulated
ISRO-2005-0728,25.350954,92.625367,18.49,creep,sentinel1_synthetic,simulated
ISRO-2007-0729,24.829207,94.193362,0.29,stable,sentinel1_synthetic,simulated
ISRO-2006-0730,27.376682,88.624734,19.84,creep,sentinel1_synthetic,simulated
ISRO-2007-0731,26.016412,93.785368,4.09,stable,sentinel1_synthetic,simulated
ISRO-2000-0732,26.342669,94.747431,25.8,creep,sentinel1_synthetic,simulated
ISRO-2012-0733,27.306859,88.627225,3.5,stable,sentinel1_synthetic,simulated
ISRO-2014-0734,23.416059,91.763131,2.72,stable,sentinel1_synthetic,simulated
ISRO-2000-0735,25.527484,90.132809,49.14,active,sentinel1_synthetic,simulated
ISRO-2005-0736,26.361749,94.342603,36.91,active,sentinel1_synthetic,simulated
ISRO-2019-0737,26.292427,94.233238,0.58,stable,sentinel1_synthetic,simulated
ISRO-2000-0738,26.270389,93.914588,1.14,stable,sentinel1_synthetic,simulated
ISRO-2009-0739,27.490694,88.667715,2.57,stable,sentinel1_synthetic,simulated
ISRO-2011-0740,25.586284,90.18207,0.6,stable,sentinel1_synthetic,simulated
ISRO-2009-0741,25.254667,91.123429,1.71,stable,sentinel1_synthetic,simulated
ISRO-2019-0742,22.672968,93.046229,55.47,active,sentinel1_synthetic,simulated
ISRO-2003-0743,27.546886,91.877803,2.02,stable,sentinel1_synthetic,simulated
ISRO-1998-0744,27.082096,88.078529,1.39,stable,sentinel1_synthetic,simulated
ISRO-2009-0745,25.27279,90.965113,12.03,creep,sentinel1_synthetic,simulated
ISRO-1998-0746,27.327798,88.39878,11.49,creep,sentinel1_synthetic,simulated
ISRO-2013-0747,24.949608,94.342778,15.84,creep,sentinel1_synthetic,simulated
ISRO-2016-0748,23.622476,92.330136,21.85,creep,sentinel1_synthetic,simulated
ISRO-2014-0749,22.833096,92.571362,16.87,creep,sentinel1_synthetic,simulated
ISRO-2022-0750,23.903973,92.53598,2.51,stable,sentinel1_synthetic,simulated
ISRO-2009-0751,25.309429,91.034587,1.82,stable,sentinel1_synthetic,simulated
ISRO-2017-0752,24.97862,94.530034,1.16,stable,sentinel1_synthetic,simulated
ISRO-2001-0753,23.661646,91.721925,8.13,creep,sentinel1_synthetic,simulated
ISRO-2018-0754,27.185543,92.825843,19.01,creep,sentinel1_synthetic,simulated
ISRO-2001-0755,25.260317,92.947045,2.55,stable,sentinel1_synthetic,simulated
ISRO-2009-0756,24.2528,94.039627,1.86,stable,sentinel1_synthetic,simulated
ISRO-2004-0757,25.401066,91.365924,19.38,creep,sentinel1_synthetic,simulated
ISRO-2001-0758,23.835241,91.454092,3.52,stable,sentinel1_synthetic,simulated
ISRO-2006-0759,27.485013,88.59336,2.16,stable,sentinel1_synthetic,simulated
ISRO-1998-0760,24.841494,94.255437,4.5,stable,sentinel1_synthetic,simulated
ISRO-2002-0761,27.86653,94.736352,22.71,creep,sentinel1_synthetic,simulated
ISRO-2006-0762,27.61462,88.183177,2.62,stable,sentinel1_synthetic,simulated
ISRO-1999-0763,25.018769,94.169173,21.27,creep,sentinel1_synthetic,simulated
ISRO-2008-0764,26.433372,94.739887,2.7,stable,sentinel1_synthetic,simulated
ISRO-2004-0765,25.526025,92.055793,3.59,stable,sentinel1_synthetic,simulated
ISRO-1999-0766,26.432192,94.293449,78.75,active,sentinel1_synthetic,simulated
ISRO-2011-0767,23.608323,91.193748,4.08,stable,sentinel1_synthetic,simulated
ISRO-2021-0768,25.94526,93.74159,1.17,stable,sentinel1_synthetic,simulated
ISRO-2013-0769,25.575081,92.83665,1.07,stable,sentinel1_synthetic,simulated
ISRO-2006-0770,26.391516,94.161259,3.43,active,sentinel1_synthetic,simulated
ISRO-2015-0771,27.030923,92.920551,0.86,stable,sentinel1_synthetic,simulated
ISRO-2006-0772,23.599274,91.84049,3.16,stable,sentinel1_synthetic,simulated
ISRO-2015-0773,25.429592,90.935751,22.98,creep,sentinel1_synthetic,simulated
ISRO-2002-0774,23.814017,92.609729,14.56,creep,sentinel1_synthetic,simulated
ISRO-2002-0775,27.492985,88.172073,23.9,creep,sentinel1_synthetic,simulated
ISRO-2010-0776,28.099162,94.729397,13.17,creep,sentinel1_synthetic,simulated
ISRO-1998-0777,23.973025,91.066164,1.38,stable,sentinel1_synthetic,simulated
ISRO-2011-0778,23.797809,92.347747,1.59,stable,sentinel1_synthetic,simulated
ISRO-2010-0779,25.506716,90.292771,24.82,creep,sentinel1_synthetic,simulated
ISRO-2018-0780,23.362826,91.526041,1.18,stable,sentinel1_synthetic,simulated
ISRO-2014-0781,23.338634,91.368603,3.36,creep,sentinel1_synthetic,simulated
ISRO-2013-0782,24.739319,94.56662,0.25,stable,sentinel1_synthetic,simulated
ISRO-2014-0783,23.30537,91.591096,5.93,creep,sentinel1_synthetic,simulated
ISRO-2009-0784,26.369182,94.287315,39.48,active,sentinel1_synthetic,simulated
ISRO-2012-0785,22.662908,92.567695,2.54,stable,sentinel1_synthetic,simulated
ISRO-2017-0786,24.384211,93.844773,1.53,stable,sentinel1_synthetic,simulated
ISRO-2006-0787,25.69539,92.809844,0.9,stable,sentinel1_synthetic,simulated
ISRO-2018-0788,25.472187,91.28943,12.88,creep,sentinel1_synthetic,simulated
ISRO-2016-0789,25.194434,91.496549,2.5,stable,sentinel1_synthetic,simulated
ISRO-2021-0790,27.926347,94.79593,1.78,stable,sentinel1_synthetic,simulated
ISRO-2003-0791,23.439253,91.78262,60.82,active,sentinel1_synthetic,simulated
ISRO-2008-0792,25.374912,92.668422,16.88,creep,sentinel1_synthetic,simulated
ISRO-2008-0793,25.418474,92.52546,2.86,stable,sentinel1_synthetic,simulated
ISRO-2005-0794,24.568962,94.127352,10.17,creep,sentinel1_synthetic,simulated
ISRO-2017-0795,27.266595,95.086803,1.81,stable,sentinel1_synthetic,simulated
ISRO-2006-0796,25.769703,90.310026,11.89,creep,sentinel1_synthetic,simulated
ISRO-2011-0797,24.901028,94.590583,1.45,stable,sentinel1_synthetic,simulated
ISRO-2005-0798,24.987863,94.295695,7.97,creep,sentinel1_synthetic,simulated
ISRO-2002-0799,23.588704,92.58786,3.75,stable,sentinel1_synthetic,simulated
ISRO-2005-0800,23.316675,91.650561,3.07,stable,sentinel1_synthetic,simulated
ISRO-2002-0801,27.353841,88.151206,70.97,active,sentinel1_synthetic,simulated
ISRO-2014-0802,24.855917,93.859003,3.42,stable,sentinel1_synthetic,simulated
ISRO-2009-0803,27.151446,95.389015,6.52,creep,sentinel1_synthetic,simulated
ISRO-2000-0804,25.261259,92.507226,21.68,creep,sentinel1_synthetic,simulated
ISRO-2000-0805,25.60833,91.449573,1.64,stable,sentinel1_synthetic,simulated
ISRO-2010-0806,26.705443,94.16899,1.29,stable,sentinel1_synthetic,simulated
ISRO-2015-0807,27.730314,91.697657,14.59,creep,sentinel1_synthetic,simulated
ISRO-2009-0808,26.6119,94.005219,18.68,creep,sentinel1_synthetic,simulated
ISRO-2011-0809,28.277656,94.574761,21.01,creep,sentinel1_synthetic,simulated
ISRO-2022-0810,26.534219,93.807514,2.44,stable,sentinel1_synthetic,simulated
ISRO-2016-0811,26.182624,94.68425,24.9,creep,sentinel1_synthetic,simulated
ISRO-1998-0812,25.245553,93.980503,23.96,creep,sentinel1_synthetic,simulated
ISRO-2009-0813,23.686019,92.437045,13.88,creep,sentinel1_synthetic,simulated
ISRO-2017-0814,26.970367,88.521395,11.0,creep,sentinel1_synthetic,simulated
ISRO-2002-0815,26.426053,94.524752,54.24,active,sentinel1_synthetic,simulated
ISRO-2022-0816,28.074335,94.472229,2.39,stable,sentinel1_synthetic,simulated
ISRO-2010-0817,27.391803,91.687034,1.57,stable,sentinel1_synthetic,simulated
ISRO-2001-0818,25.343533,92.102828,1.83,stable,sentinel1_synthetic,simulated
ISRO-2004-0819,23.872893,92.267765,8.81,creep,sentinel1_synthetic,simulated
ISRO-2018-0820,27.089272,95.029964,3.65,creep,sentinel1_synthetic,simulated
ISRO-2009-0821,26.926367,92.809063,12.05,creep,sentinel1_synthetic,simulated
ISRO-2013-0822,23.099171,92.899656,18.28,creep,sentinel1_synthetic,simulated
ISRO-2009-0823,26.628807,94.434456,15.02,creep,sentinel1_synthetic,simulated
ISRO-2009-0824,25.278652,91.151747,1.26,stable,sentinel1_synthetic,simulated
ISRO-2008-0825,24.651675,94.149759,45.58,active,sentinel1_synthetic,simulated
ISRO-1998-0826,25.507198,90.185848,4.65,stable,sentinel1_synthetic,simulated
ISRO-2000-0827,25.455053,90.407603,2.58,stable,sentinel1_synthetic,simulated
ISRO-2008-0828,26.275825,93.772443,4.43,stable,sentinel1_synthetic,simulated
ISRO-1998-0829,23.104896,92.870907,25.52,creep,sentinel1_synthetic,simulated
ISRO-2020-0830,22.939707,92.946233,14.62,creep,sentinel1_synthetic,simulated
ISRO-1998-0831,23.059127,92.653047,3.05,stable,sentinel1_synthetic,simulated
ISRO-2020-0832,23.705691,91.380329,2.2,stable,sentinel1_synthetic,simulated
ISRO-2012-0833,27.229396,93.144022,1.06,stable,sentinel1_synthetic,simulated
ISRO-2004-0834,23.907815,91.45311,1.5,stable,sentinel1_synthetic,simulated
ISRO-2010-0835,22.867543,92.891526,14.46,creep,sentinel1_synthetic,simulated
ISRO-2014-0836,23.593856,92.746893,2.67,stable,sentinel1_synthetic,simulated
ISRO-2011-0837,24.787744,94.375534,2.5,stable,sentinel1_synthetic,simulated
ISRO-2006-0838,26.01158,94.610895,12.24,creep,sentinel1_synthetic,simulated
ISRO-2009-0839,25.397079,91.233399,0.53,stable,sentinel1_synthetic,simulated
ISRO-2005-0840,27.565167,88.463387,0.93,stable,sentinel1_synthetic,simulated
ISRO-2007-0841,27.239515,88.559197,14.91,creep,sentinel1_synthetic,simulated
ISRO-2016-0842,27.038973,93.153084,20.3,creep,sentinel1_synthetic,simulated
ISRO-1998-0843,27.048419,93.146256,11.03,creep,sentinel1_synthetic,simulated
ISRO-2000-0844,23.599205,91.355445,0.11,stable,sentinel1_synthetic,simulated
ISRO-2017-0845,27.804989,91.769168,63.1,active,sentinel1_synthetic,simulated
ISRO-1999-0846,23.545541,91.804935,3.55,stable,sentinel1_synthetic,simulated
ISRO-2018-0847,25.245955,92.024253,11.22,creep,sentinel1_synthetic,simulated
ISRO-2007-0848,27.32397,88.527456,0.62,stable,sentinel1_synthetic,simulated
ISRO-2014-0849,23.402486,92.676513,2.8,stable,sentinel1_synthetic,simulated
ISRO-2015-0850,28.140902,94.765901,4.18,stable,sentinel1_synthetic,simulated
ISRO-2008-0851,25.381997,92.096536,2.17,stable,sentinel1_synthetic,simulated
ISRO-2008-0852,23.844036,92.333968,67.78,active,sentinel1_synthetic,simulated
ISRO-2013-0853,26.145046,94.511753,1.34,stable,sentinel1_synthetic,simulated
ISRO-2012-0854,26.529164,93.757488,0.66,stable,sentinel1_synthetic,simulated
ISRO-2004-0855,27.236879,92.95036,21.26,creep,sentinel1_synthetic,simulated
ISRO-2015-0856,26.445299,94.611414,2.58,stable,sentinel1_synthetic,simulated
ISRO-2003-0857,23.626751,92.947799,0.91,stable,sentinel1_synthetic,simulated
ISRO-2003-0858,26.214039,94.557511,66.31,active,sentinel1_synthetic,simulated
ISRO-2011-0859,25.227256,92.108804,20.31,creep,sentinel1_synthetic,simulated
ISRO-2008-0860,25.325071,91.263218,8.53,creep,sentinel1_synthetic,simulated
ISRO-1999-0861,23.576089,91.548887,14.91,creep,sentinel1_synthetic,simulated
ISRO-2013-0862,26.364096,94.761172,0.22,stable,sentinel1_synthetic,simulated
ISRO-2021-0863,27.056924,88.650929,1.81,stable,sentinel1_synthetic,simulated
ISRO-2009-0864,28.258551,94.822678,1.33,stable,sentinel1_synthetic,simulated
ISRO-2014-0865,25.819937,90.424866,13.88,creep,sentinel1_synthetic,simulated
ISRO-2016-0866,23.545501,92.660062,4.88,creep,sentinel1_synthetic,simulated
ISRO-2005-0867,27.53738,95.070739,1.66,stable,sentinel1_synthetic,simulated
ISRO-2020-0868,27.631735,91.583924,2.11,active,sentinel1_synthetic,simulated
ISRO-2007-0869,23.936948,91.411767,1.34,stable,sentinel1_synthetic,simulated
ISRO-2000-0870,24.865979,94.508463,3.01,stable,sentinel1_synthetic,simulated
ISRO-2006-0871,25.937853,93.938195,1.62,stable,sentinel1_synthetic,simulated
ISRO-2012-0872,25.533679,91.136806,0.39,stable,sentinel1_synthetic,simulated
ISRO-2018-0873,26.048379,94.643018,25.12,creep,sentinel1_synthetic,simulated
ISRO-2005-0874,23.564599,91.648873,21.42,creep,sentinel1_synthetic,simulated
ISRO-2020-0875,26.509316,94.148446,21.43,creep,sentinel1_synthetic,simulated
ISRO-2016-0876,24.700787,93.949332,2.17,stable,sentinel1_synthetic,simulated
ISRO-1998-0877,25.514146,92.486806,20.36,creep,sentinel1_synthetic,simulated
ISRO-2007-0878,25.263642,90.763468,17.79,creep,sentinel1_synthetic,simulated
ISRO-2000-0879,23.411088,92.749851,10.21,creep,sentinel1_synthetic,simulated
ISRO-2003-0880,25.311943,92.533051,2.04,stable,sentinel1_synthetic,simulated
ISRO-2014-0881,27.148698,94.992648,26.94,active,sentinel1_synthetic,simulated
ISRO-2010-0882,24.395844,94.139831,22.0,creep,sentinel1_synthetic,simulated
ISRO-2019-0883,25.220181,91.442011,32.09,active,sentinel1_synthetic,simulated
ISRO-2007-0884,24.955105,94.509843,11.39,creep,sentinel1_synthetic,simulated
ISRO-2005-0885,23.414915,92.848329,3.22,stable,sentinel1_synthetic,simulated
ISRO-2018-0886,26.669447,94.147459,52.64,active,sentinel1_synthetic,simulated
ISRO-2002-0887,26.914061,92.989922,9.36,creep,sentinel1_synthetic,simulated
ISRO-2009-0888,22.817718,92.667464,4.61,stable,sentinel1_synthetic,simulated
ISRO-2004-0889,26.072385,94.770709,9.47,creep,sentinel1_synthetic,simulated
ISRO-2014-0890,26.215674,94.653267,4.98,creep,sentinel1_synthetic,simulated
ISRO-2007-0891,26.253391,94.227764,16.11,creep,sentinel1_synthetic,simulated
ISRO-2019-0892,27.202298,88.57527,42.72,active,sentinel1_synthetic,simulated
ISRO-2001-0893,25.566366,90.405688,4.3,stable,sentinel1_synthetic,simulated
ISRO-2019-0894,26.411986,94.619647,19.61,active,sentinel1_synthetic,simulated
ISRO-2022-0895,27.639276,91.954359,22.09,creep,sentinel1_synthetic,simulated
ISRO-2012-0896,23.474648,91.635361,60.56,active,sentinel1_synthetic,simulated
ISRO-2011-0897,25.060902,92.101875,45.13,active,sentinel1_synthetic,simulated
ISRO-2000-0898,25.03653,94.611167,3.8,creep,sentinel1_synthetic,simulated
ISRO-1999-0899,26.451398,94.080294,58.11,active,sentinel1_synthetic,simulated
ISRO-2011-0900,23.696354,92.647987,2.42,stable,sentinel1_synthetic,simulated
ISRO-2007-0901,27.221954,94.95282,1.74,stable,sentinel1_synthetic,simulated
ISRO-2002-0902,27.26168,88.307131,0.11,stable,sentinel1_synthetic,simulated
ISRO-2015-0903,27.307795,88.187582,0.05,stable,sentinel1_synthetic,simulated
ISRO-2014-0904,25.302539,90.763445,88.7,active,sentinel1_synthetic,simulated
ISRO-2002-0905,26.436926,94.052924,4.3,stable,sentinel1_synthetic,simulated
ISRO-2012-0906,23.694946,91.401794,2.33,stable,sentinel1_synthetic,simulated
ISRO-2017-0907,27.550476,88.417406,11.13,creep,sentinel1_synthetic,simulated
ISRO-2009-0908,25.604021,91.505868,40.83,active,sentinel1_synthetic,simulated
ISRO-2012-0909,26.277295,93.910189,18.44,creep,sentinel1_synthetic,simulated
ISRO-1998-0910,25.269714,91.504931,33.33,active,sentinel1_synthetic,simulated
ISRO-2015-0911,26.192935,92.629125,14.79,creep,sentinel1_synthetic,simulated
ISRO-2012-0912,25.243615,91.334192,43.41,active,sentinel1_synthetic,simulated
ISRO-2015-0913,22.689617,93.003925,12.22,creep,sentinel1_synthetic,simulated
ISRO-2011-0914,25.376224,91.186296,4.49,stable,sentinel1_synthetic,simulated
ISRO-2008-0915,27.059005,92.905694,1.98,stable,sentinel1_synthetic,simulated
ISRO-1999-0916,26.268426,94.146441,16.13,creep,sentinel1_synthetic,simulated
ISRO-2004-0917,26.963177,92.855772,25.93,creep,sentinel1_synthetic,simulated
ISRO-2014-0918,26.494126,94.016071,1.6,stable,sentinel1_synthetic,simulated
ISRO-2005-0919,24.818414,94.319907,13.82,creep,sentinel1_synthetic,simulated
ISRO-2021-0920,25.737702,90.29448,1.36,stable,sentinel1_synthetic,simulated
ISRO-2009-0921,25.835046,90.498555,47.4,active,sentinel1_synthetic,simulated
ISRO-2020-0922,25.212724,93.999108,0.66,stable,sentinel1_synthetic,simulated
ISRO-1999-0923,28.32861,94.662901,20.33,creep,sentinel1_synthetic,simulated
ISRO-2000-0924,25.644826,91.024705,20.05,creep,sentinel1_synthetic,simulated
ISRO-2003-0925,27.119159,93.177717,18.95,creep,sentinel1_synthetic,simulated
ISRO-2011-0926,23.677386,91.210653,15.43,creep,sentinel1_synthetic,simulated
ISRO-2012-0927,27.055736,88.432494,3.91,stable,sentinel1_synthetic,simulated
ISRO-2003-0928,25.188817,94.080741,3.32,creep,sentinel1_synthetic,simulated
ISRO-2016-0929,26.843363,93.246326,3.22,stable,sentinel1_synthetic,simulated
ISRO-2015-0930,26.317103,93.754832,18.2,creep,sentinel1_synthetic,simulated
ISRO-2020-0931,24.659471,94.006972,57.79,active,sentinel1_synthetic,simulated
ISRO-2009-0932,23.394575,92.569964,4.54,stable,sentinel1_synthetic,simulated
ISRO-2016-0933,25.653501,90.806754,7.83,creep,sentinel1_synthetic,simulated
ISRO-2021-0934,25.451741,90.156396,1.94,stable,sentinel1_synthetic,simulated
ISRO-2006-0935,24.780428,94.343653,4.21,stable,sentinel1_synthetic,simulated
ISRO-2010-0936,25.708193,91.025064,31.13,creep,sentinel1_synthetic,simulated
ISRO-2002-0937,25.060826,92.323531,2.68,stable,sentinel1_synthetic,simulated
ISRO-2006-0938,23.801139,91.38088,5.48,stable,sentinel1_synthetic,simulated
ISRO-2011-0939,23.617783,91.832227,20.88,active,sentinel1_synthetic,simulated
ISRO-1999-0940,25.499148,91.508168,1.27,stable,sentinel1_synthetic,simulated
ISRO-1999-0941,27.125899,88.281053,0.62,stable,sentinel1_synthetic,simulated
ISRO-2007-0942,26.036182,94.305454,0.67,stable,sentinel1_synthetic,simulated
ISRO-2010-0943,23.561322,92.514633,101.3,active,sentinel1_synthetic,simulated
ISRO-2011-0944,25.202673,92.115974,3.84,stable,sentinel1_synthetic,simulated
ISRO-2005-0945,23.560581,92.591538,1.66,stable,sentinel1_synthetic,simulated
ISRO-2020-0946,27.396577,88.210156,3.03,stable,sentinel1_synthetic,simulated
ISRO-2020-0947,27.238335,93.075065,0.94,stable,sentinel1_synthetic,simulated
ISRO-2020-0948,25.264026,90.759066,19.72,creep,sentinel1_synthetic,simulated
ISRO-2011-0949,24.438696,93.72286,12.9,creep,sentinel1_synthetic,simulated
ISRO-2018-0950,27.355593,88.358099,14.55,creep,sentinel1_synthetic,simulated
ISRO-2022-0951,27.842262,91.80631,27.49,creep,sentinel1_synthetic,simulated
ISRO-2006-0952,24.698281,94.034176,9.96,creep,sentinel1_synthetic,simulated
ISRO-2005-0953,25.492416,91.513104,48.74,active,sentinel1_synthetic,simulated
ISRO-2008-0954,23.277613,91.823849,38.87,active,sentinel1_synthetic,simulated
ISRO-2020-0955,23.838487,91.108164,0.38,stable,sentinel1_synthetic,simulated
ISRO-1998-0956,27.50749,95.113578,4.93,creep,sentinel1_synthetic,simulated
ISRO-2005-0957,23.600128,91.759891,2.69,stable,sentinel1_synthetic,simulated
ISRO-2017-0958,26.638202,94.021194,2.29,stable,sentinel1_synthetic,simulated
ISRO-2001-0959,25.275437,92.235804,2.27,stable,sentinel1_synthetic,simulated
ISRO-2021-0960,26.250785,94.683996,15.47,creep,sentinel1_synthetic,simulated
ISRO-2022-0961,24.8849,94.375843,9.7,creep,sentinel1_synthetic,simulated
ISRO-2007-0962,23.634312,92.265859,22.05,creep,sentinel1_synthetic,simulated
ISRO-2005-0963,25.565126,91.205693,17.92,creep,sentinel1_synthetic,simulated
ISRO-2008-0964,27.604737,91.640476,1.98,stable,sentinel1_synthetic,simulated
ISRO-2008-0965,26.067886,94.386844,10.15,creep,sentinel1_synthetic,simulated
ISRO-2002-0966,25.181742,93.878391,5.2,creep,sentinel1_synthetic,simulated
ISRO-2013-0967,23.626018,91.377468,0.72,stable,sentinel1_synthetic,simulated
ISRO-2016-0968,25.670178,90.095934,14.61,creep,sentinel1_synthetic,simulated
ISRO-2017-0969,26.541391,94.220725,0.79,stable,sentinel1_synthetic,simulated
ISRO-2020-0970,26.674366,94.162243,2.13,stable,sentinel1_synthetic,simulated
ISRO-2006-0971,27.521034,88.477355,11.45,creep,sentinel1_synthetic,simulated
ISRO-2022-0972,25.595709,92.476107,2.12,stable,sentinel1_synthetic,simulated
ISRO-2003-0973,25.18682,93.950778,14.08,creep,sentinel1_synthetic,simulated
ISRO-2007-0974,25.732567,92.796569,4.79,stable,sentinel1_synthetic,simulated
ISRO-2002-0975,27.456215,88.46742,57.94,active,sentinel1_synthetic,simulated
ISRO-2002-0976,23.652086,91.527082,2.41,stable,sentinel1_synthetic,simulated
ISRO-2021-0977,25.865305,93.716472,0.88,stable,sentinel1_synthetic,simulated
ISRO-2011-0978,27.679664,92.036404,11.39,creep,sentinel1_synthetic,simulated
ISRO-2022-0979,25.553426,90.445138,28.08,creep,sentinel1_synthetic,simulated
ISRO-2000-0980,24.896589,94.45181,0.76,stable,sentinel1_synthetic,simulated
ISRO-2019-0981,23.684414,91.084932,25.54,creep,sentinel1_synthetic,simulated
ISRO-2003-0982,25.101593,94.1235,24.83,creep,sentinel1_synthetic,simulated
ISRO-2002-0983,25.271114,91.570794,2.01,stable,sentinel1_synthetic,simulated
ISRO-2016-0984,27.28205,94.958647,51.48,active,sentinel1_synthetic,simulated
ISRO-2004-0985,23.291751,91.620973,1.34,stable,sentinel1_synthetic,simulated
ISRO-2004-0986,26.764705,92.914706,0.24,stable,sentinel1_synthetic,simulated
ISRO-2015-0987,25.579549,92.717747,1.82,stable,sentinel1_synthetic,simulated
ISRO-2012-0988,25.087021,92.329212,1.05,stable,sentinel1_synthetic,simulated
ISRO-2021-0989,25.343796,91.059405,3.75,stable,sentinel1_synthetic,simulated
ISRO-2008-0990,26.386687,94.70024,4.2,creep,sentinel1_synthetic,simulated
ISRO-2014-0991,25.647138,90.456834,7.89,creep,sentinel1_synthetic,simulated
ISRO-1998-0992,26.596426,94.098027,0.83,stable,sentinel1_synthetic,simulated
ISRO-2003-0993,26.864423,92.85741,62.92,active,sentinel1_synthetic,simulated
ISRO-2012-0994,25.375453,91.216357,47.96,active,sentinel1_synthetic,simulated
ISRO-2020-0995,25.87927,94.06884,1.24,stable,sentinel1_synthetic,simulated
ISRO-2001-0996,26.079719,94.595554,0.49,stable,sentinel1_synthetic,simulated
ISRO-2000-0997,27.071415,88.668495,28.59,active,sentinel1_synthetic,simulated
ISRO-2018-0998,27.529176,88.801548,0.56,stable,sentinel1_synthetic,simulated
ISRO-2017-0999,23.250994,92.922477,13.77,creep,sentinel1_synthetic,simulated
ISRO-2000-1000,25.681982,92.477752,2.8,stable,sentinel1_synthetic,simulated
ISRO-2011-1001,23.698865,91.489029,2.82,stable,sentinel1_synthetic,simulated
ISRO-2019-1002,24.543952,94.132964,0.8,stable,sentinel1_synthetic,simulated
ISRO-2017-1003,25.604936,90.915511,1.66,stable,sentinel1_synthetic,simulated
ISRO-2004-1004,24.993554,94.043508,14.22,creep,sentinel1_synthetic,simulated
ISRO-2012-1005,26.909664,92.750546,2.53,stable,sentinel1_synthetic,simulated
ISRO-2002-1006,25.655311,90.470133,21.04,creep,sentinel1_synthetic,simulated
ISRO-2011-1007,26.196092,93.846613,3.48,stable,sentinel1_synthetic,simulated
ISRO-2012-1008,27.502314,91.904814,3.35,stable,sentinel1_synthetic,simulated
ISRO-2021-1009,24.828298,93.913749,12.57,creep,sentinel1_synthetic,simulated
ISRO-2003-1010,23.474563,91.842347,2.36,stable,sentinel1_synthetic,simulated
ISRO-2003-1011,23.457632,92.488454,3.26,stable,sentinel1_synthetic,simulated
ISRO-2009-1012,25.501021,90.21957,22.99,creep,sentinel1_synthetic,simulated
ISRO-1999-1013,25.014498,94.07606,3.97,stable,sentinel1_synthetic,simulated
ISRO-2015-1014,26.263064,94.07998,14.42,creep,sentinel1_synthetic,simulated
ISRO-2021-1015,27.313878,88.113433,14.02,creep,sentinel1_synthetic,simulated
ISRO-2007-1016,24.839372,94.50525,4.88,stable,sentinel1_synthetic,simulated
ISRO-2013-1017,26.47006,94.274871,1.84,stable,sentinel1_synthetic,simulated
ISRO-2011-1018,25.872095,94.034896,2.29,creep,sentinel1_synthetic,simulated
ISRO-2013-1019,26.541783,93.877856,1.09,stable,sentinel1_synthetic,simulated
ISRO-2012-1020,23.892825,92.561957,4.2,stable,sentinel1_synthetic,simulated
ISRO-2007-1021,23.726498,92.366256,0.27,stable,sentinel1_synthetic,simulated
ISRO-2003-1022,27.14643,88.532339,5.13,active,sentinel1_synthetic,simulated
ISRO-2013-1023,23.735834,92.51975,2.36,stable,sentinel1_synthetic,simulated
ISRO-2007-1024,25.714302,90.936947,1.28,stable,sentinel1_synthetic,simulated
ISRO-2000-1025,28.312296,94.901961,11.66,creep,sentinel1_synthetic,simulated
ISRO-1998-1026,25.640452,91.279573,41.61,active,sentinel1_synthetic,simulated
ISRO-2013-1027,27.530468,88.564317,1.49,stable,sentinel1_synthetic,simulated
ISRO-2019-1028,26.236991,94.457207,2.59,stable,sentinel1_synthetic,simulated
ISRO-2004-1029,26.318777,94.299048,19.33,creep,sentinel1_synthetic,simulated
ISRO-2021-1030,23.453929,92.896868,9.09,creep,sentinel1_synthetic,simulated
ISRO-1999-1031,27.428986,88.547299,56.4,active,sentinel1_synthetic,simulated
ISRO-2007-1032,25.076151,92.047329,11.43,creep,sentinel1_synthetic,simulated
ISRO-2017-1033,25.37475,91.129744,1.44,stable,sentinel1_synthetic,simulated
ISRO-2014-1034,24.032271,91.517056,4.57,stable,sentinel1_synthetic,simulated
ISRO-2022-1035,25.513069,91.283454,2.91,stable,sentinel1_synthetic,simulated
ISRO-2009-1036,25.546604,90.946672,0.88,stable,sentinel1_synthetic,simulated
ISRO-2006-1037,27.974896,94.821431,2.95,stable,sentinel1_synthetic,simulated
ISRO-2014-1038,27.388858,88.151204,27.35,creep,sentinel1_synthetic,simulated
ISRO-2016-1039,26.309717,94.095876,2.46,creep,sentinel1_synthetic,simulated
ISRO-1998-1040,25.304152,91.252361,52.94,active,sentinel1_synthetic,simulated
ISRO-1998-1041,23.522082,91.381684,0.57,stable,sentinel1_synthetic,simulated
ISRO-2018-1042,23.687826,92.345886,1.36,stable,sentinel1_synthetic,simulated
ISRO-2018-1043,25.904762,93.850134,20.29,creep,sentinel1_synthetic,simulated
ISRO-2018-1044,25.705329,90.363497,7.19,stable,sentinel1_synthetic,simulated
ISRO-2018-1045,26.049806,94.512729,12.28,creep,sentinel1_synthetic,simulated
ISRO-2002-1046,26.500504,94.692308,4.86,stable,sentinel1_synthetic,simulated
ISRO-2006-1047,25.508525,90.260967,58.17,active,sentinel1_synthetic,simulated
ISRO-2016-1048,26.668202,94.15457,30.91,creep,sentinel1_synthetic,simulated
ISRO-2002-1049,23.342926,92.936677,1.14,stable,sentinel1_synthetic,simulated
ISRO-2009-1050,24.900701,94.180431,54.2,active,sentinel1_synthetic,simulated
ISRO-2010-1051,24.834727,94.14413,2.18,stable,sentinel1_synthetic,simulated
ISRO-2020-1052,27.590508,88.492876,18.31,creep,sentinel1_synthetic,simulated
ISRO-2021-1053,23.878411,92.416957,16.69,creep,sentinel1_synthetic,simulated
ISRO-2006-1054,27.025736,93.145019,8.56,creep,sentinel1_synthetic,simulated
ISRO-2020-1055,25.072641,94.231536,12.52,creep,sentinel1_synthetic,simulated
ISRO-2017-1056,26.103896,94.410747,2.06,stable,sentinel1_synthetic,simulated
ISRO-2000-1057,26.246127,94.120951,3.42,stable,sentinel1_synthetic,simulated
ISRO-2021-1058,25.596311,91.477863,0.33,stable,sentinel1_synthetic,simulated
ISRO-2014-1059,26.501838,94.144861,27.55,creep,sentinel1_synthetic,simulated
ISRO-2008-1060,27.06278,88.49151,85.78,active,sentinel1_synthetic,simulated
ISRO-1998-1061,27.137125,95.363477,2.17,stable,sentinel1_synthetic,simulated
ISRO-2017-1062,26.204383,93.753513,61.71,active,sentinel1_synthetic,simulated
ISRO-2001-1063,27.807164,91.828331,4.2,stable,sentinel1_synthetic,simulated
ISRO-2015-1064,24.389683,93.934657,50.16,active,sentinel1_synthetic,simulated
ISRO-2010-1065,26.530012,94.647014,2.86,stable,sentinel1_synthetic,simulated
ISRO-2013-1066,25.232842,92.333818,21.02,creep,sentinel1_synthetic,simulated
ISRO-2016-1067,23.682358,91.371027,2.98,stable,sentinel1_synthetic,simulated
ISRO-2000-1068,27.52446,88.406094,10.58,creep,sentinel1_synthetic,simulated
ISRO-2006-1069,27.302152,88.722968,8.42,creep,sentinel1_synthetic,simulated
ISRO-2017-1070,25.605096,92.845887,3.47,stable,sentinel1_synthetic,simulated
ISRO-2005-1071,27.071916,88.483548,25.13,creep,sentinel1_synthetic,simulated
ISRO-2015-1072,27.447019,88.663952,5.67,creep,sentinel1_synthetic,simulated
ISRO-1998-1073,23.580007,92.560865,14.71,creep,sentinel1_synthetic,simulated
ISRO-2019-1074,25.430963,90.820079,1.27,stable,sentinel1_synthetic,simulated
ISRO-2019-1075,24.478254,93.688494,6.04,creep,sentinel1_synthetic,simulated
ISRO-2011-1076,27.275297,88.299479,3.08,stable,sentinel1_synthetic,simulated
ISRO-2004-1077,22.731185,92.627257,9.64,creep,sentinel1_synthetic,simulated
ISRO-2012-1078,26.593,93.839019,2.92,stable,sentinel1_synthetic,simulated
ISRO-2006-1079,23.474644,92.401169,3.01,stable,sentinel1_synthetic,simulated
ISRO-1998-1080,24.868552,94.203907,2.33,stable,sentinel1_synthetic,simulated
ISRO-2005-1081,27.244806,92.7787,1.95,stable,sentinel1_synthetic,simulated
ISRO-2009-1082,24.572432,93.811161,2.08,stable,sentinel1_synthetic,simulated
ISRO-2002-1083,26.99549,93.031914,15.3,creep,sentinel1_synthetic,simulated
ISRO-1999-1084,27.578275,88.378439,1.42,stable,sentinel1_synthetic,simulated
ISRO-2022-1085,23.241143,92.513667,0.76,stable,sentinel1_synthetic,simulated
ISRO-2001-1086,26.454111,92.938438,1.34,stable,sentinel1_synthetic,simulated
ISRO-1998-1087,26.562607,92.802996,22.26,active,sentinel1_synthetic,simulated
ISRO-2001-1088,26.429253,94.032653,1.67,stable,sentinel1_synthetic,simulated
ISRO-2009-1089,25.360015,91.214314,78.58,active,sentinel1_synthetic,simulated
ISRO-2017-1090,24.607837,93.651972,1.65,stable,sentinel1_synthetic,simulated
ISRO-2018-1091,24.996481,94.213977,0.88,stable,sentinel1_synthetic,simulated
ISRO-2001-1092,27.231619,95.061677,2.53,stable,sentinel1_synthetic,simulated
ISRO-2011-1093,26.417581,94.14248,52.18,active,sentinel1_synthetic,simulated
ISRO-2012-1094,27.450741,88.497033,11.88,creep,sentinel1_synthetic,simulated
ISRO-2017-1095,26.464526,94.518647,3.11,stable,sentinel1_synthetic,simulated
ISRO-2012-1096,27.000808,88.18496,1.12,stable,sentinel1_synthetic,simulated
ISRO-2012-1097,27.089534,95.001451,0.54,stable,sentinel1_synthetic,simulated
ISRO-2009-1098,25.64904,91.183181,5.92,creep,sentinel1_synthetic,simulated
ISRO-2016-1099,25.165556,92.158027,1.77,stable,sentinel1_synthetic,simulated
ISRO-2006-1100,26.52217,92.829745,11.18,creep,sentinel1_synthetic,simulated
ISRO-2002-1101,26.290053,92.613907,3.69,creep,sentinel1_synthetic,simulated
ISRO-2020-1102,25.690215,92.861508,19.07,creep,sentinel1_synthetic,simulated
ISRO-2019-1103,25.646236,91.137899,1.25,stable,sentinel1_synthetic,simulated
ISRO-2019-1104,23.687923,91.71067,1.41,stable,sentinel1_synthetic,simulated
ISRO-2000-1105,25.734,90.245055,7.56,creep,sentinel1_synthetic,simulated
ISRO-2002-1106,27.418698,91.623682,36.23,active,sentinel1_synthetic,simulated
ISRO-2017-1107,26.738261,93.94548,72.31,active,sentinel1_synthetic,simulated
ISRO-2020-1108,26.328374,93.776608,3.34,stable,sentinel1_synthetic,simulated
ISRO-1999-1109,27.58649,91.595166,20.01,creep,sentinel1_synthetic,simulated
ISRO-1998-1110,26.236999,93.661329,3.68,stable,sentinel1_synthetic,simulated
ISRO-2016-1111,27.218672,93.067161,2.52,stable,sentinel1_synthetic,simulated
ISRO-2017-1112,27.06803,88.741795,66.12,active,sentinel1_synthetic,simulated
ISRO-2003-1113,25.601395,90.209718,2.16,stable,sentinel1_synthetic,simulated
ISRO-2021-1114,25.269461,91.35341,1.65,stable,sentinel1_synthetic,simulated
ISRO-2013-1115,25.452803,92.665652,49.03,active,sentinel1_synthetic,simulated
ISRO-2008-1116,25.423614,91.853498,43.39,active,sentinel1_synthetic,simulated
ISRO-2007-1117,27.2253,88.655258,38.94,active,sentinel1_synthetic,simulated
ISRO-2003-1118,23.558905,91.268631,2.13,stable,sentinel1_synthetic,simulated
ISRO-2017-1119,27.597688,88.176646,10.21,creep,sentinel1_synthetic,simulated
ISRO-2006-1120,25.534875,92.087371,1.23,stable,sentinel1_synthetic,simulated
ISRO-2004-1121,24.437617,94.003174,50.5,active,sentinel1_synthetic,simulated
ISRO-2020-1122,26.217173,94.682982,0.75,creep,sentinel1_synthetic,simulated
ISRO-1998-1123,27.509431,95.308434,0.41,stable,sentinel1_synthetic,simulated
ISRO-2012-1124,25.42429,91.990489,1.76,stable,sentinel1_synthetic,simulated
ISRO-2001-1125,27.232715,88.564097,4.01,stable,sentinel1_synthetic,simulated
ISRO-2019-1126,26.073028,94.494482,23.71,creep,sentinel1_synthetic,simulated
ISRO-2015-1127,27.266117,88.374371,13.87,creep,sentinel1_synthetic,simulated
ISRO-2014-1128,26.445963,94.305555,12.14,creep,sentinel1_synthetic,simulated
ISRO-2016-1129,27.312004,88.730465,4.89,stable,sentinel1_synthetic,simulated
ISRO-2007-1130,25.493756,92.081217,14.9,creep,sentinel1_synthetic,simulated
ISRO-2000-1131,27.019655,88.232418,1.64,stable,sentinel1_synthetic,simulated
ISRO-2022-1132,24.946493,93.894598,27.75,creep,sentinel1_synthetic,simulated
ISRO-2013-1133,25.747461,90.766641,54.21,active,sentinel1_synthetic,simulated
ISRO-2002-1134,25.451565,91.329323,29.15,creep,sentinel1_synthetic,simulated
ISRO-2014-1135,23.788437,92.620658,44.92,active,sentinel1_synthetic,simulated
ISRO-2009-1136,26.230309,94.508708,3.2,stable,sentinel1_synthetic,simulated
ISRO-2011-1137,27.562249,91.881081,3.06,stable,sentinel1_synthetic,simulated
ISRO-2009-1138,27.243793,88.62832,13.89,creep,sentinel1_synthetic,simulated
ISRO-2016-1139,25.814535,90.15076,1.41,stable,sentinel1_synthetic,simulated
ISRO-2010-1140,26.487263,93.966832,21.45,creep,sentinel1_synthetic,simulated
ISRO-2013-1141,23.63001,92.886084,18.75,creep,sentinel1_synthetic,simulated
ISRO-2005-1142,24.574784,93.696821,46.67,active,sentinel1_synthetic,simulated
ISRO-2010-1143,27.362626,95.107834,15.59,creep,sentinel1_synthetic,simulated
ISRO-1999-1144,25.80905,90.169219,81.58,active,sentinel1_synthetic,simulated
ISRO-2011-1145,23.936176,92.485009,2.62,stable,sentinel1_synthetic,simulated
ISRO-2006-1146,28.282915,94.789323,26.49,active,sentinel1_synthetic,simulated
ISRO-2002-1147,27.101558,88.135592,28.3,creep,sentinel1_synthetic,simulated
ISRO-2010-1148,27.297685,95.336699,4.65,stable,sentinel1_synthetic,simulated
ISRO-2016-1149,26.742523,94.323024,13.14,creep,sentinel1_synthetic,simulated
ISRO-2011-1150,23.679247,91.293338,3.53,stable,sentinel1_synthetic,simulated
ISRO-2002-1151,25.53119,92.073472,16.24,creep,sentinel1_synthetic,simulated
ISRO-2004-1152,25.622569,92.922737,1.23,stable,sentinel1_synthetic,simulated
ISRO-2022-1153,27.446409,88.442099,0.76,stable,sentinel1_synthetic,simulated
ISRO-1999-1154,24.962885,94.648649,2.88,stable,sentinel1_synthetic,simulated
ISRO-2012-1155,26.504669,94.507981,14.71,creep,sentinel1_synthetic,simulated
ISRO-2005-1156,27.596818,91.56448,2.56,stable,sentinel1_synthetic,simulated
ISRO-2013-1157,24.664308,93.770841,0.76,stable,sentinel1_synthetic,simulated
ISRO-2011-1158,25.000006,94.345975,44.46,active,sentinel1_synthetic,simulated
ISRO-2001-1159,24.607227,93.884869,2.04,stable,sentinel1_synthetic,simulated
ISRO-2021-1160,23.860674,91.350438,1.33,stable,sentinel1_synthetic,simulated
ISRO-2021-1161,25.94595,90.288201,0.81,stable,sentinel1_synthetic,simulated
ISRO-2008-1162,23.589765,91.25262,1.91,stable,sentinel1_synthetic,simulated
ISRO-2000-1163,26.717021,94.076146,40.79,active,sentinel1_synthetic,simulated
ISRO-1998-1164,24.982699,94.271902,13.46,creep,sentinel1_synthetic,simulated
ISRO-2004-1165,27.335678,95.035861,1.52,stable,sentinel1_synthetic,simulated
ISRO-2016-1166,26.89123,92.817821,33.69,active,sentinel1_synthetic,simulated
ISRO-1999-1167,25.550584,91.061932,77.13,active,sentinel1_synthetic,simulated
ISRO-2008-1168,24.524129,93.93928,3.97,creep,sentinel1_synthetic,simulated
ISRO-2013-1169,26.238524,94.449817,53.86,active,sentinel1_synthetic,simulated
ISRO-2006-1170,23.813442,92.593033,2.45,stable,sentinel1_synthetic,simulated
ISRO-2004-1171,26.473487,94.065313,5.13,creep,sentinel1_synthetic,simulated
ISRO-2017-1172,23.935423,91.494254,20.1,active,sentinel1_synthetic,simulated
ISRO-2022-1173,25.537339,90.217779,18.75,creep,sentinel1_synthetic,simulated
ISRO-2009-1174,27.607313,91.993341,3.71,creep,sentinel1_synthetic,simulated
ISRO-2011-1175,25.355588,92.820678,2.07,stable,sentinel1_synthetic,simulated
ISRO-2014-1176,26.481101,92.812582,11.14,creep,sentinel1_synthetic,simulated
ISRO-2015-1177,24.572999,93.821124,3.49,stable,sentinel1_synthetic,simulated
ISRO-2008-1178,26.418413,94.713864,2.13,stable,sentinel1_synthetic,simulated
ISRO-2013-1179,26.240712,93.719055,0.82,stable,sentinel1_synthetic,simulated
ISRO-2012-1180,26.477259,94.135963,3.91,stable,sentinel1_synthetic,simulated
ISRO-2012-1181,26.62416,92.902758,3.25,stable,sentinel1_synthetic,simulated
ISRO-2004-1182,25.423941,92.921091,2.18,stable,sentinel1_synthetic,simulated
ISRO-2003-1183,23.239489,92.743397,1.13,stable,sentinel1_synthetic,simulated
ISRO-2022-1184,24.667805,94.250657,8.06,creep,sentinel1_synthetic,simulated
ISRO-1998-1185,26.191207,92.732434,41.13,active,sentinel1_synthetic,simulated
ISRO-2022-1186,23.72888,91.54953,3.74,stable,sentinel1_synthetic,simulated
ISRO-2021-1187,27.202338,92.948336,1.74,stable,sentinel1_synthetic,simulated
ISRO-1999-1188,26.103997,94.938476,0.36,stable,sentinel1_synthetic,simulated
ISRO-2012-1189,23.862769,91.335203,25.72,creep,sentinel1_synthetic,simulated
ISRO-2004-1190,27.153694,92.837946,1.37,stable,sentinel1_synthetic,simulated
ISRO-2020-1191,27.563766,88.165892,21.16,creep,sentinel1_synthetic,simulated
ISRO-2018-1192,25.381159,91.020742,1.2,stable,sentinel1_synthetic,simulated
ISRO-2019-1193,24.867913,94.20374,0.8,stable,sentinel1_synthetic,simulated
ISRO-2012-1194,27.487519,91.887236,1.55,stable,sentinel1_synthetic,simulated
ISRO-2013-1195,26.201544,92.62305,9.86,creep,sentinel1_synthetic,simulated
ISRO-2014-1196,22.720087,92.578669,2.13,stable,sentinel1_synthetic,simulated
ISRO-1999-1197,25.466156,91.210206,2.36,stable,sentinel1_synthetic,simulated
ISRO-2001-1198,23.491191,92.509978,0.55,stable,sentinel1_synthetic,simulated
ISRO-2018-1199,23.677063,91.51305,2.36,stable,sentinel1_synthetic,simulated
ISRO-2020-1200,27.368655,95.196653,37.42,active,sentinel1_synthetic,simulated
COOLR-SYN-0001,23.839055,91.30715,0.49,stable,sentinel1_synthetic,simulated
COOLR-SYN-0002,25.732707,90.280514,3.5,stable,sentinel1_synthetic,simulated
COOLR-SYN-0003,25.262163,91.310009,22.31,creep,sentinel1_synthetic,simulated
COOLR-SYN-0004,26.179193,94.821555,2.71,stable,sentinel1_synthetic,simulated
COOLR-SYN-0005,27.359479,88.693411,68.74,active,sentinel1_synthetic,simulated
COOLR-SYN-0006,27.857116,94.467878,3.4,creep,sentinel1_synthetic,simulated
COOLR-SYN-0007,25.199104,91.94177,12.97,creep,sentinel1_synthetic,simulated
COOLR-SYN-0008,26.167711,94.946664,25.57,active,sentinel1_synthetic,simulated
COOLR-SYN-0009,25.346182,91.122756,16.56,creep,sentinel1_synthetic,simulated
COOLR-SYN-0010,27.09322,93.12341,15.72,creep,sentinel1_synthetic,simulated
COOLR-SYN-0011,26.352878,93.938236,0.22,stable,sentinel1_synthetic,simulated
COOLR-SYN-0012,25.995842,90.512315,17.13,creep,sentinel1_synthetic,simulated
COOLR-SYN-0013,24.583995,94.123938,2.36,stable,sentinel1_synthetic,simulated
COOLR-SYN-0014,27.447858,88.300629,0.31,stable,sentinel1_synthetic,simulated
COOLR-SYN-0015,26.354805,94.009372,1.69,stable,sentinel1_synthetic,simulated
COOLR-SYN-0016,23.579625,91.225923,2.75,stable,sentinel1_synthetic,simulated
COOLR-SYN-0017,26.267916,92.798373,17.78,creep,sentinel1_synthetic,simulated
COOLR-SYN-0018,25.268988,92.868275,10.66,creep,sentinel1_synthetic,simulated
COOLR-SYN-0019,25.353371,92.802101,1.76,stable,sentinel1_synthetic,simulated
COOLR-SYN-0020,25.316211,91.99994,3.06,stable,sentinel1_synthetic,simulated
COOLR-SYN-0021,27.56998,91.608479,2.13,stable,sentinel1_synthetic,simulated
COOLR-SYN-0022,27.00684,88.828015,4.16,stable,sentinel1_synthetic,simulated
COOLR-SYN-0023,25.731431,91.275015,3.02,stable,sentinel1_synthetic,simulated
COOLR-SYN-0024,28.02464,94.801961,2.58,stable,sentinel1_synthetic,simulated
COOLR-SYN-0025,25.308887,92.34653,1.78,stable,sentinel1_synthetic,simulated
COOLR-SYN-0026,24.935123,94.16868,2.57,stable,sentinel1_synthetic,simulated
COOLR-SYN-0027,23.444228,91.720122,13.68,creep,sentinel1_synthetic,simulated
COOLR-SYN-0028,26.374556,92.709577,13.24,creep,sentinel1_synthetic,simulated
COOLR-SYN-0029,22.957572,92.97562,42.38,active,sentinel1_synthetic,simulated
COOLR-SYN-0030,25.513543,92.617845,0.31,stable,sentinel1_synthetic,simulated
COOLR-SYN-0031,26.904968,93.101818,0.53,stable,sentinel1_synthetic,simulated
COOLR-SYN-0032,25.041131,94.123945,11.73,creep,sentinel1_synthetic,simulated
COOLR-SYN-0033,24.636913,93.956661,50.46,active,sentinel1_synthetic,simulated
COOLR-SYN-0034,26.658992,94.146035,11.84,creep,sentinel1_synthetic,simulated
COOLR-SYN-0035,26.283638,94.029361,0.72,stable,sentinel1_synthetic,simulated
COOLR-SYN-0036,22.955186,93.079746,23.49,creep,sentinel1_synthetic,simulated
COOLR-SYN-0037,27.375304,88.018328,18.53,creep,sentinel1_synthetic,simulated
COOLR-SYN-0038,25.473047,91.46878,2.54,stable,sentinel1_synthetic,simulated
COOLR-SYN-0039,26.550587,94.498696,82.11,active,sentinel1_synthetic,simulated
COOLR-SYN-0040,27.875081,91.945881,69.45,active,sentinel1_synthetic,simulated
COOLR-SYN-0041,23.281091,92.959221,0.11,stable,sentinel1_synthetic,simulated
COOLR-SYN-0042,26.167605,92.851852,9.45,creep,sentinel1_synthetic,simulated
COOLR-SYN-0043,28.389951,94.89823,0.81,stable,sentinel1_synthetic,simulated
COOLR-SYN-0044,26.489235,94.961801,20.63,creep,sentinel1_synthetic,simulated
COOLR-SYN-0045,27.710056,88.338914,13.47,creep,sentinel1_synthetic,simulated
COOLR-SYN-0046,22.688349,93.085358,2.95,stable,sentinel1_synthetic,simulated
COOLR-SYN-0047,27.428542,91.951016,13.38,creep,sentinel1_synthetic,simulated
COOLR-SYN-0048,27.349422,88.117505,2.1,stable,sentinel1_synthetic,simulated
COOLR-SYN-0049,23.721759,91.75229,17.77,creep,sentinel1_synthetic,simulated
COOLR-SYN-0050,25.583592,90.486285,3.09,stable,sentinel1_synthetic,simulated
COOLR-SYN-0051,27.046261,95.274911,19.85,creep,sentinel1_synthetic,simulated
COOLR-SYN-0052,23.453347,91.640622,45.01,active,sentinel1_synthetic,simulated
COOLR-SYN-0053,24.910985,94.665585,2.05,stable,sentinel1_synthetic,simulated
COOLR-SYN-0054,25.322694,91.998986,3.15,stable,sentinel1_synthetic,simulated
COOLR-SYN-0055,27.597259,88.514357,24.17,creep,sentinel1_synthetic,simulated
COOLR-SYN-0056,25.388237,92.411634,44.17,active,sentinel1_synthetic,simulated
COOLR-SYN-0057,27.375029,95.059365,0.0,stable,sentinel1_synthetic,simulated
COOLR-SYN-0058,27.156433,88.071376,48.33,active,sentinel1_synthetic,simulated
COOLR-SYN-0059,25.161418,93.964741,16.32,creep,sentinel1_synthetic,simulated
COOLR-SYN-0060,26.636049,93.983477,1.24,stable,sentinel1_synthetic,simulated
COOLR-SYN-0061,26.722872,93.707938,3.71,stable,sentinel1_synthetic,simulated
COOLR-SYN-0062,27.029527,88.42718,20.04,creep,sentinel1_synthetic,simulated
COOLR-SYN-0063,25.654129,92.577063,24.71,creep,sentinel1_synthetic,simulated
COOLR-SYN-0064,26.679202,92.818057,4.12,stable,sentinel1_synthetic,simulated
COOLR-SYN-0065,24.39486,94.076364,7.53,creep,sentinel1_synthetic,simulated
COOLR-SYN-0066,26.678141,94.278574,79.84,active,sentinel1_synthetic,simulated
COOLR-SYN-0067,27.489484,91.897464,15.05,creep,sentinel1_synthetic,simulated
COOLR-SYN-0068,22.793359,92.862636,21.74,creep,sentinel1_synthetic,simulated
COOLR-SYN-0069,24.994389,94.053008,4.57,stable,sentinel1_synthetic,simulated
COOLR-SYN-0070,25.67581,92.902645,30.53,creep,sentinel1_synthetic,simulated
COOLR-SYN-0071,27.160749,95.423582,0.27,stable,sentinel1_synthetic,simulated
COOLR-SYN-0072,27.46759,95.044953,1.98,stable,sentinel1_synthetic,simulated
COOLR-SYN-0073,23.312205,91.697654,4.13,stable,sentinel1_synthetic,simulated
COOLR-SYN-0074,27.695666,91.709101,0.33,stable,sentinel1_synthetic,simulated
COOLR-SYN-0075,22.859405,92.887289,3.27,stable,sentinel1_synthetic,simulated
COOLR-SYN-0076,26.146315,93.014719,0.12,stable,sentinel1_synthetic,simulated
COOLR-SYN-0077,25.080945,92.08286,2.45,stable,sentinel1_synthetic,simulated
COOLR-SYN-0078,27.473332,91.663204,0.41,stable,sentinel1_synthetic,simulated
COOLR-SYN-0079,25.646563,92.543454,11.35,creep,sentinel1_synthetic,simulated
COOLR-SYN-0080,26.900897,92.757859,5.38,stable,sentinel1_synthetic,simulated
COOLR-SYN-0081,23.629534,91.760134,16.35,creep,sentinel1_synthetic,simulated
COOLR-SYN-0082,25.953712,94.44601,26.58,creep,sentinel1_synthetic,simulated
COOLR-SYN-0083,27.617477,92.022242,1.45,stable,sentinel1_synthetic,simulated
COOLR-SYN-0084,26.721789,94.034842,0.6,creep,sentinel1_synthetic,simulated
COOLR-SYN-0085,23.134189,92.674404,10.34,creep,sentinel1_synthetic,simulated
COOLR-SYN-0086,27.387175,88.656609,5.05,stable,sentinel1_synthetic,simulated
COOLR-SYN-0087,25.718288,92.647348,13.84,creep,sentinel1_synthetic,simulated
COOLR-SYN-0088,25.762103,92.791757,2.07,creep,sentinel1_synthetic,simulated
COOLR-SYN-0089,26.433527,93.056509,22.48,creep,sentinel1_synthetic,simulated
COOLR-SYN-0090,23.185602,92.807138,0.12,stable,sentinel1_synthetic,simulated
COOLR-SYN-0091,27.710717,88.408769,27.85,creep,sentinel1_synthetic,simulated
COOLR-SYN-0092,26.704761,93.919223,2.01,stable,sentinel1_synthetic,simulated
COOLR-SYN-0093,23.952179,91.324882,12.14,creep,sentinel1_synthetic,simulated
COOLR-SYN-0094,27.51471,88.836559,2.83,stable,sentinel1_synthetic,simulated
COOLR-SYN-0095,26.53895,94.060542,55.08,active,sentinel1_synthetic,simulated
COOLR-SYN-0096,22.673416,93.082699,13.59,creep,sentinel1_synthetic,simulated
COOLR-SYN-0097,25.673252,91.669729,35.93,active,sentinel1_synthetic,simulated
COOLR-SYN-0098,22.813673,93.052559,1.88,stable,sentinel1_synthetic,simulated
COOLR-SYN-0099,26.074795,94.520228,2.58,stable,sentinel1_synthetic,simulated
COOLR-SYN-0100,25.655645,90.53456,1.55,stable,sentinel1_synthetic,simulated
COOLR-SYN-0101,24.799413,93.621209,0.42,stable,sentinel1_synthetic,simulated
COOLR-SYN-0102,26.484641,94.535945,3.5,stable,sentinel1_synthetic,simulated
COOLR-SYN-0103,27.425782,88.349408,12.33,creep,sentinel1_synthetic,simulated
COOLR-SYN-0104,23.629258,91.768606,7.21,creep,sentinel1_synthetic,simulated
COOLR-SYN-0105,27.047118,88.571581,1.54,stable,sentinel1_synthetic,simulated
COOLR-SYN-0106,26.243827,94.731286,3.23,stable,sentinel1_synthetic,simulated
COOLR-SYN-0107,25.673999,92.950917,3.77,stable,sentinel1_synthetic,simulated
COOLR-SYN-0108,27.08299,88.509643,0.97,stable,sentinel1_synthetic,simulated
COOLR-SYN-0109,24.538994,93.953079,21.43,creep,sentinel1_synthetic,simulated
COOLR-SYN-0110,26.42286,94.228125,2.68,stable,sentinel1_synthetic,simulated
COOLR-SYN-0111,23.908915,91.162032,24.09,creep,sentinel1_synthetic,simulated
COOLR-SYN-0112,26.54548,94.835463,18.93,creep,sentinel1_synthetic,simulated
COOLR-SYN-0113,27.462606,88.2921,5.25,stable,sentinel1_synthetic,simulated
COOLR-SYN-0114,26.02142,93.98521,19.31,creep,sentinel1_synthetic,simulated
COOLR-SYN-0115,25.693725,91.264338,2.85,stable,sentinel1_synthetic,simulated
COOLR-SYN-0116,25.925331,93.626542,1.95,stable,sentinel1_synthetic,simulated
COOLR-SYN-0117,25.436809,92.063739,0.77,stable,sentinel1_synthetic,simulated
COOLR-SYN-0118,27.321754,95.003221,2.23,stable,sentinel1_synthetic,simulated
COOLR-SYN-0119,25.78809,92.78774,1.3,stable,sentinel1_synthetic,simulated
COOLR-SYN-0120,23.562153,91.498141,69.57,active,sentinel1_synthetic,simulated
COOLR-SYN-0121,25.130072,94.260025,77.12,active,sentinel1_synthetic,simulated
COOLR-SYN-0122,25.042154,94.690907,73.12,active,sentinel1_synthetic,simulated
COOLR-SYN-0123,25.273063,91.460605,1.83,stable,sentinel1_synthetic,simulated
COOLR-SYN-0124,27.062492,88.165059,1.68,stable,sentinel1_synthetic,simulated
COOLR-SYN-0125,25.179454,91.827363,8.7,creep,sentinel1_synthetic,simulated
COOLR-SYN-0126,23.482803,92.715975,20.6,creep,sentinel1_synthetic,simulated
COOLR-SYN-0127,25.024534,91.966671,1.59,stable,sentinel1_synthetic,simulated
COOLR-SYN-0128,26.598038,94.452386,41.7,active,sentinel1_synthetic,simulated
COOLR-SYN-0129,25.39989,91.144321,14.01,creep,sentinel1_synthetic,simulated
COOLR-SYN-0130,27.469356,95.450824,12.54,creep,sentinel1_synthetic,simulated
COOLR-SYN-0131,27.470457,95.101345,6.5,creep,sentinel1_synthetic,simulated
COOLR-SYN-0132,25.884982,94.040086,21.9,creep,sentinel1_synthetic,simulated
COOLR-SYN-0133,26.324344,93.716718,2.54,stable,sentinel1_synthetic,simulated
COOLR-SYN-0134,25.966183,90.342803,4.51,creep,sentinel1_synthetic,simulated
COOLR-SYN-0135,24.077844,91.238811,3.81,stable,sentinel1_synthetic,simulated
COOLR-SYN-0136,25.264855,92.435652,6.43,active,sentinel1_synthetic,simulated
COOLR-SYN-0137,23.546136,92.524373,23.15,active,sentinel1_synthetic,simulated
COOLR-SYN-0138,26.496954,92.815188,27.54,creep,sentinel1_synthetic,simulated
COOLR-SYN-0139,25.26115,90.842607,17.76,creep,sentinel1_synthetic,simulated
COOLR-SYN-0140,25.534792,90.796421,1.25,stable,sentinel1_synthetic,simulated
COOLR-SYN-0141,26.514564,94.787125,0.97,stable,sentinel1_synthetic,simulated
COOLR-SYN-0142,26.182656,92.753921,18.28,creep,sentinel1_synthetic,simulated
COOLR-SYN-0143,26.206664,93.717797,9.59,creep,sentinel1_synthetic,simulated
COOLR-SYN-0144,26.233692,94.745267,2.25,stable,sentinel1_synthetic,simulated
COOLR-SYN-0145,26.289796,93.800872,0.66,stable,sentinel1_synthetic,simulated
COOLR-SYN-0146,25.246616,93.950517,4.51,stable,sentinel1_synthetic,simulated
COOLR-SYN-0147,28.025338,94.709516,2.9,stable,sentinel1_synthetic,simulated
COOLR-SYN-0148,22.853782,92.661744,1.87,stable,sentinel1_synthetic,simulated
COOLR-SYN-0149,25.501521,90.43235,2.55,stable,sentinel1_synthetic,simulated
COOLR-SYN-0150,26.442687,94.366423,1.49,stable,sentinel1_synthetic,simulated
COOLR-SYN-0151,26.681546,92.790107,2.07,stable,sentinel1_synthetic,simulated
COOLR-SYN-0152,27.461159,88.250311,11.31,creep,sentinel1_synthetic,simulated
COOLR-SYN-0153,25.419819,91.574478,14.96,creep,sentinel1_synthetic,simulated
COOLR-SYN-0154,28.114142,94.648165,6.22,creep,sentinel1_synthetic,simulated
COOLR-SYN-0155,25.4771,91.634503,2.03,stable,sentinel1_synthetic,simulated
COOLR-SYN-0156,27.309174,91.527416,1.34,stable,sentinel1_synthetic,simulated
COOLR-SYN-0157,23.943682,91.335958,21.28,creep,sentinel1_synthetic,simulated
COOLR-SYN-0158,23.136321,92.57049,19.51,creep,sentinel1_synthetic,simulated
COOLR-SYN-0159,24.076261,91.17854,2.67,stable,sentinel1_synthetic,simulated
COOLR-SYN-0160,26.427843,94.8464,70.63,active,sentinel1_synthetic,simulated
COOLR-SYN-0161,26.733922,94.296192,0.93,stable,sentinel1_synthetic,simulated
COOLR-SYN-0162,25.200684,90.953965,3.84,stable,sentinel1_synthetic,simulated
COOLR-SYN-0163,26.405311,93.761953,87.14,active,sentinel1_synthetic,simulated
COOLR-SYN-0164,26.256821,94.536556,70.64,active,sentinel1_synthetic,simulated
COOLR-SYN-0165,25.937459,93.618759,0.86,stable,sentinel1_synthetic,simulated
COOLR-SYN-0166,26.55385,92.640725,50.55,active,sentinel1_synthetic,simulated
COOLR-SYN-0167,23.715318,92.47366,2.44,stable,sentinel1_synthetic,simulated
COOLR-SYN-0168,26.781618,92.847414,2.18,stable,sentinel1_synthetic,simulated
COOLR-SYN-0169,27.515853,88.365327,9.73,creep,sentinel1_synthetic,simulated
COOLR-SYN-0170,25.210015,92.488329,9.86,creep,sentinel1_synthetic,simulated
COOLR-SYN-0171,23.311679,92.785538,75.24,active,sentinel1_synthetic,simulated
COOLR-SYN-0172,25.642824,90.384112,16.95,creep,sentinel1_synthetic,simulated
COOLR-SYN-0173,27.114148,92.758747,3.4,stable,sentinel1_synthetic,simulated
COOLR-SYN-0174,25.557863,90.847762,8.21,creep,sentinel1_synthetic,simulated
COOLR-SYN-0175,27.734167,92.040014,3.8,stable,sentinel1_synthetic,simulated
COOLR-SYN-0176,24.741144,94.309872,33.5,active,sentinel1_synthetic,simulated
COOLR-SYN-0177,22.890431,93.080887,0.95,stable,sentinel1_synthetic,simulated
COOLR-SYN-0178,26.395312,94.734901,16.23,creep,sentinel1_synthetic,simulated
COOLR-SYN-0179,28.000074,94.905685,22.4,creep,sentinel1_synthetic,simulated
COOLR-SYN-0180,27.347363,95.289079,10.07,creep,sentinel1_synthetic,simulated
COOLR-SYN-0181,27.819442,92.095571,3.06,stable,sentinel1_synthetic,simulated
COOLR-SYN-0182,25.158865,91.612993,2.46,stable,sentinel1_synthetic,simulated
COOLR-SYN-0183,26.608196,94.295294,1.01,stable,sentinel1_synthetic,simulated
COOLR-SYN-0184,24.332141,93.874987,1.94,stable,sentinel1_synthetic,simulated
COOLR-SYN-0185,25.052412,92.318306,10.61,creep,sentinel1_synthetic,simulated
COOLR-SYN-0186,23.968481,92.451709,2.37,stable,sentinel1_synthetic,simulated
COOLR-SYN-0187,26.342886,94.491241,11.83,creep,sentinel1_synthetic,simulated
COOLR-SYN-0188,25.906954,93.614632,2.3,stable,sentinel1_synthetic,simulated
COOLR-SYN-0189,28.37987,94.536148,1.96,stable,sentinel1_synthetic,simulated
COOLR-SYN-0190,26.757169,93.802109,25.03,creep,sentinel1_synthetic,simulated
COOLR-SYN-0191,23.77777,91.540419,4.38,stable,sentinel1_synthetic,simulated
COOLR-SYN-0192,23.814082,92.403043,3.1,stable,sentinel1_synthetic,simulated
COOLR-SYN-0193,23.291111,92.548473,11.2,creep,sentinel1_synthetic,simulated
COOLR-SYN-0194,23.62715,91.801019,10.96,creep,sentinel1_synthetic,simulated
COOLR-SYN-0195,25.05046,93.868707,16.52,creep,sentinel1_synthetic,simulated
COOLR-SYN-0196,25.627111,91.179204,1.22,stable,sentinel1_synthetic,simulated
COOLR-SYN-0197,24.664102,94.295038,2.85,stable,sentinel1_synthetic,simulated
COOLR-SYN-0198,23.159806,92.785666,2.68,stable,sentinel1_synthetic,simulated
COOLR-SYN-0199,24.027094,91.445752,2.19,stable,sentinel1_synthetic,simulated
COOLR-SYN-0200,27.44369,95.212029,14.86,creep,sentinel1_synthetic,simulated
COOLR-SYN-0201,26.471519,94.429377,1.47,stable,sentinel1_synthetic,simulated
COOLR-SYN-0202,24.771745,94.213224,3.38,stable,sentinel1_synthetic,simulated
COOLR-SYN-0203,25.301239,92.804486,3.72,stable,sentinel1_synthetic,simulated
COOLR-SYN-0204,25.273217,92.557225,69.71,active,sentinel1_synthetic,simulated
COOLR-SYN-0205,26.338813,94.151934,5.48,stable,sentinel1_synthetic,simulated
COOLR-SYN-0206,27.423853,88.168576,23.73,creep,sentinel1_synthetic,simulated
COOLR-SYN-0207,25.556123,92.555088,1.54,creep,sentinel1_synthetic,simulated
COOLR-SYN-0208,23.127361,92.62715,51.82,active,sentinel1_synthetic,simulated
COOLR-SYN-0209,25.72682,92.69056,1.96,stable,sentinel1_synthetic,simulated
COOLR-SYN-0210,27.002463,95.376785,13.03,creep,sentinel1_synthetic,simulated
COOLR-SYN-0211,25.609315,91.173782,77.7,active,sentinel1_synthetic,simulated
COOLR-SYN-0212,26.274573,93.975554,2.05,stable,sentinel1_synthetic,simulated
COOLR-SYN-0213,26.314466,94.032862,0.95,stable,sentinel1_synthetic,simulated
COOLR-SYN-0214,26.427097,94.654647,73.73,active,sentinel1_synthetic,simulated
COOLR-SYN-0215,26.228636,93.022561,4.96,creep,sentinel1_synthetic,simulated
COOLR-SYN-0216,25.411732,91.059169,1.27,stable,sentinel1_synthetic,simulated
COOLR-SYN-0217,25.507243,91.162111,2.02,stable,sentinel1_synthetic,simulated
COOLR-SYN-0218,25.50191,92.720002,5.0,creep,sentinel1_synthetic,simulated
COOLR-SYN-0219,23.100827,92.761805,8.36,creep,sentinel1_synthetic,simulated
COOLR-SYN-0220,24.063971,91.249732,20.51,creep,sentinel1_synthetic,simulated
COOLR-SYN-0221,27.325879,91.707225,2.66,stable,sentinel1_synthetic,simulated
COOLR-SYN-0222,27.65338,88.382327,0.11,stable,sentinel1_synthetic,simulated
COOLR-SYN-0223,26.388929,94.82172,21.27,creep,sentinel1_synthetic,simulated
COOLR-SYN-0224,25.506381,92.223232,1.03,creep,sentinel1_synthetic,simulated
COOLR-SYN-0225,27.237673,92.810639,16.84,creep,sentinel1_synthetic,simulated
COOLR-SYN-0226,26.573295,93.035681,0.78,stable,sentinel1_synthetic,simulated
COOLR-SYN-0227,23.666028,91.68809,2.13,stable,sentinel1_synthetic,simulated
COOLR-SYN-0228,26.255556,94.878808,19.68,active,sentinel1_synthetic,simulated
COOLR-SYN-0229,26.758689,93.14014,10.73,creep,sentinel1_synthetic,simulated
COOLR-SYN-0230,26.3349,92.662369,10.22,creep,sentinel1_synthetic,simulated
COOLR-SYN-0231,27.584749,95.162986,3.69,stable,sentinel1_synthetic,simulated
COOLR-SYN-0232,26.313511,94.666411,2.19,stable,sentinel1_synthetic,simulated
COOLR-SYN-0233,27.339109,88.255855,9.42,creep,sentinel1_synthetic,simulated
COOLR-SYN-0234,27.553854,91.588331,23.47,active,sentinel1_synthetic,simulated
COOLR-SYN-0235,27.581035,95.057585,3.64,stable,sentinel1_synthetic,simulated
COOLR-SYN-0236,25.029545,92.184395,2.31,stable,sentinel1_synthetic,simulated
COOLR-SYN-0237,26.860379,92.809454,2.56,stable,sentinel1_synthetic,simulated
COOLR-SYN-0238,26.667077,93.086934,0.48,stable,sentinel1_synthetic,simulated
COOLR-SYN-0239,25.03829,92.207547,2.04,stable,sentinel1_synthetic,simulated
COOLR-SYN-0240,25.127564,92.28039,1.2,creep,sentinel1_synthetic,simulated
COOLR-SYN-0241,23.680512,91.378246,0.6,stable,sentinel1_synthetic,simulated
COOLR-SYN-0242,23.564151,92.449125,4.06,stable,sentinel1_synthetic,simulated
COOLR-SYN-0243,27.048573,88.134658,3.23,stable,sentinel1_synthetic,simulated
COOLR-SYN-0244,27.333727,88.577161,23.74,active,sentinel1_synthetic,simulated
COOLR-SYN-0245,24.995418,94.402101,2.0,stable,sentinel1_synthetic,simulated
COOLR-SYN-0246,23.931293,91.34985,2.35,stable,sentinel1_synthetic,simulated
COOLR-SYN-0247,27.336963,91.569294,1.95,stable,sentinel1_synthetic,simulated
COOLR-SYN-0248,27.638671,88.643487,6.21,stable,sentinel1_synthetic,simulated
COOLR-SYN-0249,27.651498,88.313254,0.06,stable,sentinel1_synthetic,simulated
COOLR-SYN-0250,25.43432,92.319949,3.08,creep,sentinel1_synthetic,simulated
COOLR-SYN-0251,27.072307,88.325602,50.34,active,sentinel1_synthetic,simulated
COOLR-SYN-0252,23.597016,92.987629,2.22,stable,sentinel1_synthetic,simulated
COOLR-SYN-0253,27.455097,88.59613,2.14,stable,sentinel1_synthetic,simulated
COOLR-SYN-0254,23.88373,91.580353,18.83,creep,sentinel1_synthetic,simulated
COOLR-SYN-0255,24.880962,93.956846,108.19,active,sentinel1_synthetic,simulated
COOLR-SYN-0256,27.313052,88.722607,76.2,active,sentinel1_synthetic,simulated
COOLR-SYN-0257,23.67983,92.278191,2.64,stable,sentinel1_synthetic,simulated
COOLR-SYN-0258,23.40977,91.752041,7.2,creep,sentinel1_synthetic,simulated
COOLR-SYN-0259,27.411022,88.328546,2.72,creep,sentinel1_synthetic,simulated
COOLR-SYN-0260,25.623148,92.83717,80.19,active,sentinel1_synthetic,simulated
COOLR-SYN-0261,23.659064,92.454376,4.03,stable,sentinel1_synthetic,simulated
COOLR-SYN-0262,26.161343,94.449677,1.9,stable,sentinel1_synthetic,simulated
COOLR-SYN-0263,27.175637,88.323937,15.83,creep,sentinel1_synthetic,simulated
COOLR-SYN-0264,23.300929,91.562337,0.98,stable,sentinel1_synthetic,simulated
COOLR-SYN-0265,25.780041,91.219827,14.29,creep,sentinel1_synthetic,simulated
COOLR-SYN-0266,25.008159,94.406568,7.31,creep,sentinel1_synthetic,simulated
COOLR-SYN-0267,23.864724,91.475844,3.08,stable,sentinel1_synthetic,simulated
COOLR-SYN-0268,26.965486,88.449848,72.53,active,sentinel1_synthetic,simulated
COOLR-SYN-0269,24.734707,93.955309,14.98,creep,sentinel1_synthetic,simulated
COOLR-SYN-0270,26.310615,93.688402,1.06,stable,sentinel1_synthetic,simulated
COOLR-SYN-0271,27.01852,88.315952,4.52,stable,sentinel1_synthetic,simulated
COOLR-SYN-0272,26.685665,92.97201,3.57,stable,sentinel1_synthetic,simulated
COOLR-SYN-0273,25.466668,90.098704,56.19,active,sentinel1_synthetic,simulated
COOLR-SYN-0274,26.033655,93.656133,51.45,active,sentinel1_synthetic,simulated
COOLR-SYN-0275,25.544908,91.042338,2.75,stable,sentinel1_synthetic,simulated
COOLR-SYN-0276,27.463169,91.807697,4.05,stable,sentinel1_synthetic,simulated
COOLR-SYN-0277,24.843194,94.058328,2.33,stable,sentinel1_synthetic,simulated
COOLR-SYN-0278,27.08487,88.812717,2.72,stable,sentinel1_synthetic,simulated
COOLR-SYN-0279,27.568159,95.094375,2.29,stable,sentinel1_synthetic,simulated
COOLR-SYN-0280,26.190973,94.461183,0.97,stable,sentinel1_synthetic,simulated
COOLR-SYN-0281,23.78479,91.736334,13.5,creep,sentinel1_synthetic,simulated
COOLR-SYN-0282,25.635769,92.878465,4.02,stable,sentinel1_synthetic,simulated
COOLR-SYN-0283,23.147173,92.597876,80.25,active,sentinel1_synthetic,simulated
COOLR-SYN-0284,23.837451,91.534857,7.43,active,sentinel1_synthetic,simulated
COOLR-SYN-0285,24.292222,93.881791,15.47,creep,sentinel1_synthetic,simulated
COOLR-SYN-0286,22.993096,92.649359,3.24,stable,sentinel1_synthetic,simulated
COOLR-SYN-0287,24.732499,93.827051,2.13,stable,sentinel1_synthetic,simulated
COOLR-SYN-0288,24.717184,94.33987,21.06,creep,sentinel1_synthetic,simulated
COOLR-SYN-0289,25.283073,92.773468,0.78,stable,sentinel1_synthetic,simulated
COOLR-SYN-0290,25.083248,94.471494,1.83,stable,sentinel1_synthetic,simulated
COOLR-SYN-0291,27.505146,92.035496,55.3,active,sentinel1_synthetic,simulated
COOLR-SYN-0292,23.648507,91.890346,0.33,stable,sentinel1_synthetic,simulated
COOLR-SYN-0293,25.286509,91.486853,27.75,creep,sentinel1_synthetic,simulated
COOLR-SYN-0294,27.281879,93.119678,28.4,creep,sentinel1_synthetic,simulated
COOLR-SYN-0295,26.665114,93.901942,24.19,creep,sentinel1_synthetic,simulated
COOLR-SYN-0296,26.915645,88.202715,0.51,stable,sentinel1_synthetic,simulated
COOLR-SYN-0297,25.202749,91.495359,3.1,stable,sentinel1_synthetic,simulated
COOLR-SYN-0298,27.029077,95.37871,0.61,stable,sentinel1_synthetic,simulated
COOLR-SYN-0299,24.574482,94.558584,2.64,stable,sentinel1_synthetic,simulated
COOLR-SYN-0300,27.187486,95.428805,10.99,creep,sentinel1_synthetic,simulated
COOLR-SYN-0301,27.342316,88.450644,1.24,stable,sentinel1_synthetic,simulated
COOLR-SYN-0302,25.435139,90.824019,2.04,stable,sentinel1_synthetic,simulated
COOLR-SYN-0303,23.204291,91.574376,1.79,stable,sentinel1_synthetic,simulated
COOLR-SYN-0304,23.777903,92.381941,32.16,creep,sentinel1_synthetic,simulated
COOLR-SYN-0305,25.967915,94.580375,2.56,stable,sentinel1_synthetic,simulated
COOLR-SYN-0306,27.27077,95.117443,1.79,stable,sentinel1_synthetic,simulated
COOLR-SYN-0307,25.7495,90.317919,10.39,creep,sentinel1_synthetic,simulated
COOLR-SYN-0308,23.016363,92.941479,63.49,active,sentinel1_synthetic,simulated
COOLR-SYN-0309,25.826465,93.662573,34.96,active,sentinel1_synthetic,simulated
COOLR-SYN-0310,25.641322,90.168945,31.58,creep,sentinel1_synthetic,simulated
COOLR-SYN-0311,23.654445,91.298248,70.38,active,sentinel1_synthetic,simulated
COOLR-SYN-0312,23.555735,92.521431,9.29,creep,sentinel1_synthetic,simulated
COOLR-SYN-0313,24.644979,93.995233,1.56,stable,sentinel1_synthetic,simulated
COOLR-SYN-0314,23.827505,91.03932,3.35,stable,sentinel1_synthetic,simulated
COOLR-SYN-0315,25.330724,91.905191,0.31,stable,sentinel1_synthetic,simulated
COOLR-SYN-0316,25.741899,90.567386,20.95,creep,sentinel1_synthetic,simulated
COOLR-SYN-0317,27.329616,88.544822,2.17,stable,sentinel1_synthetic,simulated
COOLR-SYN-0318,27.035168,88.72249,3.73,stable,sentinel1_synthetic,simulated
COOLR-SYN-0319,26.158609,94.708144,5.45,stable,sentinel1_synthetic,simulated
COOLR-SYN-0320,26.216808,93.717887,1.71,stable,sentinel1_synthetic,simulated
COOLR-SYN-0321,26.557365,94.131514,25.08,creep,sentinel1_synthetic,simulated
COOLR-SYN-0322,25.68813,91.063047,59.89,active,sentinel1_synthetic,simulated
COOLR-SYN-0323,23.267773,91.684018,0.56,stable,sentinel1_synthetic,simulated
COOLR-SYN-0324,27.038591,88.508561,1.54,stable,sentinel1_synthetic,simulated
COOLR-SYN-0325,27.590838,95.170021,59.39,active,sentinel1_synthetic,simulated
COOLR-SYN-0326,25.767669,92.542221,3.26,stable,sentinel1_synthetic,simulated
COOLR-SYN-0327,25.197325,94.285731,4.91,stable,sentinel1_synthetic,simulated
COOLR-SYN-0328,25.264477,94.104665,2.3,stable,sentinel1_synthetic,simulated
COOLR-SYN-0329,25.34904,91.882164,0.11,stable,sentinel1_synthetic,simulated
COOLR-SYN-0330,25.86254,90.521496,0.16,stable,sentinel1_synthetic,simulated
COOLR-SYN-0331,23.426179,92.650241,0.16,stable,sentinel1_synthetic,simulated
COOLR-SYN-0332,26.278165,94.186606,60.62,active,sentinel1_synthetic,simulated
COOLR-SYN-0333,27.240682,93.282786,2.1,stable,sentinel1_synthetic,simulated
COOLR-SYN-0334,23.914963,91.031509,2.72,stable,sentinel1_synthetic,simulated
COOLR-SYN-0335,27.193126,88.364493,2.14,stable,sentinel1_synthetic,simulated
COOLR-SYN-0336,26.630806,92.585235,0.6,stable,sentinel1_synthetic,simulated
COOLR-SYN-0337,26.589509,94.112975,3.81,stable,sentinel1_synthetic,simulated
COOLR-SYN-0338,25.896607,94.196367,14.84,creep,sentinel1_synthetic,simulated
COOLR-SYN-0339,25.076033,94.032156,0.06,stable,sentinel1_synthetic,simulated
COOLR-SYN-0340,25.636758,90.196353,3.8,creep,sentinel1_synthetic,simulated
COOLR-SYN-0341,27.36873,88.535613,4.71,stable,sentinel1_synthetic,simulated
COOLR-SYN-0342,23.011329,93.096156,2.52,stable,sentinel1_synthetic,simulated
COOLR-SYN-0343,23.644984,92.928216,2.16,stable,sentinel1_synthetic,simulated
COOLR-SYN-0344,24.745738,94.383847,2.4,stable,sentinel1_synthetic,simulated
COOLR-SYN-0345,26.237549,93.75698,19.73,creep,sentinel1_synthetic,simulated
COOLR-SYN-0346,23.427275,92.819983,2.51,stable,sentinel1_synthetic,simulated
COOLR-SYN-0347,25.65353,90.39576,3.4,stable,sentinel1_synthetic,simulated
COOLR-SYN-0348,23.969086,91.212328,3.19,stable,sentinel1_synthetic,simulated
COOLR-SYN-0349,27.334177,88.163037,3.05,stable,sentinel1_synthetic,simulated
COOLR-SYN-0350,28.032464,94.635195,2.83,stable,sentinel1_synthetic,simulated
COOLR-SYN-0351,23.204374,91.840291,20.64,creep,sentinel1_synthetic,simulated
COOLR-SYN-0352,26.147572,94.579899,11.51,creep,sentinel1_synthetic,simulated
COOLR-SYN-0353,23.565285,91.128566,0.03,stable,sentinel1_synthetic,simulated
COOLR-SYN-0354,26.181694,92.831952,2.97,stable,sentinel1_synthetic,simulated
COOLR-SYN-0355,27.183275,93.008145,3.58,stable,sentinel1_synthetic,simulated
COOLR-SYN-0356,26.307376,93.778406,26.24,creep,sentinel1_synthetic,simulated
COOLR-SYN-0357,23.725361,91.327159,2.67,stable,sentinel1_synthetic,simulated
COOLR-SYN-0358,23.805017,91.21718,3.69,stable,sentinel1_synthetic,simulated
COOLR-SYN-0359,25.911437,94.658203,19.97,creep,sentinel1_synthetic,simulated
COOLR-SYN-0360,23.101828,92.659419,3.11,stable,sentinel1_synthetic,simulated
COOLR-SYN-0361,25.136944,93.842672,4.21,stable,sentinel1_synthetic,simulated
COOLR-SYN-0362,26.068949,94.559202,1.7,stable,sentinel1_synthetic,simulated
COOLR-SYN-0363,27.426557,88.323191,4.62,stable,sentinel1_synthetic,simulated
COOLR-SYN-0364,27.517955,95.094257,0.5,stable,sentinel1_synthetic,simulated
COOLR-SYN-0365,25.193458,93.869163,13.93,creep,sentinel1_synthetic,simulated
COOLR-SYN-0366,24.607165,93.823423,29.72,active,sentinel1_synthetic,simulated
COOLR-SYN-0367,25.057259,92.102333,2.86,stable,sentinel1_synthetic,simulated
COOLR-SYN-0368,26.588308,94.036104,1.02,stable,sentinel1_synthetic,simulated
COOLR-SYN-0369,26.472068,94.100679,14.22,creep,sentinel1_synthetic,simulated
COOLR-SYN-0370,25.149052,91.238878,0.41,stable,sentinel1_synthetic,simulated
COOLR-SYN-0371,23.7858,91.035676,1.28,stable,sentinel1_synthetic,simulated
COOLR-SYN-0372,27.329449,88.69662,3.16,stable,sentinel1_synthetic,simulated
COOLR-SYN-0373,27.708692,88.330062,7.89,creep,sentinel1_synthetic,simulated
COOLR-SYN-0374,25.120036,91.368336,55.97,active,sentinel1_synthetic,simulated
COOLR-SYN-0375,25.212274,93.847802,1.0,stable,sentinel1_synthetic,simulated
COOLR-SYN-0376,26.491056,94.541312,11.03,creep,sentinel1_synthetic,simulated
COOLR-SYN-0377,23.852251,92.441076,19.85,creep,sentinel1_synthetic,simulated
COOLR-SYN-0378,23.491109,92.513273,2.18,stable,sentinel1_synthetic,simulated
COOLR-SYN-0379,27.506916,92.033154,16.22,creep,sentinel1_synthetic,simulated
COOLR-SYN-0380,25.639007,92.449569,1.6,stable,sentinel1_synthetic,simulated
COOLR-SYN-0381,27.605003,91.7562,3.09,stable,sentinel1_synthetic,simulated
COOLR-SYN-0382,25.446489,92.947694,5.58,creep,sentinel1_synthetic,simulated
COOLR-SYN-0383,26.370458,94.231615,0.22,stable,sentinel1_synthetic,simulated
COOLR-SYN-0384,24.751217,94.432181,0.72,stable,sentinel1_synthetic,simulated
COOLR-SYN-0385,26.569519,93.927218,16.98,creep,sentinel1_synthetic,simulated
COOLR-SYN-0386,25.441562,90.457033,24.39,creep,sentinel1_synthetic,simulated
COOLR-SYN-0387,25.237342,94.37202,16.74,creep,sentinel1_synthetic,simulated
COOLR-SYN-0388,26.560779,94.443532,1.27,stable,sentinel1_synthetic,simulated
COOLR-SYN-0389,26.185608,94.578075,2.76,stable,sentinel1_synthetic,simulated
COOLR-SYN-0390,26.532628,94.53688,2.17,stable,sentinel1_synthetic,simulated
COOLR-SYN-0391,27.873862,91.917674,20.16,creep,sentinel1_synthetic,simulated
COOLR-SYN-0392,27.580967,91.738933,15.4,creep,sentinel1_synthetic,simulated
COOLR-SYN-0393,23.755369,91.332443,12.59,creep,sentinel1_synthetic,simulated
COOLR-SYN-0394,26.027049,94.854326,1.81,stable,sentinel1_synthetic,simulated
COOLR-SYN-0395,25.264346,91.596465,55.45,active,sentinel1_synthetic,simulated
COOLR-SYN-0396,23.170667,92.56145,1.82,stable,sentinel1_synthetic,simulated
COOLR-SYN-0397,27.109436,94.927682,2.9,stable,sentinel1_synthetic,simulated
COOLR-SYN-0398,26.709383,92.988275,2.51,stable,sentinel1_synthetic,simulated
COOLR-SYN-0399,27.586511,88.793293,1.22,stable,sentinel1_synthetic,simulated
COOLR-SYN-0400,25.039514,92.399086,13.72,creep,sentinel1_synthetic,simulated
COOLR-SYN-0401,25.660488,92.819329,17.04,creep,sentinel1_synthetic,simulated
COOLR-SYN-0402,25.697971,91.442798,5.72,creep,sentinel1_synthetic,simulated
COOLR-SYN-0403,23.311937,92.70442,14.54,creep,sentinel1_synthetic,simulated
COOLR-SYN-0404,25.457742,91.389196,2.04,stable,sentinel1_synthetic,simulated
COOLR-SYN-0405,22.794008,92.710896,0.48,stable,sentinel1_synthetic,simulated
COOLR-SYN-0406,27.722245,91.733169,44.23,active,sentinel1_synthetic,simulated
COOLR-SYN-0407,24.948219,94.026896,0.3,stable,sentinel1_synthetic,simulated
COOLR-SYN-0408,25.926748,90.514395,0.94,stable,sentinel1_synthetic,simulated
COOLR-SYN-0409,24.708345,93.642326,0.07,stable,sentinel1_synthetic,simulated
COOLR-SYN-0410,23.917037,92.773283,1.11,stable,sentinel1_synthetic,simulated
COOLR-SYN-0411,23.126416,92.54227,1.69,stable,sentinel1_synthetic,simulated
COOLR-SYN-0412,25.206105,91.888713,4.26,stable,sentinel1_synthetic,simulated
COOLR-SYN-0413,27.161993,92.924412,3.37,stable,sentinel1_synthetic,simulated
COOLR-SYN-0414,25.682166,91.216671,3.79,stable,sentinel1_synthetic,simulated
COOLR-SYN-0415,25.542099,90.917154,22.63,active,sentinel1_synthetic,simulated
COOLR-SYN-0416,24.369156,93.99369,18.01,creep,sentinel1_synthetic,simulated
COOLR-SYN-0417,25.257396,90.89337,0.7,creep,sentinel1_synthetic,simulated
COOLR-SYN-0418,27.04203,93.089913,3.71,creep,sentinel1_synthetic,simulated
COOLR-SYN-0419,26.633441,93.702834,2.15,stable,sentinel1_synthetic,simulated
COOLR-SYN-0420,26.323508,92.779415,3.63,active,sentinel1_synthetic,simulated
COOLR-SYN-0421,23.833152,91.201635,3.5,stable,sentinel1_synthetic,simulated
COOLR-SYN-0422,24.788087,94.161728,3.23,stable,sentinel1_synthetic,simulated
COOLR-SYN-0423,23.697613,91.469483,16.0,creep,sentinel1_synthetic,simulated
COOLR-SYN-0424,25.599841,91.131477,1.88,stable,sentinel1_synthetic,simulated
COOLR-SYN-0425,26.787905,94.486683,10.3,creep,sentinel1_synthetic,simulated
COOLR-SYN-0426,27.572122,88.360768,3.37,stable,sentinel1_synthetic,simulated
COOLR-SYN-0427,26.213622,93.917535,1.83,stable,sentinel1_synthetic,simulated
COOLR-SYN-0428,27.875127,91.962094,19.23,active,sentinel1_synthetic,simulated
COOLR-SYN-0429,25.273105,94.373269,1.0,stable,sentinel1_synthetic,simulated
COOLR-SYN-0430,24.33189,93.901898,9.6,creep,sentinel1_synthetic,simulated
COOLR-SYN-0431,25.352625,91.669664,2.97,stable,sentinel1_synthetic,simulated
COOLR-SYN-0432,26.367147,94.037113,1.56,stable,sentinel1_synthetic,simulated
COOLR-SYN-0433,24.223494,93.938192,16.06,creep,sentinel1_synthetic,simulated
COOLR-SYN-0434,28.394788,94.867647,24.64,creep,sentinel1_synthetic,simulated
COOLR-SYN-0435,25.927932,90.006111,64.48,active,sentinel1_synthetic,simulated
COOLR-SYN-0436,27.726265,91.883381,2.24,stable,sentinel1_synthetic,simulated
COOLR-SYN-0437,23.421764,92.982796,1.0,stable,sentinel1_synthetic,simulated
COOLR-SYN-0438,25.407859,91.131603,1.18,stable,sentinel1_synthetic,simulated
COOLR-SYN-0439,27.161946,92.78918,1.4,stable,sentinel1_synthetic,simulated
COOLR-SYN-0440,25.560815,90.030035,25.35,creep,sentinel1_synthetic,simulated
COOLR-SYN-0441,27.208221,88.29847,0.05,stable,sentinel1_synthetic,simulated
COOLR-SYN-0442,24.315069,93.980165,1.62,stable,sentinel1_synthetic,simulated
COOLR-SYN-0443,25.695629,90.789538,21.78,creep,sentinel1_synthetic,simulated
COOLR-SYN-0444,22.692904,92.509077,1.15,stable,sentinel1_synthetic,simulated
COOLR-SYN-0445,27.041215,88.822841,1.81,stable,sentinel1_synthetic,simulated
COOLR-SYN-0446,27.707093,91.912763,0.68,stable,sentinel1_synthetic,simulated
COOLR-SYN-0447,25.173527,92.10649,2.56,stable,sentinel1_synthetic,simulated
COOLR-SYN-0448,24.790857,94.103368,4.61,stable,sentinel1_synthetic,simulated
COOLR-SYN-0449,24.576809,94.431726,1.52,stable,sentinel1_synthetic,simulated
COOLR-SYN-0450,26.114987,94.939836,23.59,creep,sentinel1_synthetic,simulated
COOLR-SYN-0451,26.136778,94.429648,2.56,stable,sentinel1_synthetic,simulated
COOLR-SYN-0452,23.564112,92.249158,0.58,stable,sentinel1_synthetic,simulated
COOLR-SYN-0453,25.100382,91.831161,0.98,stable,sentinel1_synthetic,simulated
COOLR-SYN-0454,23.094255,92.755249,18.06,creep,sentinel1_synthetic,simulated
COOLR-SYN-0455,27.488989,88.643104,3.86,stable,sentinel1_synthetic,simulated
COOLR-SYN-0456,25.563703,92.692841,10.67,creep,sentinel1_synthetic,simulated
COOLR-SYN-0457,23.495224,91.402445,10.23,creep,sentinel1_synthetic,simulated
COOLR-SYN-0458,26.391438,94.267798,1.53,stable,sentinel1_synthetic,simulated
COOLR-SYN-0459,27.595247,88.736231,23.29,creep,sentinel1_synthetic,simulated
COOLR-SYN-0460,27.846185,94.469822,2.78,stable,sentinel1_synthetic,simulated
COOLR-SYN-0461,25.36292,91.35614,0.4,stable,sentinel1_synthetic,simulated
COOLR-SYN-0462,25.578652,90.999086,11.33,creep,sentinel1_synthetic,simulated
COOLR-SYN-0463,26.227247,94.266831,1.66,stable,sentinel1_synthetic,simulated
COOLR-SYN-0464,24.431858,93.675549,1.95,stable,sentinel1_synthetic,simulated
COOLR-SYN-0465,26.372052,94.949253,1.66,stable,sentinel1_synthetic,simulated
COOLR-SYN-0466,27.58923,91.565785,10.11,creep,sentinel1_synthetic,simulated
COOLR-SYN-0467,26.248443,94.709748,0.61,stable,sentinel1_synthetic,simulated
COOLR-SYN-0468,25.409447,92.20829,38.92,active,sentinel1_synthetic,simulated
COOLR-SYN-0469,25.913958,90.537562,24.52,creep,sentinel1_synthetic,simulated
COOLR-SYN-0470,23.681463,91.250463,29.76,active,sentinel1_synthetic,simulated
COOLR-SYN-0471,25.195952,91.468073,23.43,creep,sentinel1_synthetic,simulated
COOLR-SYN-0472,26.291126,93.677818,3.88,creep,sentinel1_synthetic,simulated
COOLR-SYN-0473,27.099095,88.635416,1.52,stable,sentinel1_synthetic,simulated
COOLR-SYN-0474,23.237129,92.438194,0.94,stable,sentinel1_synthetic,simulated
COOLR-SYN-0475,27.002656,88.280667,0.53,stable,sentinel1_synthetic,simulated
COOLR-SYN-0476,27.673435,88.576341,1.89,stable,sentinel1_synthetic,simulated
COOLR-SYN-0477,25.729285,90.014014,0.83,stable,sentinel1_synthetic,simulated
COOLR-SYN-0478,24.587585,94.431092,3.88,stable,sentinel1_synthetic,simulated
COOLR-SYN-0479,26.438038,94.416665,0.31,stable,sentinel1_synthetic,simulated
COOLR-SYN-0480,23.598492,91.209514,2.74,creep,sentinel1_synthetic,simulated
COOLR-SYN-0481,25.641216,91.348012,0.87,stable,sentinel1_synthetic,simulated
COOLR-SYN-0482,27.290106,88.378384,3.86,stable,sentinel1_synthetic,simulated
COOLR-SYN-0483,26.22473,94.129387,6.89,creep,sentinel1_synthetic,simulated
COOLR-SYN-0484,25.49238,91.388356,0.47,stable,sentinel1_synthetic,simulated
COOLR-SYN-0485,23.688231,92.863766,0.72,stable,sentinel1_synthetic,simulated
COOLR-SYN-0486,22.648409,92.548587,2.85,stable,sentinel1_synthetic,simulated
COOLR-SYN-0487,24.580766,94.692775,0.19,creep,sentinel1_synthetic,simulated
COOLR-SYN-0488,26.026,94.508801,0.14,stable,sentinel1_synthetic,simulated
COOLR-SYN-0489,23.597673,91.678705,0.39,stable,sentinel1_synthetic,simulated
COOLR-SYN-0490,26.625678,92.7984,2.15,stable,sentinel1_synthetic,simulated
COOLR-SYN-0491,27.493038,95.075206,1.49,stable,sentinel1_synthetic,simulated
COOLR-SYN-0492,23.508119,91.315061,3.23,stable,sentinel1_synthetic,simulated
COOLR-SYN-0493,26.456554,94.722241,47.18,active,sentinel1_synthetic,simulated
COOLR-SYN-0494,26.593476,94.760096,39.82,active,sentinel1_synthetic,simulated
COOLR-SYN-0495,26.653341,94.081193,3.42,stable,sentinel1_synthetic,simulated
COOLR-SYN-0496,26.29703,94.039027,3.88,stable,sentinel1_synthetic,simulated
COOLR-SYN-0497,23.683806,91.500256,2.24,stable,sentinel1_synthetic,simulated
COOLR-SYN-0498,22.741724,92.894884,2.51,stable,sentinel1_synthetic,simulated
COOLR-SYN-0499,23.474075,92.648513,10.02,creep,sentinel1_synthetic,simulated
COOLR-SYN-0500,24.822649,94.478323,0.0,stable,sentinel1_synthetic,simulated
COOLR-SYN-0501,25.299792,92.135895,32.03,creep,sentinel1_synthetic,simulated
COOLR-SYN-0502,26.928579,92.955598,0.4,stable,sentinel1_synthetic,simulated
COOLR-SYN-0503,25.940747,90.297207,2.26,stable,sentinel1_synthetic,simulated
COOLR-SYN-0504,27.518731,88.263437,4.46,stable,sentinel1_synthetic,simulated
COOLR-SYN-0505,26.203139,94.005398,9.88,creep,sentinel1_synthetic,simulated
COOLR-SYN-0506,25.176526,92.117398,2.51,stable,sentinel1_synthetic,simulated
COOLR-SYN-0507,25.307736,92.662364,4.58,stable,sentinel1_synthetic,simulated
COOLR-SYN-0508,22.739424,92.884072,0.96,stable,sentinel1_synthetic,simulated
COOLR-SYN-0509,26.707017,93.293336,1.94,stable,sentinel1_synthetic,simulated
COOLR-SYN-0510,27.430881,91.707405,14.49,creep,sentinel1_synthetic,simulated
COOLR-SYN-0511,27.270764,94.973903,2.15,stable,sentinel1_synthetic,simulated
COOLR-SYN-0512,27.134176,95.15828,0.86,stable,sentinel1_synthetic,simulated
COOLR-SYN-0513,25.212854,92.2929,0.9,stable,sentinel1_synthetic,simulated
COOLR-SYN-0514,27.425359,88.250326,0.11,stable,sentinel1_synthetic,simulated
COOLR-SYN-0515,27.431546,88.345043,1.46,stable,sentinel1_synthetic,simulated
COOLR-SYN-0516,25.932075,93.824429,14.51,creep,sentinel1_synthetic,simulated
COOLR-SYN-0517,23.113458,92.585203,1.85,stable,sentinel1_synthetic,simulated
COOLR-SYN-0518,23.191205,92.539695,16.28,creep,sentinel1_synthetic,simulated
COOLR-SYN-0519,26.220613,94.112277,43.89,active,sentinel1_synthetic,simulated
COOLR-SYN-0520,26.184663,94.808357,68.38,active,sentinel1_synthetic,simulated
COOLR-SYN-0521,27.685934,91.787544,1.33,stable,sentinel1_synthetic,simulated
COOLR-SYN-0522,23.517835,92.59669,13.94,creep,sentinel1_synthetic,simulated
COOLR-SYN-0523,26.695691,94.253949,51.09,active,sentinel1_synthetic,simulated
COOLR-SYN-0524,26.402602,94.502727,21.53,creep,sentinel1_synthetic,simulated
COOLR-SYN-0525,23.753194,91.825613,3.82,stable,sentinel1_synthetic,simulated
COOLR-SYN-0526,24.572596,93.683082,10.36,creep,sentinel1_synthetic,simulated
COOLR-SYN-0527,24.624899,94.390007,10.13,creep,sentinel1_synthetic,simulated
COOLR-SYN-0528,23.60292,92.431931,78.68,active,sentinel1_synthetic,simulated
COOLR-SYN-0529,24.779391,94.043147,24.5,creep,sentinel1_synthetic,simulated
COOLR-SYN-0530,27.531819,91.700023,2.9,stable,sentinel1_synthetic,simulated
COOLR-SYN-0531,26.683657,93.982509,3.91,stable,sentinel1_synthetic,simulated
COOLR-SYN-0532,27.760712,91.761075,2.26,stable,sentinel1_synthetic,simulated
COOLR-SYN-0533,26.765342,94.110247,0.1,stable,sentinel1_synthetic,simulated
COOLR-SYN-0534,27.419989,95.311055,52.96,active,sentinel1_synthetic,simulated
COOLR-SYN-0535,23.448768,92.324079,0.06,stable,sentinel1_synthetic,simulated
COOLR-SYN-0536,23.493399,91.771735,23.15,creep,sentinel1_synthetic,simulated
COOLR-SYN-0537,23.429528,92.227148,3.7,stable,sentinel1_synthetic,simulated
COOLR-SYN-0538,24.420344,93.718387,17.37,creep,sentinel1_synthetic,simulated
COOLR-SYN-0539,26.341869,93.935319,1.27,stable,sentinel1_synthetic,simulated
COOLR-SYN-0540,27.409343,95.020036,5.19,stable,sentinel1_synthetic,simulated
COOLR-SYN-0541,26.1812,93.80042,1.53,stable,sentinel1_synthetic,simulated
COOLR-SYN-0542,24.728373,94.218188,12.79,creep,sentinel1_synthetic,simulated
COOLR-SYN-0543,25.722035,91.068251,3.56,stable,sentinel1_synthetic,simulated
COOLR-SYN-0544,26.214876,93.858994,20.79,creep,sentinel1_synthetic,simulated
COOLR-SYN-0545,26.309903,94.461864,27.65,creep,sentinel1_synthetic,simulated
COOLR-SYN-0546,22.724975,93.099528,2.6,stable,sentinel1_synthetic,simulated
COOLR-SYN-0547,23.246717,92.580376,18.36,creep,sentinel1_synthetic,simulated
COOLR-SYN-0548,24.93817,94.188906,4.31,stable,sentinel1_synthetic,simulated
COOLR-SYN-0549,23.683236,92.679167,1.27,stable,sentinel1_synthetic,simulated
COOLR-SYN-0550,27.165817,88.820284,2.26,stable,sentinel1_synthetic,simulated
COOLR-SYN-0551,23.580982,91.061263,11.35,creep,sentinel1_synthetic,simulated
COOLR-SYN-0552,25.981115,90.35332,3.55,stable,sentinel1_synthetic,simulated
COOLR-SYN-0553,25.35624,92.778858,2.23,stable,sentinel1_synthetic,simulated
COOLR-SYN-0554,25.028942,94.201246,1.03,stable,sentinel1_synthetic,simulated
COOLR-SYN-0555,27.218025,88.374463,20.58,creep,sentinel1_synthetic,simulated
COOLR-SYN-0556,24.263756,93.776376,25.2,creep,sentinel1_synthetic,simulated
COOLR-SYN-0557,23.541095,91.174381,16.07,creep,sentinel1_synthetic,simulated
COOLR-SYN-0558,27.561522,95.465349,5.09,creep,sentinel1_synthetic,simulated
COOLR-SYN-0559,27.786736,92.081999,12.52,creep,sentinel1_synthetic,simulated
COOLR-SYN-0560,26.07415,94.755254,44.09,active,sentinel1_synthetic,simulated
COOLR-SYN-0561,23.328432,92.62192,0.05,creep,sentinel1_synthetic,simulated
COOLR-SYN-0562,25.306038,91.539977,0.29,creep,sentinel1_synthetic,simulated
COOLR-SYN-0563,26.999355,88.215394,1.66,stable,sentinel1_synthetic,simulated
COOLR-SYN-0564,27.301544,88.526854,2.31,stable,sentinel1_synthetic,simulated
COOLR-SYN-0565,23.151146,92.828919,19.25,creep,sentinel1_synthetic,simulated
COOLR-SYN-0566,26.198736,94.733845,1.99,stable,sentinel1_synthetic,simulated
COOLR-SYN-0567,24.822657,93.820907,2.62,stable,sentinel1_synthetic,simulated
COOLR-SYN-0568,23.606162,92.635478,22.36,creep,sentinel1_synthetic,simulated
COOLR-SYN-0569,26.496275,94.455425,3.33,stable,sentinel1_synthetic,simulated
COOLR-SYN-0570,27.40985,88.865559,0.92,stable,sentinel1_synthetic,simulated
COOLR-SYN-0571,26.437137,94.240355,17.27,creep,sentinel1_synthetic,simulated
COOLR-SYN-0572,27.099328,93.286234,1.56,stable,sentinel1_synthetic,simulated
COOLR-SYN-0573,22.786288,93.00703,13.94,creep,sentinel1_synthetic,simulated
COOLR-SYN-0574,27.079252,88.35385,1.14,stable,sentinel1_synthetic,simulated
COOLR-SYN-0575,26.584462,94.108131,7.49,creep,sentinel1_synthetic,simulated
COOLR-SYN-0576,27.190282,88.32347,57.63,active,sentinel1_synthetic,simulated
COOLR-SYN-0577,26.012868,94.757337,2.96,stable,sentinel1_synthetic,simulated
COOLR-SYN-0578,27.533872,88.452709,1.2,stable,sentinel1_synthetic,simulated
COOLR-SYN-0579,26.371009,94.123531,23.15,creep,sentinel1_synthetic,simulated
COOLR-SYN-0580,23.563457,91.557463,1.51,stable,sentinel1_synthetic,simulated
COOLR-SYN-0581,26.160478,94.753478,54.07,active,sentinel1_synthetic,simulated
COOLR-SYN-0582,27.255664,92.908982,3.42,stable,sentinel1_synthetic,simulated
COOLR-SYN-0583,27.226418,88.694536,0.48,stable,sentinel1_synthetic,simulated
COOLR-SYN-0584,26.293242,93.048841,3.46,stable,sentinel1_synthetic,simulated
COOLR-SYN-0585,28.335975,94.759324,27.91,creep,sentinel1_synthetic,simulated
COOLR-SYN-0586,26.555074,94.444092,0.98,stable,sentinel1_synthetic,simulated
COOLR-SYN-0587,27.366209,88.532911,1.47,stable,sentinel1_synthetic,simulated
COOLR-SYN-0588,26.255983,93.777948,17.38,creep,sentinel1_synthetic,simulated
COOLR-SYN-0589,27.15281,94.972588,1.43,stable,sentinel1_synthetic,simulated
COOLR-SYN-0590,26.134639,94.257956,16.5,creep,sentinel1_synthetic,simulated
COOLR-SYN-0591,26.040895,93.760412,57.24,active,sentinel1_synthetic,simulated
COOLR-SYN-0592,27.189662,88.388451,18.65,creep,sentinel1_synthetic,simulated
COOLR-SYN-0593,26.064119,94.60236,3.96,stable,sentinel1_synthetic,simulated
COOLR-SYN-0594,27.349646,91.894349,15.17,creep,sentinel1_synthetic,simulated
COOLR-SYN-0595,27.071125,88.663972,0.32,stable,sentinel1_synthetic,simulated
COOLR-SYN-0596,27.470713,88.196699,3.99,creep,sentinel1_synthetic,simulated
COOLR-SYN-0597,23.491833,91.50168,24.32,creep,sentinel1_synthetic,simulated
COOLR-SYN-0598,27.361511,88.498652,17.29,creep,sentinel1_synthetic,simulated
COOLR-SYN-0599,27.014581,93.224798,2.71,stable,sentinel1_synthetic,simulated
COOLR-SYN-0600,25.224041,92.319382,12.17,active,sentinel1_synthetic,simulated
COOLR-SYN-0601,28.112643,94.685294,0.05,stable,sentinel1_synthetic,simulated
COOLR-SYN-0602,25.572162,91.100001,54.04,active,sentinel1_synthetic,simulated
COOLR-SYN-0603,25.027207,94.354427,18.48,creep,sentinel1_synthetic,simulated
COOLR-SYN-0604,23.630795,92.278032,0.6,stable,sentinel1_synthetic,simulated
COOLR-SYN-0605,23.510938,91.199569,16.1,creep,sentinel1_synthetic,simulated
COOLR-SYN-0606,26.71094,94.142614,13.69,creep,sentinel1_synthetic,simulated
COOLR-SYN-0607,25.012653,92.190657,75.35,active,sentinel1_synthetic,simulated
COOLR-SYN-0608,25.429955,90.308559,4.54,stable,sentinel1_synthetic,simulated
COOLR-SYN-0609,23.755569,91.837982,16.51,creep,sentinel1_synthetic,simulated
COOLR-SYN-0610,27.239779,92.988135,1.78,stable,sentinel1_synthetic,simulated
COOLR-SYN-0611,26.956036,88.433866,1.62,stable,sentinel1_synthetic,simulated
COOLR-SYN-0612,23.779595,91.566209,46.31,active,sentinel1_synthetic,simulated
COOLR-SYN-0613,22.669118,92.5582,16.51,creep,sentinel1_synthetic,simulated
COOLR-SYN-0614,25.225025,91.139903,3.5,stable,sentinel1_synthetic,simulated
COOLR-SYN-0615,23.916243,91.591739,3.25,stable,sentinel1_synthetic,simulated
COOLR-SYN-0616,27.309331,95.144225,2.02,stable,sentinel1_synthetic,simulated
COOLR-SYN-0617,23.840156,92.278599,8.32,creep,sentinel1_synthetic,simulated
COOLR-SYN-0618,25.807423,93.639864,23.17,creep,sentinel1_synthetic,simulated
COOLR-SYN-0619,24.792144,94.374345,3.37,stable,sentinel1_synthetic,simulated
COOLR-SYN-0620,26.096514,93.836676,3.67,stable,sentinel1_synthetic,simulated
COOLR-SYN-0621,25.062097,92.105496,2.07,stable,sentinel1_synthetic,simulated
COOLR-SYN-0622,24.650835,94.135455,15.72,creep,sentinel1_synthetic,simulated
COOLR-SYN-0623,25.666589,92.4939,0.66,stable,sentinel1_synthetic,simulated
COOLR-SYN-0624,25.854687,90.079757,0.38,creep,sentinel1_synthetic,simulated
COOLR-SYN-0625,24.209733,93.895609,63.92,active,sentinel1_synthetic,simulated
COOLR-SYN-0626,23.85158,92.303249,0.53,stable,sentinel1_synthetic,simulated
COOLR-SYN-0627,25.964229,93.756573,29.05,active,sentinel1_synthetic,simulated
COOLR-SYN-0628,24.627455,94.211364,8.28,creep,sentinel1_synthetic,simulated
COOLR-SYN-0629,27.574005,95.109408,23.08,creep,sentinel1_synthetic,simulated
COOLR-SYN-0630,26.324139,94.993751,1.9,stable,sentinel1_synthetic,simulated
COOLR-SYN-0631,23.762416,92.512523,5.15,stable,sentinel1_synthetic,simulated
COOLR-SYN-0632,25.686806,90.818702,9.25,creep,sentinel1_synthetic,simulated
COOLR-SYN-0633,23.42553,91.820388,2.06,stable,sentinel1_synthetic,simulated
COOLR-SYN-0634,23.679161,92.850484,1.78,stable,sentinel1_synthetic,simulated
COOLR-SYN-0635,25.857236,93.83565,5.55,stable,sentinel1_synthetic,simulated
COOLR-SYN-0636,26.303123,92.85648,1.29,stable,sentinel1_synthetic,simulated
COOLR-SYN-0637,23.745622,92.222176,13.25,creep,sentinel1_synthetic,simulated
COOLR-SYN-0638,25.694635,91.113104,0.68,stable,sentinel1_synthetic,simulated
COOLR-SYN-0639,26.184486,93.078883,1.43,stable,sentinel1_synthetic,simulated
COOLR-SYN-0640,25.359574,92.66241,3.55,stable,sentinel1_synthetic,simulated
COOLR-SYN-0641,24.925309,93.898238,2.59,stable,sentinel1_synthetic,simulated
COOLR-SYN-0642,27.806126,94.76396,14.49,creep,sentinel1_synthetic,simulated
COOLR-SYN-0643,26.011311,94.460117,62.18,active,sentinel1_synthetic,simulated
COOLR-SYN-0644,26.225405,94.013187,18.58,creep,sentinel1_synthetic,simulated
COOLR-SYN-0645,26.53873,92.55195,12.52,creep,sentinel1_synthetic,simulated
COOLR-SYN-0646,27.256057,93.02384,15.01,creep,sentinel1_synthetic,simulated
COOLR-SYN-0647,25.390662,92.474974,17.3,creep,sentinel1_synthetic,simulated
COOLR-SYN-0648,27.41575,95.376631,2.25,stable,sentinel1_synthetic,simulated
COOLR-SYN-0649,27.029681,88.806993,20.87,creep,sentinel1_synthetic,simulated
COOLR-SYN-0650,23.515137,92.328599,16.63,creep,sentinel1_synthetic,simulated
COOLR-SYN-0651,26.637152,94.162707,21.53,creep,sentinel1_synthetic,simulated
COOLR-SYN-0652,25.338037,92.742987,37.66,active,sentinel1_synthetic,simulated
COOLR-SYN-0653,25.294123,90.712776,3.22,stable,sentinel1_synthetic,simulated
COOLR-SYN-0654,25.101144,91.58297,1.33,stable,sentinel1_synthetic,simulated
COOLR-SYN-0655,23.692433,92.795186,0.94,stable,sentinel1_synthetic,simulated
COOLR-SYN-0656,25.54132,91.400009,2.18,stable,sentinel1_synthetic,simulated
COOLR-SYN-0657,25.407652,91.5164,2.34,creep,sentinel1_synthetic,simulated
COOLR-SYN-0658,25.440759,91.178581,2.75,stable,sentinel1_synthetic,simulated
COOLR-SYN-0659,28.333531,94.536014,22.69,active,sentinel1_synthetic,simulated
COOLR-SYN-0660,25.488789,90.406297,17.46,creep,sentinel1_synthetic,simulated
COOLR-SYN-0661,25.081773,93.809236,3.33,stable,sentinel1_synthetic,simulated
COOLR-SYN-0662,25.699153,90.152051,45.47,active,sentinel1_synthetic,simulated
COOLR-SYN-0663,26.628896,93.860939,3.47,stable,sentinel1_synthetic,simulated
COOLR-SYN-0664,27.087398,95.044693,2.45,stable,sentinel1_synthetic,simulated
COOLR-SYN-0665,27.798336,88.566384,1.0,stable,sentinel1_synthetic,simulated
COOLR-SYN-0666,25.768995,92.432072,33.28,active,sentinel1_synthetic,simulated
COOLR-SYN-0667,26.073928,94.978751,2.13,stable,sentinel1_synthetic,simulated
COOLR-SYN-0668,25.596984,91.235181,2.15,stable,sentinel1_synthetic,simulated
COOLR-SYN-0669,25.171143,92.341426,3.0,stable,sentinel1_synthetic,simulated
COOLR-SYN-0670,23.943261,92.317827,1.14,stable,sentinel1_synthetic,simulated
COOLR-SYN-0671,27.454667,91.797134,2.91,stable,sentinel1_synthetic,simulated
COOLR-SYN-0672,24.514725,93.65635,29.99,creep,sentinel1_synthetic,simulated
COOLR-SYN-0673,27.617577,88.541169,13.86,creep,sentinel1_synthetic,simulated
COOLR-SYN-0674,26.455849,93.993706,3.67,stable,sentinel1_synthetic,simulated
COOLR-SYN-0675,26.481837,94.205912,3.52,creep,sentinel1_synthetic,simulated
COOLR-SYN-0676,27.274312,88.556699,11.1,creep,sentinel1_synthetic,simulated
COOLR-SYN-0677,28.098355,94.660291,13.16,creep,sentinel1_synthetic,simulated
COOLR-SYN-0678,26.598645,93.026599,3.72,stable,sentinel1_synthetic,simulated
COOLR-SYN-0679,26.723776,93.876239,3.67,stable,sentinel1_synthetic,simulated
COOLR-SYN-0680,25.451773,90.581618,16.59,creep,sentinel1_synthetic,simulated
COOLR-SYN-0681,25.60803,91.158738,7.22,creep,sentinel1_synthetic,simulated
COOLR-SYN-0682,24.915205,94.19653,49.99,active,sentinel1_synthetic,simulated
COOLR-SYN-0683,26.256115,94.497808,13.33,creep,sentinel1_synthetic,simulated
COOLR-SYN-0684,25.03973,94.33504,2.73,stable,sentinel1_synthetic,simulated
COOLR-SYN-0685,27.585058,91.503298,0.61,stable,sentinel1_synthetic,simulated
COOLR-SYN-0686,23.684849,92.524896,0.54,stable,sentinel1_synthetic,simulated
COOLR-SYN-0687,27.67392,88.364306,2.71,stable,sentinel1_synthetic,simulated
COOLR-SYN-0688,25.307744,91.487033,4.6,stable,sentinel1_synthetic,simulated
COOLR-SYN-0689,23.531008,92.788484,2.11,stable,sentinel1_synthetic,simulated
COOLR-SYN-0690,23.787086,92.629606,16.43,creep,sentinel1_synthetic,simulated
COOLR-SYN-0691,24.660055,94.286376,0.55,stable,sentinel1_synthetic,simulated
COOLR-SYN-0692,25.426956,91.058902,15.71,creep,sentinel1_synthetic,simulated
COOLR-SYN-0693,26.78347,93.269074,1.52,stable,sentinel1_synthetic,simulated
COOLR-SYN-0694,26.000023,94.467365,2.58,stable,sentinel1_synthetic,simulated
COOLR-SYN-0695,25.977934,93.855268,55.17,active,sentinel1_synthetic,simulated
COOLR-SYN-0696,25.07301,94.32022,94.99,active,sentinel1_synthetic,simulated
COOLR-SYN-0697,26.229569,94.076351,18.38,creep,sentinel1_synthetic,simulated
COOLR-SYN-0698,26.063797,93.916287,37.7,active,sentinel1_synthetic,simulated
COOLR-SYN-0699,26.974266,92.878625,2.97,stable,sentinel1_synthetic,simulated
COOLR-SYN-0700,27.23715,88.372912,7.7,creep,sentinel1_synthetic,simulated
COOLR-SYN-0701,22.759373,92.869729,13.7,creep,sentinel1_synthetic,simulated
COOLR-SYN-0702,24.252785,94.026368,2.18,stable,sentinel1_synthetic,simulated
COOLR-SYN-0703,26.798784,94.285923,4.64,stable,sentinel1_synthetic,simulated
COOLR-SYN-0704,27.552321,91.68423,15.93,active,sentinel1_synthetic,simulated
COOLR-SYN-0705,25.754819,92.502423,2.15,stable,sentinel1_synthetic,simulated
COOLR-SYN-0706,24.304366,93.624079,3.06,stable,sentinel1_synthetic,simulated
COOLR-SYN-0707,25.126151,91.666537,24.55,creep,sentinel1_synthetic,simulated
COOLR-SYN-0708,26.206049,94.075846,6.76,creep,sentinel1_synthetic,simulated
COOLR-SYN-0709,25.693833,91.60594,2.53,stable,sentinel1_synthetic,simulated
COOLR-SYN-0710,26.708,94.380406,9.7,creep,sentinel1_synthetic,simulated
COOLR-SYN-0711,23.557143,91.272056,7.26,creep,sentinel1_synthetic,simulated
COOLR-SYN-0712,26.732022,92.928404,20.79,creep,sentinel1_synthetic,simulated
COOLR-SYN-0713,25.1063,91.987151,2.24,stable,sentinel1_synthetic,simulated
COOLR-SYN-0714,23.371104,92.718175,49.26,active,sentinel1_synthetic,simulated
COOLR-SYN-0715,25.632018,92.812646,2.76,stable,sentinel1_synthetic,simulated
COOLR-SYN-0716,23.273705,92.930438,2.11,stable,sentinel1_synthetic,simulated
COOLR-SYN-0717,24.078651,91.166644,3.01,stable,sentinel1_synthetic,simulated
COOLR-SYN-0718,23.148667,92.53794,3.46,stable,sentinel1_synthetic,simulated
COOLR-SYN-0719,26.946231,88.33754,0.22,stable,sentinel1_synthetic,simulated
COOLR-SYN-0720,24.815499,94.18762,2.68,stable,sentinel1_synthetic,simulated
COOLR-SYN-0721,27.233318,88.635414,46.06,active,sentinel1_synthetic,simulated
COOLR-SYN-0722,27.205034,93.037761,11.67,creep,sentinel1_synthetic,simulated
COOLR-SYN-0723,27.395799,91.92005,6.19,stable,sentinel1_synthetic,simulated
COOLR-SYN-0724,23.528512,92.864932,15.96,creep,sentinel1_synthetic,simulated
COOLR-SYN-0725,27.086785,88.480958,13.2,creep,sentinel1_synthetic,simulated
COOLR-SYN-0726,27.59599,92.032319,2.85,stable,sentinel1_synthetic,simulated
COOLR-SYN-0727,27.181694,88.636884,3.25,stable,sentinel1_synthetic,simulated
COOLR-SYN-0728,25.705406,91.022302,18.11,creep,sentinel1_synthetic,simulated
COOLR-SYN-0729,26.759121,94.049517,13.99,creep,sentinel1_synthetic,simulated
COOLR-SYN-0730,23.432661,92.457497,1.48,stable,sentinel1_synthetic,simulated
COOLR-SYN-0731,23.925424,91.130651,2.51,stable,sentinel1_synthetic,simulated
COOLR-SYN-0732,22.991307,92.534658,3.34,stable,sentinel1_synthetic,simulated
COOLR-SYN-0733,27.950072,94.877293,1.1,stable,sentinel1_synthetic,simulated
COOLR-SYN-0734,26.278095,94.607811,39.13,active,sentinel1_synthetic,simulated
COOLR-SYN-0735,25.776761,92.508317,9.93,creep,sentinel1_synthetic,simulated
COOLR-SYN-0736,23.083745,92.648916,53.57,active,sentinel1_synthetic,simulated
COOLR-SYN-0737,26.696804,94.000759,19.45,creep,sentinel1_synthetic,simulated
COOLR-SYN-0738,26.510745,93.988676,34.99,creep,sentinel1_synthetic,simulated
COOLR-SYN-0739,25.713283,90.490105,13.34,creep,sentinel1_synthetic,simulated
COOLR-SYN-0740,27.132987,88.789226,1.41,stable,sentinel1_synthetic,simulated
COOLR-SYN-0741,24.717595,93.87237,1.03,stable,sentinel1_synthetic,simulated
COOLR-SYN-0742,25.172333,92.141592,88.24,active,sentinel1_synthetic,simulated
COOLR-SYN-0743,26.118849,94.25937,22.92,creep,sentinel1_synthetic,simulated
COOLR-SYN-0744,26.569241,94.983101,0.37,stable,sentinel1_synthetic,simulated
COOLR-SYN-0745,25.340973,91.824508,0.71,stable,sentinel1_synthetic,simulated
COOLR-SYN-0746,27.568802,95.006922,17.52,creep,sentinel1_synthetic,simulated
COOLR-SYN-0747,27.452755,94.938373,0.38,stable,sentinel1_synthetic,simulated
COOLR-SYN-0748,27.08311,93.129381,1.75,stable,sentinel1_synthetic,simulated
COOLR-SYN-0749,25.834086,90.214678,0.76,stable,sentinel1_synthetic,simulated
COOLR-SYN-0750,25.322207,92.973936,2.55,stable,sentinel1_synthetic,simulated
COOLR-SYN-0751,27.315862,88.457124,5.02,stable,sentinel1_synthetic,simulated
COOLR-SYN-0752,22.645664,92.5247,49.15,active,sentinel1_synthetic,simulated
COOLR-SYN-0753,23.650226,92.445314,1.41,stable,sentinel1_synthetic,simulated
COOLR-SYN-0754,27.222189,88.596395,20.94,creep,sentinel1_synthetic,simulated
COOLR-SYN-0755,26.021257,93.645383,0.35,stable,sentinel1_synthetic,simulated
COOLR-SYN-0756,25.5492,92.83723,9.64,creep,sentinel1_synthetic,simulated
COOLR-SYN-0757,24.295933,93.949018,1.69,stable,sentinel1_synthetic,simulated
COOLR-SYN-0758,27.294949,93.14502,12.98,creep,sentinel1_synthetic,simulated
COOLR-SYN-0759,26.484774,94.667136,21.83,creep,sentinel1_synthetic,simulated
COOLR-SYN-0760,25.041769,94.42235,2.24,stable,sentinel1_synthetic,simulated
COOLR-SYN-0761,27.201672,92.920787,1.33,stable,sentinel1_synthetic,simulated
COOLR-SYN-0762,24.009326,91.00893,2.75,creep,sentinel1_synthetic,simulated
COOLR-SYN-0763,27.187209,88.397834,19.1,creep,sentinel1_synthetic,simulated
COOLR-SYN-0764,22.830269,92.906463,17.72,creep,sentinel1_synthetic,simulated
COOLR-SYN-0765,25.230185,92.459567,80.02,active,sentinel1_synthetic,simulated
COOLR-SYN-0766,25.178395,94.2647,1.32,stable,sentinel1_synthetic,simulated
COOLR-SYN-0767,27.883201,92.038049,7.55,creep,sentinel1_synthetic,simulated
COOLR-SYN-0768,23.183199,92.861685,1.02,stable,sentinel1_synthetic,simulated
COOLR-SYN-0769,24.897027,93.863335,2.0,stable,sentinel1_synthetic,simulated
COOLR-SYN-0770,24.379121,94.0182,4.54,creep,sentinel1_synthetic,simulated
COOLR-SYN-0771,23.602595,92.535338,1.63,stable,sentinel1_synthetic,simulated
COOLR-SYN-0772,26.854009,93.059304,1.87,stable,sentinel1_synthetic,simulated
COOLR-SYN-0773,26.363613,93.774978,20.08,creep,sentinel1_synthetic,simulated
COOLR-SYN-0774,23.915312,92.73069,3.08,stable,sentinel1_synthetic,simulated
COOLR-SYN-0775,25.053442,94.520729,59.64,active,sentinel1_synthetic,simulated
COOLR-SYN-0776,24.898577,94.210466,0.12,stable,sentinel1_synthetic,simulated
COOLR-SYN-0777,26.975513,88.268369,16.54,creep,sentinel1_synthetic,simulated
COOLR-SYN-0778,27.507539,95.466647,19.48,creep,sentinel1_synthetic,simulated
COOLR-SYN-0779,27.626105,88.125079,16.94,creep,sentinel1_synthetic,simulated
COOLR-SYN-0780,25.494484,91.203946,18.51,creep,sentinel1_synthetic,simulated
COOLR-SYN-0781,27.513137,95.446236,0.92,stable,sentinel1_synthetic,simulated
COOLR-SYN-0782,25.7328,92.76613,1.3,stable,sentinel1_synthetic,simulated
COOLR-SYN-0783,25.544332,91.478616,1.02,stable,sentinel1_synthetic,simulated
COOLR-SYN-0784,26.556387,94.481586,2.77,stable,sentinel1_synthetic,simulated
COOLR-SYN-0785,26.52397,94.16026,4.7,stable,sentinel1_synthetic,simulated
COOLR-SYN-0786,26.474298,94.361867,28.66,creep,sentinel1_synthetic,simulated
COOLR-SYN-0787,25.47691,92.407977,21.93,creep,sentinel1_synthetic,simulated
COOLR-SYN-0788,25.569427,90.358427,2.91,stable,sentinel1_synthetic,simulated
COOLR-SYN-0789,25.155973,93.928757,26.52,creep,sentinel1_synthetic,simulated
COOLR-SYN-0790,27.551395,88.479819,3.6,stable,sentinel1_synthetic,simulated
COOLR-SYN-0791,28.180034,94.848541,23.89,creep,sentinel1_synthetic,simulated
COOLR-SYN-0792,24.486062,93.924776,0.16,stable,sentinel1_synthetic,simulated
COOLR-SYN-0793,28.356406,94.702348,1.37,stable,sentinel1_synthetic,simulated
COOLR-SYN-0794,26.299875,93.987593,0.1,stable,sentinel1_synthetic,simulated
COOLR-SYN-0795,26.773672,92.852306,3.53,stable,sentinel1_synthetic,simulated
COOLR-SYN-0796,25.986817,94.605904,63.66,active,sentinel1_synthetic,simulated
COOLR-SYN-0797,25.640985,90.260392,0.95,stable,sentinel1_synthetic,simulated
COOLR-SYN-0798,25.231269,91.039511,0.63,stable,sentinel1_synthetic,simulated
COOLR-SYN-0799,23.090915,92.681157,3.3,stable,sentinel1_synthetic,simulated
COOLR-SYN-0800,25.35556,91.229199,28.81,creep,sentinel1_synthetic,simulated
