event_id,latitude,longitude,ndvi,land_cover,data_source,data_quality
ISRO-2017-0001,27.269439,95.379299,0.029,bare_soil,sentinel2_synthetic,simulated
ISRO-2001-0002,25.475193,90.935399,0.342,scrubland,sentinel2_synthetic,simulated
ISRO-2011-0003,27.081909,95.363816,0.212,scrubland,sentinel2_synthetic,simulated
ISRO-2017-0004,23.547319,92.483361,0.653,dense_forest,sentinel2_synthetic,simulated
ISRO-2006-0005,24.43523,93.884778,0.074,built_up,sentinel2_synthetic,simulated
ISRO-2008-0006,23.966339,91.400133,0.495,scrubland,sentinel2_synthetic,simulated
ISRO-2015-0007,25.319876,92.549954,0.213,grassland,sentinel2_synthetic,simulated
ISRO-2009-0008,25.734371,90.119898,0.381,degraded_forest,sentinel2_synthetic,simulated
ISRO-2013-0009,25.72679,90.329604,0.691,dense_forest,sentinel2_synthetic,simulated
ISRO-2019-0010,23.36697,91.379151,0.853,dense_forest,sentinel2_synthetic,simulated
ISRO-2014-0011,23.453193,91.75701,0.459,agriculture,sentinel2_synthetic,simulated
ISRO-2002-0012,26.200522,94.326156,0.379,scrubland,sentinel2_synthetic,simulated
ISRO-2007-0013,23.193825,92.509003,0.498,scrubland,sentinel2_synthetic,simulated
ISRO-2017-0014,25.608445,92.674681,0.243,scrubland,sentinel2_synthetic,simulated
ISRO-2005-0015,26.23961,94.338386,0.407,scrubland,sentinel2_synthetic,simulated
ISRO-2012-0016,27.074923,92.792222,0.54,agriculture,sentinel2_synthetic,simulated
ISRO-2000-0017,23.743822,92.335296,0.612,dense_forest,sentinel2_synthetic,simulated
ISRO-2021-0018,26.991152,93.141368,0.538,degraded_forest,sentinel2_synthetic,simulated
ISRO-2009-0019,25.583488,90.215784,0.351,grassland,sentinel2_synthetic,simulated
ISRO-2001-0020,25.727018,90.104288,0.381,scrubland,sentinel2_synthetic,simulated
ISRO-2000-0021,25.608006,91.265107,0.718,dense_forest,sentinel2_synthetic,simulated
ISRO-2005-0022,23.72645,91.495459,0.362,degraded_forest,sentinel2_synthetic,simulated
ISRO-2008-0023,26.346188,94.095839,0.035,built_up,sentinel2_synthetic,simulated
ISRO-2017-0024,27.680831,91.736829,0.163,built_up,sentinel2_synthetic,simulated
ISRO-2001-0025,27.765556,91.626642,0.709,dense_forest,sentinel2_synthetic,simulated
ISRO-2017-0026,23.735913,91.600371,0.786,dense_forest,sentinel2_synthetic,simulated
ISRO-2001-0027,23.503165,91.697131,0.727,dense_forest,sentinel2_synthetic,simulated
ISRO-2001-0028,27.111877,88.813781,0.287,grassland,sentinel2_synthetic,simulated
ISRO-2005-0029,25.712404,90.76243,0.328,scrubland,sentinel2_synthetic,simulated
ISRO-2022-0030,27.648021,92.016512,0.459,scrubland,sentinel2_synthetic,simulated
ISRO-2018-0031,26.248409,93.76632,0.469,scrubland,sentinel2_synthetic,simulated
ISRO-2007-0032,26.962941,93.075966,0.451,agriculture,sentinel2_synthetic,simulated
ISRO-2018-0033,27.102639,88.383279,0.56,degraded_forest,sentinel2_synthetic,simulated
ISRO-2021-0034,27.032766,88.19236,0.295,scrubland,sentinel2_synthetic,simulated
ISRO-1999-0035,27.345572,88.690357,0.317,scrubland,sentinel2_synthetic,simulated
ISRO-1999-0036,25.340749,90.868372,0.062,built_up,sentinel2_synthetic,simulated
ISRO-2011-0037,23.600836,91.466729,0.605,degraded_forest,sentinel2_synthetic,simulated
ISRO-2022-0038,25.651013,92.839739,0.428,degraded_forest,sentinel2_synthetic,simulated
ISRO-2019-0039,23.4814,91.542545,0.818,dense_forest,sentinel2_synthetic,simulated
ISRO-2003-0040,23.333756,92.633196,0.295,scrubland,sentinel2_synthetic,simulated
ISRO-2020-0041,23.690455,92.414181,0.756,dense_forest,sentinel2_synthetic,simulated
ISRO-2013-0042,26.394078,94.117447,0.53,agriculture,sentinel2_synthetic,simulated
ISRO-2000-0043,23.012858,92.592247,0.788,dense_forest,sentinel2_synthetic,simulated
ISRO-2017-0044,25.147557,94.323014,0.074,bare_soil,sentinel2_synthetic,simulated
ISRO-2012-0045,27.036215,92.982993,0.65,agriculture,sentinel2_synthetic,simulated
ISRO-2021-0046,26.809867,92.808552,0.706,dense_forest,sentinel2_synthetic,simulated
ISRO-2006-0047,26.399183,94.631266,0.748,dense_forest,sentinel2_synthetic,simulated
ISRO-2021-0048,27.268952,95.14166,0.431,scrubland,sentinel2_synthetic,simulated
ISRO-2007-0049,27.243316,93.10888,0.879,dense_forest,sentinel2_synthetic,simulated
ISRO-2012-0050,25.393048,91.856151,0.876,dense_forest,sentinel2_synthetic,simulated
ISRO-2005-0051,27.809221,91.940647,0.371,degraded_forest,sentinel2_synthetic,simulated
ISRO-2000-0052,28.349552,94.782842,0.64,dense_forest,sentinel2_synthetic,simulated
ISRO-2001-0053,25.138384,93.949102,0.884,dense_forest,sentinel2_synthetic,simulated
ISRO-2013-0054,27.450741,88.469276,0.272,scrubland,sentinel2_synthetic,simulated
ISRO-2015-0055,27.46899,88.370076,0.767,dense_forest,sentinel2_synthetic,simulated
ISRO-2019-0056,27.127606,95.317311,0.399,degraded_forest,sentinel2_synthetic,simulated
ISRO-1999-0057,25.558154,90.771175,0.827,dense_forest,sentinel2_synthetic,simulated
ISRO-2022-0058,24.77928,94.54204,0.843,dense_forest,sentinel2_synthetic,simulated
ISRO-2012-0059,24.599888,93.974617,0.134,bare_soil,sentinel2_synthetic,simulated
ISRO-2000-0060,26.817047,92.889038,0.84,dense_forest,sentinel2_synthetic,simulated
ISRO-2008-0061,26.858814,93.044153,0.217,scrubland,sentinel2_synthetic,simulated
ISRO-2012-0062,27.332886,95.301001,0.716,dense_forest,sentinel2_synthetic,simulated
ISRO-2008-0063,26.563006,94.130329,0.55,degraded_forest,sentinel2_synthetic,simulated
ISRO-2011-0064,26.649935,93.907225,0.381,scrubland,sentinel2_synthetic,simulated
ISRO-1999-0065,27.190306,88.517065,0.894,dense_forest,sentinel2_synthetic,simulated
ISRO-2019-0066,26.136131,94.326806,0.333,agriculture,sentinel2_synthetic,simulated
ISRO-2017-0067,24.905481,94.193833,0.124,bare_soil,sentinel2_synthetic,simulated
ISRO-2011-0068,26.331876,93.832953,0.852,dense_forest,sentinel2_synthetic,simulated
ISRO-2001-0069,22.874123,92.746286,0.378,scrubland,sentinel2_synthetic,simulated
ISRO-2002-0070,26.303552,93.672325,0.607,dense_forest,sentinel2_synthetic,simulated
ISRO-2000-0071,27.471834,91.971794,0.137,bare_soil,sentinel2_synthetic,simulated
ISRO-2007-0072,26.219764,94.419228,0.54,degraded_forest,sentinel2_synthetic,simulated
ISRO-2020-0073,25.043562,94.275137,0.151,grassland,sentinel2_synthetic,simulated
ISRO-2020-0074,23.565416,91.438753,0.622,dense_forest,sentinel2_synthetic,simulated
ISRO-2005-0075,24.549239,93.653657,0.104,built_up,sentinel2_synthetic,simulated
ISRO-2009-0076,27.630716,88.601664,0.586,degraded_forest,sentinel2_synthetic,simulated
ISRO-2016-0077,25.470044,91.026552,0.512,degraded_forest,sentinel2_synthetic,simulated
ISRO-2016-0078,23.423246,91.411935,0.131,built_up,sentinel2_synthetic,simulated
ISRO-2022-0079,25.355788,91.546841,0.473,degraded_forest,sentinel2_synthetic,simulated
ISRO-1998-0080,25.436351,92.474349,0.323,scrubland,sentinel2_synthetic,simulated
ISRO-2016-0081,26.650436,93.774482,0.547,degraded_forest,sentinel2_synthetic,simulated
ISRO-2014-0082,25.264804,92.650678,0.566,degraded_forest,sentinel2_synthetic,simulated
ISRO-2019-0083,26.199472,94.74516,0.042,water,sentinel2_synthetic,simulated
ISRO-2006-0084,23.80882,92.653716,0.824,dense_forest,sentinel2_synthetic,simulated
ISRO-2022-0085,26.500441,92.847606,0.513,degraded_forest,sentinel2_synthetic,simulated
ISRO-1999-0086,27.15099,94.958834,0.89,dense_forest,sentinel2_synthetic,simulated
ISRO-2016-0087,23.520428,91.49227,0.663,agriculture,sentinel2_synthetic,simulated
ISRO-2016-0088,23.545372,91.67672,0.709,dense_forest,sentinel2_synthetic,simulated
ISRO-2005-0089,27.630745,91.945987,0.49,degraded_forest,sentinel2_synthetic,simulated
ISRO-2018-0090,25.701277,92.843795,0.51,agriculture,sentinel2_synthetic,simulated
ISRO-2010-0091,26.266486,94.467921,0.214,agriculture,sentinel2_synthetic,simulated
ISRO-2009-0092,23.508044,91.506285,0.645,dense_forest,sentinel2_synthetic,simulated
ISRO-2003-0093,24.901036,94.047063,0.628,agriculture,sentinel2_synthetic,simulated
ISRO-2010-0094,27.294751,95.116547,0.258,scrubland,sentinel2_synthetic,simulated
ISRO-2004-0095,23.389932,92.791629,0.336,grassland,sentinel2_synthetic,simulated
ISRO-2015-0096,27.325227,88.173687,0.282,grassland,sentinel2_synthetic,simulated
ISRO-2000-0097,27.060075,92.870819,0.49,scrubland,sentinel2_synthetic,simulated
ISRO-2013-0098,25.331372,91.136469,0.036,water,sentinel2_synthetic,simulated
ISRO-2022-0099,27.130768,88.45658,0.817,dense_forest,sentinel2_synthetic,simulated
ISRO-2005-0100,22.689054,92.564917,0.681,dense_forest,sentinel2_synthetic,simulated
ISRO-2016-0101,26.008577,94.09501,0.603,degraded_forest,sentinel2_synthetic,simulated
ISRO-2010-0102,26.545887,94.452004,0.39,agriculture,sentinel2_synthetic,simulated
ISRO-2020-0103,27.3181,95.260896,0.44,agriculture,sentinel2_synthetic,simulated
ISRO-2018-0104,23.25908,91.647857,0.843,dense_forest,sentinel2_synthetic,simulated
ISRO-2007-0105,25.58881,91.112885,0.429,degraded_forest,sentinel2_synthetic,simulated
ISRO-1998-0106,23.948014,91.310115,0.762,dense_forest,sentinel2_synthetic,simulated
ISRO-2001-0107,25.530775,91.939221,0.496,scrubland,sentinel2_synthetic,simulated
ISRO-2016-0108,27.689183,88.339526,0.549,agriculture,sentinel2_synthetic,simulated
ISRO-2000-0109,25.201987,94.282786,0.245,scrubland,sentinel2_synthetic,simulated
ISRO-2022-0110,26.438572,94.309656,0.226,grassland,sentinel2_synthetic,simulated
ISRO-2008-0111,24.550887,94.117691,0.627,degraded_forest,sentinel2_synthetic,simulated
ISRO-2002-0112,25.492281,91.319739,0.279,scrubland,sentinel2_synthetic,simulated
ISRO-2004-0113,25.251044,91.242883,0.258,grassland,sentinel2_synthetic,simulated
ISRO-2021-0114,27.37626,95.197753,0.38,agriculture,sentinel2_synthetic,simulated
ISRO-2020-0115,26.542284,94.941183,0.319,scrubland,sentinel2_synthetic,simulated
ISRO-2000-0116,25.172898,94.158378,0.603,dense_forest,sentinel2_synthetic,simulated
ISRO-2012-0117,24.917565,94.298016,0.874,dense_forest,sentinel2_synthetic,simulated
ISRO-2021-0118,23.210328,92.898061,0.588,degraded_forest,sentinel2_synthetic,simulated
ISRO-2009-0119,27.972629,94.805123,0.584,degraded_forest,sentinel2_synthetic,simulated
ISRO-2004-0120,25.230627,91.62001,0.69,agriculture,sentinel2_synthetic,simulated
ISRO-2011-0121,24.467282,93.715877,0.321,scrubland,sentinel2_synthetic,simulated
ISRO-2011-0122,24.653859,94.276592,0.429,degraded_forest,sentinel2_synthetic,simulated
ISRO-2009-0123,28.050226,94.715943,0.129,bare_soil,sentinel2_synthetic,simulated
ISRO-2001-0124,27.510333,88.520694,0.227,grassland,sentinel2_synthetic,simulated
ISRO-2017-0125,22.755977,93.011892,0.765,dense_forest,sentinel2_synthetic,simulated
ISRO-1999-0126,27.479131,88.214515,0.802,dense_forest,sentinel2_synthetic,simulated
ISRO-2016-0127,24.48055,93.979976,0.716,dense_forest,sentinel2_synthetic,simulated
ISRO-2014-0128,27.473004,94.970127,0.277,grassland,sentinel2_synthetic,simulated
ISRO-2014-0129,26.40124,94.223768,0.293,scrubland,sentinel2_synthetic,simulated
ISRO-2010-0130,23.603543,92.65965,0.621,degraded_forest,sentinel2_synthetic,simulated
ISRO-2000-0131,27.383745,88.677759,0.591,agriculture,sentinel2_synthetic,simulated
ISRO-2019-0132,23.67334,91.383925,0.57,degraded_forest,sentinel2_synthetic,simulated
ISRO-2020-0133,27.051261,88.32104,0.253,scrubland,sentinel2_synthetic,simulated
ISRO-2006-0134,28.338064,94.649838,0.069,built_up,sentinel2_synthetic,simulated
ISRO-2009-0135,25.017969,94.576992,0.633,degraded_forest,sentinel2_synthetic,simulated
ISRO-2004-0136,27.506336,88.811937,0.482,scrubland,sentinel2_synthetic,simulated
ISRO-2010-0137,27.278226,95.070113,0.078,bare_soil,sentinel2_synthetic,simulated
ISRO-2003-0138,26.258028,94.080285,0.535,degraded_forest,sentinel2_synthetic,simulated
ISRO-2001-0139,25.637168,92.507852,0.331,agriculture,sentinel2_synthetic,simulated
ISRO-2013-0140,24.71645,94.140411,0.213,scrubland,sentinel2_synthetic,simulated
ISRO-2014-0141,26.305922,94.366265,0.621,dense_forest,sentinel2_synthetic,simulated
ISRO-2014-0142,26.546021,94.949711,0.662,dense_forest,sentinel2_synthetic,simulated
ISRO-2009-0143,26.062388,93.67571,0.368,agriculture,sentinel2_synthetic,simulated
ISRO-2008-0144,23.710773,91.42441,0.642,dense_forest,sentinel2_synthetic,simulated
ISRO-2000-0145,27.026763,88.31692,0.068,bare_soil,sentinel2_synthetic,simulated
ISRO-1998-0146,27.376129,95.361564,0.348,agriculture,sentinel2_synthetic,simulated
ISRO-2018-0147,24.796378,94.047241,0.843,dense_forest,sentinel2_synthetic,simulated
ISRO-2009-0148,26.133952,94.359595,0.876,dense_forest,sentinel2_synthetic,simulated
ISRO-2002-0149,26.561554,92.749253,0.229,scrubland,sentinel2_synthetic,simulated
ISRO-2019-0150,26.637798,92.986429,0.377,scrubland,sentinel2_synthetic,simulated
ISRO-2012-0151,27.625454,91.964273,0.551,degraded_forest,sentinel2_synthetic,simulated
ISRO-2004-0152,22.859328,92.928955,0.777,dense_forest,sentinel2_synthetic,simulated
ISRO-2005-0153,26.432048,92.888326,0.023,built_up,sentinel2_synthetic,simulated
ISRO-2002-0154,26.495132,94.684978,0.3,grassland,sentinel2_synthetic,simulated
ISRO-2002-0155,25.389764,91.957046,0.319,agriculture,sentinel2_synthetic,simulated
ISRO-2019-0156,22.810199,92.730379,0.604,dense_forest,sentinel2_synthetic,simulated
ISRO-2020-0157,26.514833,94.499916,0.4,degraded_forest,sentinel2_synthetic,simulated
ISRO-2016-0158,23.659904,91.61303,0.319,scrubland,sentinel2_synthetic,simulated
ISRO-2012-0159,27.453095,95.035171,0.837,dense_forest,sentinel2_synthetic,simulated
ISRO-2007-0160,26.342376,94.514026,0.6,dense_forest,sentinel2_synthetic,simulated
ISRO-2006-0161,23.354335,92.66576,0.663,dense_forest,sentinel2_synthetic,simulated
ISRO-2009-0162,26.133967,93.880909,0.692,dense_forest,sentinel2_synthetic,simulated
ISRO-2000-0163,25.333031,91.111557,0.689,dense_forest,sentinel2_synthetic,simulated
ISRO-2018-0164,25.713752,91.048697,0.153,grassland,sentinel2_synthetic,simulated
ISRO-2012-0165,26.952309,88.069271,0.689,dense_forest,sentinel2_synthetic,simulated
ISRO-2010-0166,25.482879,92.452737,0.244,grassland,sentinel2_synthetic,simulated
ISRO-2004-0167,27.930294,94.837454,0.43,degraded_forest,sentinel2_synthetic,simulated
ISRO-2002-0168,27.547136,88.589074,0.876,dense_forest,sentinel2_synthetic,simulated
ISRO-2022-0169,22.953606,92.76249,0.151,built_up,sentinel2_synthetic,simulated
ISRO-2005-0170,28.001898,94.887167,0.413,degraded_forest,sentinel2_synthetic,simulated
ISRO-2014-0171,22.838367,92.859357,0.67,dense_forest,sentinel2_synthetic,simulated
ISRO-2002-0172,25.622071,90.098405,0.605,dense_forest,sentinel2_synthetic,simulated
ISRO-2014-0173,23.585705,92.767117,0.351,scrubland,sentinel2_synthetic,simulated
ISRO-2021-0174,25.0702,92.202899,0.173,grassland,sentinel2_synthetic,simulated
ISRO-2000-0175,26.979912,88.467354,0.739,dense_forest,sentinel2_synthetic,simulated
ISRO-2009-0176,26.081559,94.934376,0.802,dense_forest,sentinel2_synthetic,simulated
ISRO-2019-0177,23.803922,92.66501,-0.054,water,sentinel2_synthetic,simulated
ISRO-2011-0178,26.121748,94.099461,0.601,dense_forest,sentinel2_synthetic,simulated
ISRO-2007-0179,26.045753,93.694877,0.83,dense_forest,sentinel2_synthetic,simulated
ISRO-1998-0180,27.128762,95.05291,0.384,grassland,sentinel2_synthetic,simulated
ISRO-2003-0181,27.874559,94.526801,0.633,degraded_forest,sentinel2_synthetic,simulated
ISRO-2013-0182,23.550934,92.650292,0.3,agriculture,sentinel2_synthetic,simulated
ISRO-2003-0183,25.268921,92.322847,0.724,dense_forest,sentinel2_synthetic,simulated
ISRO-2014-0184,26.486427,92.76738,0.51,degraded_forest,sentinel2_synthetic,simulated
ISRO-2000-0185,27.298824,88.609775,0.2,scrubland,sentinel2_synthetic,simulated
ISRO-2008-0186,26.983413,88.346478,0.29,scrubland,sentinel2_synthetic,simulated
ISRO-2020-0187,25.287781,91.880165,0.388,degraded_forest,sentinel2_synthetic,simulated
ISRO-2019-0188,26.565533,94.123837,0.03,bare_soil,sentinel2_synthetic,simulated
ISRO-2018-0189,22.902881,92.918287,0.62,dense_forest,sentinel2_synthetic,simulated
ISRO-2013-0190,24.923635,94.597344,0.612,degraded_forest,sentinel2_synthetic,simulated
ISRO-2005-0191,24.514696,94.091413,0.816,dense_forest,sentinel2_synthetic,simulated
ISRO-2001-0192,26.186715,94.604167,0.721,dense_forest,sentinel2_synthetic,simulated
ISRO-2017-0193,25.623995,92.857537,0.759,dense_forest,sentinel2_synthetic,simulated
ISRO-2009-0194,25.44603,92.570464,0.443,scrubland,sentinel2_synthetic,simulated
ISRO-2005-0195,26.134636,94.367999,0.715,dense_forest,sentinel2_synthetic,simulated
ISRO-2022-0196,22.956758,92.99489,0.725,dense_forest,sentinel2_synthetic,simulated
ISRO-2009-0197,23.397157,92.653681,0.407,degraded_forest,sentinel2_synthetic,simulated
ISRO-2017-0198,26.673918,94.447412,0.44,grassland,sentinel2_synthetic,simulated
ISRO-2013-0199,27.519403,88.52232,0.725,dense_forest,sentinel2_synthetic,simulated
ISRO-2021-0200,22.85144,92.96706,0.57,agriculture,sentinel2_synthetic,simulated
ISRO-2020-0201,27.020028,88.388854,0.419,scrubland,sentinel2_synthetic,simulated
ISRO-2008-0202,27.566258,91.676517,0.807,dense_forest,sentinel2_synthetic,simulated
ISRO-1998-0203,23.735584,92.747039,0.806,dense_forest,sentinel2_synthetic,simulated
ISRO-2007-0204,27.123538,92.935772,0.631,degraded_forest,sentinel2_synthetic,simulated
ISRO-2014-0205,25.595201,91.241494,0.168,grassland,sentinel2_synthetic,simulated
ISRO-2016-0206,27.098894,95.184116,0.889,dense_forest,sentinel2_synthetic,simulated
ISRO-2020-0207,26.65136,94.083015,0.769,dense_forest,sentinel2_synthetic,simulated
ISRO-2003-0208,23.973336,91.249598,0.686,dense_forest,sentinel2_synthetic,simulated
ISRO-2020-0209,24.675499,94.07419,0.218,scrubland,sentinel2_synthetic,simulated
ISRO-2016-0210,25.314147,91.140419,0.665,dense_forest,sentinel2_synthetic,simulated
ISRO-2016-0211,23.660253,91.724676,0.525,degraded_forest,sentinel2_synthetic,simulated
ISRO-2012-0212,25.447551,91.143446,0.643,dense_forest,sentinel2_synthetic,simulated
ISRO-2002-0213,26.447616,94.930313,0.633,dense_forest,sentinel2_synthetic,simulated
ISRO-2009-0214,23.943314,92.296904,0.301,grassland,sentinel2_synthetic,simulated
ISRO-2022-0215,23.591765,92.60066,0.377,degraded_forest,sentinel2_synthetic,simulated
ISRO-1998-0216,23.660079,91.405959,0.828,dense_forest,sentinel2_synthetic,simulated
ISRO-1998-0217,26.448218,94.222574,0.506,agriculture,sentinel2_synthetic,simulated
ISRO-2020-0218,26.357962,94.015646,0.704,dense_forest,sentinel2_synthetic,simulated
ISRO-2015-0219,25.06778,94.221997,0.657,dense_forest,sentinel2_synthetic,simulated
ISRO-2020-0220,27.755876,91.724782,0.178,built_up,sentinel2_synthetic,simulated
ISRO-2006-0221,27.134567,88.455886,0.536,degraded_forest,sentinel2_synthetic,simulated
ISRO-2001-0222,27.763627,91.84012,0.184,built_up,sentinel2_synthetic,simulated
ISRO-2015-0223,23.773696,91.223032,0.379,scrubland,sentinel2_synthetic,simulated
ISRO-2004-0224,26.671035,93.915101,0.239,grassland,sentinel2_synthetic,simulated
ISRO-2003-0225,26.594451,94.204898,0.617,degraded_forest,sentinel2_synthetic,simulated
ISRO-2013-0226,25.061773,93.91754,0.45,scrubland,sentinel2_synthetic,simulated
ISRO-2008-0227,27.893356,94.561184,0.853,dense_forest,sentinel2_synthetic,simulated
ISRO-2017-0228,27.586278,91.799597,0.634,dense_forest,sentinel2_synthetic,simulated
ISRO-2016-0229,23.285925,91.607844,0.546,agriculture,sentinel2_synthetic,simulated
ISRO-2009-0230,25.340442,90.858458,0.694,dense_forest,sentinel2_synthetic,simulated
ISRO-1998-0231,26.234991,94.327142,0.26,grassland,sentinel2_synthetic,simulated
ISRO-2008-0232,25.529822,91.26534,0.351,scrubland,sentinel2_synthetic,simulated
ISRO-2003-0233,26.193446,94.575217,0.291,scrubland,sentinel2_synthetic,simulated
ISRO-2013-0234,25.579985,91.616467,0.429,degraded_forest,sentinel2_synthetic,simulated
ISRO-2022-0235,25.742523,92.903053,0.293,agriculture,sentinel2_synthetic,simulated
ISRO-2010-0236,26.468335,92.754162,0.061,bare_soil,sentinel2_synthetic,simulated
ISRO-2019-0237,25.473141,90.863934,0.809,dense_forest,sentinel2_synthetic,simulated
ISRO-2014-0238,25.387516,92.482473,0.271,scrubland,sentinel2_synthetic,simulated
ISRO-2013-0239,25.472344,90.971426,0.022,water,sentinel2_synthetic,simulated
ISRO-2020-0240,23.424747,92.52502,0.13,bare_soil,sentinel2_synthetic,simulated
ISRO-2010-0241,27.400136,88.388616,0.486,scrubland,sentinel2_synthetic,simulated
ISRO-1998-0242,24.769589,94.472005,0.038,water,sentinel2_synthetic,simulated
ISRO-2009-0243,27.551703,88.272783,0.109,bare_soil,sentinel2_synthetic,simulated
ISRO-2018-0244,27.212843,92.850674,0.592,degraded_forest,sentinel2_synthetic,simulated
ISRO-2017-0245,27.735101,88.602951,0.567,degraded_forest,sentinel2_synthetic,simulated
ISRO-2013-0246,23.758627,91.335921,0.71,dense_forest,sentinel2_synthetic,simulated
ISRO-2009-0247,25.504915,90.906107,0.808,dense_forest,sentinel2_synthetic,simulated
ISRO-2009-0248,26.421284,94.617073,0.286,agriculture,sentinel2_synthetic,simulated
ISRO-2013-0249,23.613335,92.578947,0.564,agriculture,sentinel2_synthetic,simulated
ISRO-2006-0250,27.285622,88.387653,0.449,scrubland,sentinel2_synthetic,simulated
ISRO-2019-0251,25.373195,91.626488,0.87,dense_forest,sentinel2_synthetic,simulated
ISRO-2001-0252,26.193767,93.673686,0.792,dense_forest,sentinel2_synthetic,simulated
ISRO-2004-0253,25.266022,92.757193,0.386,degraded_forest,sentinel2_synthetic,simulated
ISRO-2009-0254,25.347036,91.555151,0.054,bare_soil,sentinel2_synthetic,simulated
ISRO-2006-0255,26.46064,93.800144,0.73,dense_forest,sentinel2_synthetic,simulated
ISRO-2005-0256,27.343778,88.366178,0.722,dense_forest,sentinel2_synthetic,simulated
ISRO-2001-0257,25.418143,91.243824,0.239,agriculture,sentinel2_synthetic,simulated
ISRO-2022-0258,26.987438,92.815461,0.657,dense_forest,sentinel2_synthetic,simulated
ISRO-2008-0259,25.915053,90.301206,0.486,degraded_forest,sentinel2_synthetic,simulated
ISRO-2004-0260,27.177738,92.944945,0.068,bare_soil,sentinel2_synthetic,simulated
ISRO-2007-0261,24.350092,93.990017,0.459,scrubland,sentinel2_synthetic,simulated
ISRO-2015-0262,26.083255,93.830649,0.32,scrubland,sentinel2_synthetic,simulated
ISRO-1998-0263,26.4973,93.811969,0.323,grassland,sentinel2_synthetic,simulated
ISRO-2013-0264,26.60518,94.306793,0.565,degraded_forest,sentinel2_synthetic,simulated
ISRO-2002-0265,26.356555,94.457062,0.054,bare_soil,sentinel2_synthetic,simulated
ISRO-2004-0266,25.166405,91.289677,0.62,degraded_forest,sentinel2_synthetic,simulated
ISRO-2000-0267,25.162602,91.251057,0.372,scrubland,sentinel2_synthetic,simulated
ISRO-2005-0268,23.93697,91.432378,0.25,scrubland,sentinel2_synthetic,simulated
ISRO-2005-0269,26.714621,93.797171,0.391,grassland,sentinel2_synthetic,simulated
ISRO-2017-0270,23.849611,92.551205,0.454,degraded_forest,sentinel2_synthetic,simulated
ISRO-2009-0271,23.582607,92.446368,0.0,water,sentinel2_synthetic,simulated
ISRO-2006-0272,26.501256,93.958872,0.301,scrubland,sentinel2_synthetic,simulated
ISRO-2008-0273,25.861956,90.178361,0.646,agriculture,sentinel2_synthetic,simulated
ISRO-2011-0274,23.634989,91.459114,0.646,dense_forest,sentinel2_synthetic,simulated
ISRO-2016-0275,24.579424,94.448928,0.29,grassland,sentinel2_synthetic,simulated
ISRO-2000-0276,25.018526,94.597364,0.732,dense_forest,sentinel2_synthetic,simulated
ISRO-2001-0277,25.102076,92.349883,0.84,dense_forest,sentinel2_synthetic,simulated
ISRO-2000-0278,27.414816,88.523747,0.469,scrubland,sentinel2_synthetic,simulated
ISRO-2020-0279,25.576654,90.402636,0.334,grassland,sentinel2_synthetic,simulated
ISRO-2000-0280,25.224926,94.224257,0.358,degraded_forest,sentinel2_synthetic,simulated
ISRO-2005-0281,25.080315,92.034439,0.178,grassland,sentinel2_synthetic,simulated
ISRO-2007-0282,25.322692,91.416953,0.363,scrubland,sentinel2_synthetic,simulated
ISRO-2020-0283,27.146836,92.779359,0.436,degraded_forest,sentinel2_synthetic,simulated
ISRO-2012-0284,24.813282,94.22576,0.179,grassland,sentinel2_synthetic,simulated
ISRO-2016-0285,25.171228,94.284527,0.629,dense_forest,sentinel2_synthetic,simulated
ISRO-2008-0286,25.144052,92.019512,0.282,grassland,sentinel2_synthetic,simulated
ISRO-2002-0287,27.196156,95.436035,0.461,degraded_forest,sentinel2_synthetic,simulated
ISRO-2016-0288,27.871588,94.452429,0.031,bare_soil,sentinel2_synthetic,simulated
ISRO-2008-0289,27.412322,88.410857,0.488,agriculture,sentinel2_synthetic,simulated
ISRO-2007-0290,24.340353,93.82606,0.161,grassland,sentinel2_synthetic,simulated
ISRO-1998-0291,27.083489,88.551637,0.319,grassland,sentinel2_synthetic,simulated
ISRO-2012-0292,26.998999,93.040219,0.413,degraded_forest,sentinel2_synthetic,simulated
ISRO-2019-0293,26.434786,94.233873,0.382,scrubland,sentinel2_synthetic,simulated
ISRO-2016-0294,27.383199,91.981274,0.541,degraded_forest,sentinel2_synthetic,simulated
ISRO-2003-0295,26.524137,93.963122,0.867,dense_forest,sentinel2_synthetic,simulated
ISRO-2018-0296,25.475875,90.288824,0.335,grassland,sentinel2_synthetic,simulated
ISRO-2007-0297,28.110722,94.681114,0.69,dense_forest,sentinel2_synthetic,simulated
ISRO-2019-0298,26.35106,94.516893,0.384,grassland,sentinel2_synthetic,simulated
ISRO-1999-0299,27.431126,95.443593,0.688,dense_forest,sentinel2_synthetic,simulated
ISRO-2006-0300,27.055467,88.647595,0.389,degraded_forest,sentinel2_synthetic,simulated
ISRO-2012-0301,23.546135,92.826537,0.286,grassland,sentinel2_synthetic,simulated
ISRO-2006-0302,27.715972,88.490948,0.135,bare_soil,sentinel2_synthetic,simulated
ISRO-2003-0303,24.513818,93.683687,0.521,degraded_forest,sentinel2_synthetic,simulated
ISRO-2020-0304,27.11285,92.78431,0.572,degraded_forest,sentinel2_synthetic,simulated
ISRO-2012-0305,27.411232,88.498637,0.633,dense_forest,sentinel2_synthetic,simulated
ISRO-2022-0306,24.630195,94.251203,0.369,agriculture,sentinel2_synthetic,simulated
ISRO-2012-0307,27.542596,88.478667,0.363,degraded_forest,sentinel2_synthetic,simulated
ISRO-2013-0308,27.400597,91.686578,0.058,bare_soil,sentinel2_synthetic,simulated
ISRO-2003-0309,26.517008,92.96372,0.563,degraded_forest,sentinel2_synthetic,simulated
ISRO-2016-0310,27.609877,91.734116,0.062,built_up,sentinel2_synthetic,simulated
ISRO-2010-0311,24.66742,94.202875,0.81,dense_forest,sentinel2_synthetic,simulated
ISRO-2000-0312,25.75433,90.529548,0.639,dense_forest,sentinel2_synthetic,simulated
ISRO-2011-0313,23.355871,91.759725,0.416,scrubland,sentinel2_synthetic,simulated
ISRO-2004-0314,25.976663,94.720176,0.234,scrubland,sentinel2_synthetic,simulated
ISRO-2000-0315,27.298376,88.266366,0.265,grassland,sentinel2_synthetic,simulated
ISRO-2002-0316,24.831658,94.334047,0.779,dense_forest,sentinel2_synthetic,simulated
ISRO-2018-0317,23.865643,91.360073,0.681,dense_forest,sentinel2_synthetic,simulated
ISRO-2017-0318,26.338641,92.556199,0.811,dense_forest,sentinel2_synthetic,simulated
ISRO-2011-0319,26.937639,93.234966,0.899,dense_forest,sentinel2_synthetic,simulated
ISRO-2014-0320,27.525001,95.092611,0.327,grassland,sentinel2_synthetic,simulated
ISRO-2013-0321,27.389155,88.723366,0.611,dense_forest,sentinel2_synthetic,simulated
ISRO-2014-0322,25.247778,93.857902,0.579,degraded_forest,sentinel2_synthetic,simulated
ISRO-2015-0323,25.679483,92.511145,0.771,dense_forest,sentinel2_synthetic,simulated
ISRO-1998-0324,24.772628,94.31718,0.738,dense_forest,sentinel2_synthetic,simulated
ISRO-2014-0325,26.112205,94.597695,0.49,degraded_forest,sentinel2_synthetic,simulated
ISRO-2008-0326,25.083698,94.078373,0.767,dense_forest,sentinel2_synthetic,simulated
ISRO-2014-0327,26.225611,94.893323,0.615,degraded_forest,sentinel2_synthetic,simulated
ISRO-2002-0328,26.280443,94.061534,0.841,dense_forest,sentinel2_synthetic,simulated
ISRO-2012-0329,27.161248,88.330187,0.627,dense_forest,sentinel2_synthetic,simulated
ISRO-2020-0330,27.365076,88.610488,0.314,scrubland,sentinel2_synthetic,simulated
ISRO-2015-0331,26.329993,94.537435,0.246,agriculture,sentinel2_synthetic,simulated
ISRO-2014-0332,27.773172,92.046549,0.896,dense_forest,sentinel2_synthetic,simulated
ISRO-2007-0333,26.532733,94.002971,0.746,dense_forest,sentinel2_synthetic,simulated
ISRO-2010-0334,26.552908,92.997582,0.624,degraded_forest,sentinel2_synthetic,simulated
ISRO-2007-0335,26.08594,93.941,0.021,built_up,sentinel2_synthetic,simulated
ISRO-2018-0336,23.876825,92.326746,0.468,scrubland,sentinel2_synthetic,simulated
ISRO-2004-0337,26.405572,93.024323,-0.09,water,sentinel2_synthetic,simulated
ISRO-2018-0338,26.066075,94.646651,0.627,dense_forest,sentinel2_synthetic,simulated
ISRO-2015-0339,25.684203,90.496242,0.486,scrubland,sentinel2_synthetic,simulated
ISRO-2004-0340,25.919749,94.080282,0.627,degraded_forest,sentinel2_synthetic,simulated
ISRO-2010-0341,25.653724,90.927641,0.445,agriculture,sentinel2_synthetic,simulated
ISRO-2007-0342,26.596452,92.551354,0.522,degraded_forest,sentinel2_synthetic,simulated
ISRO-2002-0343,26.314813,94.803348,0.409,scrubland,sentinel2_synthetic,simulated
ISRO-2007-0344,27.641381,88.253136,0.302,scrubland,sentinel2_synthetic,simulated
ISRO-2018-0345,25.290393,91.191039,0.367,scrubland,sentinel2_synthetic,simulated
ISRO-2014-0346,25.209555,93.900261,0.632,agriculture,sentinel2_synthetic,simulated
ISRO-2019-0347,28.3455,94.530891,0.239,scrubland,sentinel2_synthetic,simulated
ISRO-2014-0348,23.707024,92.379871,0.858,dense_forest,sentinel2_synthetic,simulated
ISRO-2003-0349,25.495943,91.493425,0.556,degraded_forest,sentinel2_synthetic,simulated
ISRO-2016-0350,25.244224,94.273299,0.433,degraded_forest,sentinel2_synthetic,simulated
ISRO-2022-0351,25.396231,91.180652,0.507,degraded_forest,sentinel2_synthetic,simulated
ISRO-2002-0352,26.132876,94.472482,0.8,dense_forest,sentinel2_synthetic,simulated
ISRO-2005-0353,25.548363,90.967302,0.607,degraded_forest,sentinel2_synthetic,simulated
ISRO-2022-0354,23.619537,91.582606,0.396,agriculture,sentinel2_synthetic,simulated
ISRO-2009-0355,25.863205,90.391922,0.371,grassland,sentinel2_synthetic,simulated
ISRO-2017-0356,26.366499,92.769119,0.489,scrubland,sentinel2_synthetic,simulated
ISRO-2017-0357,28.038235,94.640118,0.764,dense_forest,sentinel2_synthetic,simulated
ISRO-2014-0358,25.265841,92.223895,0.204,scrubland,sentinel2_synthetic,simulated
ISRO-2008-0359,24.311928,93.855221,0.804,dense_forest,sentinel2_synthetic,simulated
ISRO-1998-0360,27.474774,91.609243,0.173,grassland,sentinel2_synthetic,simulated
ISRO-2002-0361,26.796783,93.024837,0.613,dense_forest,sentinel2_synthetic,simulated
ISRO-2000-0362,24.313429,93.723273,0.795,dense_forest,sentinel2_synthetic,simulated
ISRO-2022-0363,24.352007,93.961536,0.309,scrubland,sentinel2_synthetic,simulated
ISRO-2007-0364,25.374387,92.333953,0.208,agriculture,sentinel2_synthetic,simulated
ISRO-2011-0365,25.586757,90.978124,0.371,degraded_forest,sentinel2_synthetic,simulated
ISRO-2022-0366,26.053741,94.530523,0.819,dense_forest,sentinel2_synthetic,simulated
ISRO-2007-0367,25.398641,92.147147,0.424,agriculture,sentinel2_synthetic,simulated
ISRO-2006-0368,26.292943,93.872314,0.269,agriculture,sentinel2_synthetic,simulated
ISRO-2005-0369,23.659139,92.412203,0.447,degraded_forest,sentinel2_synthetic,simulated
ISRO-2001-0370,26.606691,92.808939,0.695,agriculture,sentinel2_synthetic,simulated
ISRO-2017-0371,27.234897,92.800381,0.558,degraded_forest,sentinel2_synthetic,simulated
ISRO-2012-0372,26.241659,92.784567,0.497,scrubland,sentinel2_synthetic,simulated
ISRO-2014-0373,26.605,94.308065,0.466,agriculture,sentinel2_synthetic,simulated
ISRO-1999-0374,26.370647,93.980354,0.49,scrubland,sentinel2_synthetic,simulated
ISRO-2005-0375,27.024477,93.031505,0.462,degraded_forest,sentinel2_synthetic,simulated
ISRO-2018-0376,22.947048,92.672427,0.411,degraded_forest,sentinel2_synthetic,simulated
ISRO-1999-0377,25.525418,91.296468,0.259,scrubland,sentinel2_synthetic,simulated
ISRO-2021-0378,26.09578,94.613081,0.28,agriculture,sentinel2_synthetic,simulated
ISRO-2005-0379,26.220645,92.683467,0.68,agriculture,sentinel2_synthetic,simulated
ISRO-2004-0380,24.665052,94.642682,0.744,dense_forest,sentinel2_synthetic,simulated
ISRO-2007-0381,27.41214,88.432362,0.373,degraded_forest,sentinel2_synthetic,simulated
ISRO-2020-0382,23.574337,92.693279,0.783,dense_forest,sentinel2_synthetic,simulated
ISRO-2013-0383,24.825832,93.957785,0.661,dense_forest,sentinel2_synthetic,simulated
ISRO-2007-0384,25.373016,91.354851,0.289,grassland,sentinel2_synthetic,simulated
ISRO-2018-0385,28.21178,94.884546,0.85,dense_forest,sentinel2_synthetic,simulated
ISRO-2003-0386,25.306954,92.779657,0.273,agriculture,sentinel2_synthetic,simulated
ISRO-2011-0387,26.709544,94.187412,0.635,dense_forest,sentinel2_synthetic,simulated
ISRO-2000-0388,25.445138,92.578844,0.65,degraded_forest,sentinel2_synthetic,simulated
ISRO-2014-0389,26.188009,93.815737,0.896,dense_forest,sentinel2_synthetic,simulated
ISRO-2015-0390,24.878224,94.375649,0.631,dense_forest,sentinel2_synthetic,simulated
ISRO-2002-0391,22.816189,92.715626,0.738,dense_forest,sentinel2_synthetic,simulated
ISRO-2015-0392,23.121974,92.763398,0.836,dense_forest,sentinel2_synthetic,simulated
ISRO-2019-0393,25.478409,90.438454,0.294,scrubland,sentinel2_synthetic,simulated
ISRO-2018-0394,26.169747,94.01754,0.651,dense_forest,sentinel2_synthetic,simulated
ISRO-2006-0395,25.911894,93.743069,0.271,agriculture,sentinel2_synthetic,simulated
ISRO-2022-0396,26.532184,94.521286,0.093,bare_soil,sentinel2_synthetic,simulated
ISRO-1999-0397,25.752067,90.543296,0.551,degraded_forest,sentinel2_synthetic,simulated
ISRO-2019-0398,26.932339,92.752182,0.004,water,sentinel2_synthetic,simulated
ISRO-1999-0399,27.390272,91.913505,0.354,grassland,sentinel2_synthetic,simulated
ISRO-2011-0400,25.599961,92.773939,0.031,water,sentinel2_synthetic,simulated
ISRO-2017-0401,25.71137,91.20834,0.617,degraded_forest,sentinel2_synthetic,simulated
ISRO-2000-0402,26.297677,94.125851,0.629,dense_forest,sentinel2_synthetic,simulated
ISRO-2006-0403,25.256497,92.590294,0.666,dense_forest,sentinel2_synthetic,simulated
ISRO-2001-0404,26.553917,92.888588,0.217,grassland,sentinel2_synthetic,simulated
ISRO-2010-0405,26.799966,92.832127,0.09,bare_soil,sentinel2_synthetic,simulated
ISRO-2020-0406,23.731483,92.70958,0.836,dense_forest,sentinel2_synthetic,simulated
ISRO-2019-0407,23.386287,92.93568,0.539,degraded_forest,sentinel2_synthetic,simulated
ISRO-2000-0408,27.204374,95.232658,0.498,degraded_forest,sentinel2_synthetic,simulated
ISRO-2006-0409,27.16404,88.444389,0.237,agriculture,sentinel2_synthetic,simulated
ISRO-2014-0410,26.504963,92.902059,0.253,scrubland,sentinel2_synthetic,simulated
ISRO-2014-0411,22.666805,92.687818,0.875,dense_forest,sentinel2_synthetic,simulated
ISRO-2000-0412,27.566687,91.726372,0.545,agriculture,sentinel2_synthetic,simulated
ISRO-2016-0413,24.79849,94.389611,0.34,scrubland,sentinel2_synthetic,simulated
ISRO-2015-0414,27.073682,94.980943,0.416,degraded_forest,sentinel2_synthetic,simulated
ISRO-2011-0415,25.558319,90.895947,0.249,agriculture,sentinel2_synthetic,simulated
ISRO-1998-0416,25.367018,91.50384,0.224,scrubland,sentinel2_synthetic,simulated
ISRO-2010-0417,27.061518,88.522073,0.85,dense_forest,sentinel2_synthetic,simulated
ISRO-2011-0418,25.591563,91.296169,0.1,bare_soil,sentinel2_synthetic,simulated
ISRO-2010-0419,26.285944,94.647763,0.197,built_up,sentinel2_synthetic,simulated
ISRO-1998-0420,27.114472,88.297746,0.773,dense_forest,sentinel2_synthetic,simulated
ISRO-2005-0421,27.423107,88.442574,0.211,grassland,sentinel2_synthetic,simulated
ISRO-2001-0422,24.470521,94.096353,-0.041,water,sentinel2_synthetic,simulated
ISRO-1998-0423,23.607698,92.677463,0.485,degraded_forest,sentinel2_synthetic,simulated
ISRO-2003-0424,25.592624,91.024489,0.474,degraded_forest,sentinel2_synthetic,simulated
ISRO-2022-0425,25.264172,92.820223,0.731,dense_forest,sentinel2_synthetic,simulated
ISRO-1999-0426,27.667211,88.411712,0.465,degraded_forest,sentinel2_synthetic,simulated
ISRO-2010-0427,27.300406,88.479423,0.885,dense_forest,sentinel2_synthetic,simulated
ISRO-2013-0428,25.143393,93.878651,0.866,dense_forest,sentinel2_synthetic,simulated
ISRO-2001-0429,25.414331,91.19318,0.314,agriculture,sentinel2_synthetic,simulated
ISRO-2022-0430,27.073951,88.087974,0.361,scrubland,sentinel2_synthetic,simulated
ISRO-2004-0431,25.243929,91.170216,0.18,built_up,sentinel2_synthetic,simulated
ISRO-2006-0432,25.66082,92.79594,0.854,dense_forest,sentinel2_synthetic,simulated
ISRO-2021-0433,26.301152,93.660221,0.469,degraded_forest,sentinel2_synthetic,simulated
ISRO-2016-0434,26.64651,94.059857,0.75,dense_forest,sentinel2_synthetic,simulated
ISRO-2011-0435,26.254751,94.726336,0.78,dense_forest,sentinel2_synthetic,simulated
ISRO-2009-0436,26.20262,94.069162,0.544,degraded_forest,sentinel2_synthetic,simulated
ISRO-2003-0437,26.299187,94.744134,0.216,scrubland,sentinel2_synthetic,simulated
ISRO-2015-0438,25.62915,92.646021,-0.081,water,sentinel2_synthetic,simulated
ISRO-2015-0439,23.533555,91.598279,0.605,agriculture,sentinel2_synthetic,simulated
ISRO-2022-0440,27.235631,93.209455,0.417,degraded_forest,sentinel2_synthetic,simulated
ISRO-2011-0441,25.68412,90.804828,0.596,degraded_forest,sentinel2_synthetic,simulated
ISRO-2018-0442,24.792192,94.174361,0.505,agriculture,sentinel2_synthetic,simulated
ISRO-2003-0443,23.446088,92.527222,0.811,dense_forest,sentinel2_synthetic,simulated
ISRO-2006-0444,26.985476,92.99004,0.602,dense_forest,sentinel2_synthetic,simulated
ISRO-2006-0445,26.109613,93.796234,0.24,grassland,sentinel2_synthetic,simulated
ISRO-2015-0446,25.501966,91.202253,0.7,dense_forest,sentinel2_synthetic,simulated
ISRO-2018-0447,25.603387,90.430974,0.644,dense_forest,sentinel2_synthetic,simulated
ISRO-2018-0448,26.878338,93.122641,0.276,agriculture,sentinel2_synthetic,simulated
ISRO-2020-0449,24.650356,93.845223,0.243,scrubland,sentinel2_synthetic,simulated
ISRO-2018-0450,26.2934,93.972199,0.499,scrubland,sentinel2_synthetic,simulated
ISRO-2005-0451,23.515012,92.500605,0.498,scrubland,sentinel2_synthetic,simulated
ISRO-2002-0452,23.262889,92.778024,0.207,agriculture,sentinel2_synthetic,simulated
ISRO-2007-0453,24.829869,94.010292,0.597,degraded_forest,sentinel2_synthetic,simulated
ISRO-2014-0454,24.530326,94.092581,0.649,degraded_forest,sentinel2_synthetic,simulated
ISRO-2012-0455,25.457842,91.04451,0.136,bare_soil,sentinel2_synthetic,simulated
ISRO-2004-0456,22.665105,92.957917,0.222,scrubland,sentinel2_synthetic,simulated
ISRO-2004-0457,26.279589,93.798665,0.162,grassland,sentinel2_synthetic,simulated
ISRO-2001-0458,25.458526,91.189733,0.285,scrubland,sentinel2_synthetic,simulated
ISRO-2004-0459,24.459905,93.75561,0.673,dense_forest,sentinel2_synthetic,simulated
ISRO-2005-0460,26.422925,94.145337,0.136,bare_soil,sentinel2_synthetic,simulated
ISRO-2016-0461,27.935502,94.662856,0.639,degraded_forest,sentinel2_synthetic,simulated
ISRO-2013-0462,23.340705,92.469455,0.64,dense_forest,sentinel2_synthetic,simulated
ISRO-2005-0463,25.873692,93.662389,0.665,dense_forest,sentinel2_synthetic,simulated
ISRO-1999-0464,25.32655,90.915638,0.68,dense_forest,sentinel2_synthetic,simulated
ISRO-2022-0465,23.927181,91.47609,0.813,dense_forest,sentinel2_synthetic,simulated
ISRO-2013-0466,26.40747,92.975518,0.699,dense_forest,sentinel2_synthetic,simulated
ISRO-2015-0467,25.82846,90.518139,0.731,dense_forest,sentinel2_synthetic,simulated
ISRO-2004-0468,26.612368,94.347898,0.281,grassland,sentinel2_synthetic,simulated
ISRO-2000-0469,27.70851,91.675086,0.405,grassland,sentinel2_synthetic,simulated
ISRO-2009-0470,26.625656,93.982301,0.503,degraded_forest,sentinel2_synthetic,simulated
ISRO-2022-0471,26.91346,92.794195,0.862,dense_forest,sentinel2_synthetic,simulated
ISRO-2014-0472,26.565323,94.419936,0.78,dense_forest,sentinel2_synthetic,simulated
ISRO-2015-0473,25.08913,92.229011,0.635,dense_forest,sentinel2_synthetic,simulated
ISRO-2011-0474,25.013929,94.630113,0.716,dense_forest,sentinel2_synthetic,simulated
ISRO-1998-0475,27.426761,91.831165,0.604,dense_forest,sentinel2_synthetic,simulated
ISRO-1998-0476,26.853315,92.906194,0.432,grassland,sentinel2_synthetic,simulated
ISRO-2021-0477,23.049084,92.833878,0.681,dense_forest,sentinel2_synthetic,simulated
ISRO-2008-0478,23.389913,91.692915,0.073,bare_soil,sentinel2_synthetic,simulated
ISRO-2016-0479,25.722491,90.185371,0.79,dense_forest,sentinel2_synthetic,simulated
ISRO-2008-0480,26.285091,94.595155,0.709,dense_forest,sentinel2_synthetic,simulated
ISRO-2015-0481,24.871363,94.476314,0.547,degraded_forest,sentinel2_synthetic,simulated
ISRO-2003-0482,25.391653,90.962009,-0.042,water,sentinel2_synthetic,simulated
ISRO-2018-0483,24.768768,94.503122,0.339,agriculture,sentinel2_synthetic,simulated
ISRO-2021-0484,26.412062,94.231903,0.344,grassland,sentinel2_synthetic,simulated
ISRO-2000-0485,26.20994,93.04952,0.209,scrubland,sentinel2_synthetic,simulated
ISRO-2015-0486,25.0073,94.506443,0.554,degraded_forest,sentinel2_synthetic,simulated
ISRO-2021-0487,27.177386,88.421229,0.568,agriculture,sentinel2_synthetic,simulated
ISRO-2005-0488,26.450033,93.816748,0.372,scrubland,sentinel2_synthetic,simulated
ISRO-2007-0489,27.384247,95.356453,0.627,dense_forest,sentinel2_synthetic,simulated
ISRO-2019-0490,27.243187,88.547956,0.693,dense_forest,sentinel2_synthetic,simulated
ISRO-2003-0491,25.483421,92.023,0.108,bare_soil,sentinel2_synthetic,simulated
ISRO-2001-0492,27.504969,95.215714,0.441,scrubland,sentinel2_synthetic,simulated
ISRO-2006-0493,25.074551,94.098849,0.658,dense_forest,sentinel2_synthetic,simulated
ISRO-2002-0494,27.49086,88.45488,0.635,dense_forest,sentinel2_synthetic,simulated
ISRO-2021-0495,23.007458,92.584469,0.217,scrubland,sentinel2_synthetic,simulated
ISRO-2005-0496,25.214864,91.497399,0.73,dense_forest,sentinel2_synthetic,simulated
ISRO-2008-0497,26.221671,93.026925,0.265,grassland,sentinel2_synthetic,simulated
ISRO-1999-0498,27.019699,88.296742,0.616,dense_forest,sentinel2_synthetic,simulated
ISRO-2007-0499,27.385917,91.660066,0.61,degraded_forest,sentinel2_synthetic,simulated
ISRO-2000-0500,26.111787,94.368857,0.75,dense_forest,sentinel2_synthetic,simulated
ISRO-2015-0501,22.828558,92.975934,0.257,scrubland,sentinel2_synthetic,simulated
ISRO-2002-0502,24.556112,93.781893,0.803,dense_forest,sentinel2_synthetic,simulated
ISRO-2004-0503,22.876386,92.593869,0.669,dense_forest,sentinel2_synthetic,simulated
ISRO-2017-0504,26.723446,94.075981,0.384,grassland,sentinel2_synthetic,simulated
ISRO-2014-0505,26.32307,94.51201,0.277,scrubland,sentinel2_synthetic,simulated
ISRO-2009-0506,27.32675,88.117641,0.605,degraded_forest,sentinel2_synthetic,simulated
ISRO-2007-0507,25.50876,91.624802,0.443,agriculture,sentinel2_synthetic,simulated
ISRO-2005-0508,26.62671,92.747558,0.786,dense_forest,sentinel2_synthetic,simulated
ISRO-2000-0509,26.644571,94.090658,0.57,degraded_forest,sentinel2_synthetic,simulated
ISRO-2008-0510,23.237409,92.464536,0.587,degraded_forest,sentinel2_synthetic,simulated
ISRO-2007-0511,26.287101,92.914636,0.155,built_up,sentinel2_synthetic,simulated
ISRO-1999-0512,26.839067,92.800476,0.177,built_up,sentinel2_synthetic,simulated
ISRO-2012-0513,26.560898,94.293377,0.782,dense_forest,sentinel2_synthetic,simulated
ISRO-2020-0514,25.197742,91.506001,0.364,scrubland,sentinel2_synthetic,simulated
ISRO-2017-0515,27.200158,88.433929,0.298,scrubland,sentinel2_synthetic,simulated
ISRO-2021-0516,26.349106,94.69352,0.481,scrubland,sentinel2_synthetic,simulated
ISRO-2017-0517,25.904309,90.41557,0.874,dense_forest,sentinel2_synthetic,simulated
ISRO-2010-0518,27.177985,93.104637,0.303,grassland,sentinel2_synthetic,simulated
ISRO-2009-0519,25.377604,90.76562,0.072,bare_soil,sentinel2_synthetic,simulated
ISRO-2008-0520,25.386992,91.440436,0.866,dense_forest,sentinel2_synthetic,simulated
ISRO-2011-0521,23.590115,92.680003,0.517,degraded_forest,sentinel2_synthetic,simulated
ISRO-2011-0522,24.479774,94.131007,0.586,degraded_forest,sentinel2_synthetic,simulated
ISRO-2013-0523,25.642927,91.476994,0.791,dense_forest,sentinel2_synthetic,simulated
ISRO-2020-0524,25.453417,91.902067,0.752,dense_forest,sentinel2_synthetic,simulated
ISRO-2011-0525,23.667943,91.489898,0.438,degraded_forest,sentinel2_synthetic,simulated
ISRO-2003-0526,23.853116,92.302907,0.24,scrubland,sentinel2_synthetic,simulated
ISRO-2009-0527,25.351243,91.099635,0.779,dense_forest,sentinel2_synthetic,simulated
ISRO-2014-0528,27.085584,95.437947,0.898,dense_forest,sentinel2_synthetic,simulated
ISRO-2003-0529,27.486375,88.651602,0.466,agriculture,sentinel2_synthetic,simulated
ISRO-2016-0530,25.436499,91.883581,0.067,built_up,sentinel2_synthetic,simulated
ISRO-2017-0531,23.064061,92.788142,0.657,dense_forest,sentinel2_synthetic,simulated
ISRO-2002-0532,23.6501,91.520129,0.808,dense_forest,sentinel2_synthetic,simulated
ISRO-1998-0533,27.282584,88.828094,0.182,grassland,sentinel2_synthetic,simulated
ISRO-2015-0534,23.805911,91.261458,0.892,dense_forest,sentinel2_synthetic,simulated
ISRO-2018-0535,27.181239,92.855801,0.287,scrubland,sentinel2_synthetic,simulated
ISRO-1998-0536,23.427682,91.657758,0.703,dense_forest,sentinel2_synthetic,simulated
ISRO-2022-0537,23.452374,92.492172,0.544,agriculture,sentinel2_synthetic,simulated
ISRO-2009-0538,26.544644,94.21652,0.583,degraded_forest,sentinel2_synthetic,simulated
ISRO-1998-0539,26.012813,94.526757,0.742,dense_forest,sentinel2_synthetic,simulated
ISRO-2004-0540,25.659869,92.451531,0.323,grassland,sentinel2_synthetic,simulated
ISRO-2018-0541,23.425416,92.75927,0.632,dense_forest,sentinel2_synthetic,simulated
ISRO-2019-0542,25.010181,94.200884,0.413,scrubland,sentinel2_synthetic,simulated
ISRO-1998-0543,25.262474,92.705635,0.743,dense_forest,sentinel2_synthetic,simulated
ISRO-2016-0544,25.724818,91.133017,0.442,scrubland,sentinel2_synthetic,simulated
ISRO-2014-0545,25.975976,94.696241,0.645,dense_forest,sentinel2_synthetic,simulated
ISRO-2004-0546,26.220924,94.579734,0.609,dense_forest,sentinel2_synthetic,simulated
ISRO-2001-0547,24.965983,93.992003,0.351,grassland,sentinel2_synthetic,simulated
ISRO-2016-0548,24.847621,94.298143,0.652,agriculture,sentinel2_synthetic,simulated
ISRO-2019-0549,27.507639,95.101624,0.508,degraded_forest,sentinel2_synthetic,simulated
ISRO-2010-0550,25.576698,92.62967,0.245,scrubland,sentinel2_synthetic,simulated
ISRO-2017-0551,23.8233,92.259711,0.673,agriculture,sentinel2_synthetic,simulated
ISRO-2019-0552,24.631715,94.33564,0.784,dense_forest,sentinel2_synthetic,simulated
ISRO-2011-0553,23.556986,91.051118,0.451,degraded_forest,sentinel2_synthetic,simulated
ISRO-2012-0554,24.739633,94.243373,0.625,dense_forest,sentinel2_synthetic,simulated
ISRO-2018-0555,26.236002,94.737917,0.859,dense_forest,sentinel2_synthetic,simulated
ISRO-1999-0556,24.907344,94.288957,0.266,grassland,sentinel2_synthetic,simulated
ISRO-2011-0557,25.860129,94.071121,0.716,dense_forest,sentinel2_synthetic,simulated
ISRO-2001-0558,23.742032,92.272471,0.853,dense_forest,sentinel2_synthetic,simulated
ISRO-2002-0559,23.525654,92.332766,0.883,dense_forest,sentinel2_synthetic,simulated
ISRO-2014-0560,27.370249,91.797827,0.795,dense_forest,sentinel2_synthetic,simulated
ISRO-2009-0561,25.06796,94.245207,0.156,built_up,sentinel2_synthetic,simulated
ISRO-2005-0562,26.51681,94.012461,0.56,degraded_forest,sentinel2_synthetic,simulated
ISRO-2009-0563,23.496955,91.778098,0.807,dense_forest,sentinel2_synthetic,simulated
ISRO-2001-0564,27.548737,91.755828,0.106,bare_soil,sentinel2_synthetic,simulated
ISRO-2019-0565,27.311007,88.207132,0.441,grassland,sentinel2_synthetic,simulated
ISRO-2000-0566,26.4569,94.13669,0.648,degraded_forest,sentinel2_synthetic,simulated
ISRO-2003-0567,27.325379,88.735305,0.81,dense_forest,sentinel2_synthetic,simulated
ISRO-2014-0568,27.782844,91.620716,0.379,grassland,sentinel2_synthetic,simulated
ISRO-2006-0569,26.887439,93.240006,0.836,dense_forest,sentinel2_synthetic,simulated
ISRO-1998-0570,25.587874,92.575188,0.442,degraded_forest,sentinel2_synthetic,simulated
ISRO-2022-0571,22.771313,92.687119,0.022,water,sentinel2_synthetic,simulated
ISRO-2011-0572,22.937939,92.701721,0.32,scrubland,sentinel2_synthetic,simulated
ISRO-2018-0573,25.889535,93.894615,0.481,scrubland,sentinel2_synthetic,simulated
ISRO-2014-0574,23.834531,92.502879,0.515,agriculture,sentinel2_synthetic,simulated
ISRO-2016-0575,23.351361,91.45567,0.685,dense_forest,sentinel2_synthetic,simulated
ISRO-2013-0576,25.211507,94.343295,0.65,agriculture,sentinel2_synthetic,simulated
ISRO-2000-0577,26.436628,94.682069,0.471,scrubland,sentinel2_synthetic,simulated
ISRO-2001-0578,23.424659,92.673298,0.436,scrubland,sentinel2_synthetic,simulated
ISRO-2000-0579,25.561425,91.174731,0.367,scrubland,sentinel2_synthetic,simulated
ISRO-2006-0580,22.785637,92.874256,0.75,dense_forest,sentinel2_synthetic,simulated
ISRO-2003-0581,25.450463,90.286884,0.368,scrubland,sentinel2_synthetic,simulated
ISRO-2005-0582,26.481852,94.172207,0.863,dense_forest,sentinel2_synthetic,simulated
ISRO-2020-0583,24.303683,93.937149,0.449,degraded_forest,sentinel2_synthetic,simulated
ISRO-2012-0584,24.954258,94.255449,0.473,scrubland,sentinel2_synthetic,simulated
ISRO-1998-0585,23.390623,91.680059,0.247,grassland,sentinel2_synthetic,simulated
ISRO-2021-0586,25.973281,94.630036,0.285,grassland,sentinel2_synthetic,simulated
ISRO-2019-0587,24.614297,93.885812,0.646,degraded_forest,sentinel2_synthetic,simulated
ISRO-2008-0588,24.489247,93.912455,0.339,scrubland,sentinel2_synthetic,simulated
ISRO-2001-0589,25.398469,92.493224,0.164,grassland,sentinel2_synthetic,simulated
ISRO-2013-0590,25.700591,92.733465,0.815,dense_forest,sentinel2_synthetic,simulated
ISRO-2009-0591,24.521533,93.783666,0.22,grassland,sentinel2_synthetic,simulated
ISRO-2013-0592,28.055015,94.60823,0.603,degraded_forest,sentinel2_synthetic,simulated
ISRO-2015-0593,26.274767,93.815602,0.893,dense_forest,sentinel2_synthetic,simulated
ISRO-1999-0594,25.468216,90.271589,0.342,scrubland,sentinel2_synthetic,simulated
ISRO-2007-0595,27.591269,92.012062,0.864,dense_forest,sentinel2_synthetic,simulated
ISRO-2010-0596,25.401878,91.610982,0.22,scrubland,sentinel2_synthetic,simulated
ISRO-2003-0597,26.604706,94.072043,0.377,grassland,sentinel2_synthetic,simulated
ISRO-2008-0598,25.09096,91.987833,0.806,dense_forest,sentinel2_synthetic,simulated
ISRO-2022-0599,24.684009,93.809449,0.468,scrubland,sentinel2_synthetic,simulated
ISRO-2004-0600,26.727691,93.907916,0.582,agriculture,sentinel2_synthetic,simulated
ISRO-2008-0601,25.554363,90.073032,0.201,agriculture,sentinel2_synthetic,simulated
ISRO-2008-0602,25.039508,94.108753,0.133,bare_soil,sentinel2_synthetic,simulated
ISRO-2003-0603,26.500303,94.220286,0.383,degraded_forest,sentinel2_synthetic,simulated
ISRO-2008-0604,23.451085,91.439462,0.504,agriculture,sentinel2_synthetic,simulated
ISRO-2015-0605,28.220073,94.616106,0.64,dense_forest,sentinel2_synthetic,simulated
ISRO-2019-0606,27.562491,91.687466,0.474,degraded_forest,sentinel2_synthetic,simulated
ISRO-2001-0607,25.137712,93.950844,0.142,bare_soil,sentinel2_synthetic,simulated
ISRO-2009-0608,25.565118,90.76163,0.334,scrubland,sentinel2_synthetic,simulated
ISRO-2014-0609,27.307635,88.296688,0.847,dense_forest,sentinel2_synthetic,simulated
ISRO-2015-0610,25.542236,91.009657,0.313,grassland,sentinel2_synthetic,simulated
ISRO-2001-0611,23.448419,92.751332,0.813,dense_forest,sentinel2_synthetic,simulated
ISRO-2007-0612,27.549857,88.462512,0.445,degraded_forest,sentinel2_synthetic,simulated
ISRO-2003-0613,28.103187,94.894394,0.754,dense_forest,sentinel2_synthetic,simulated
ISRO-2015-0614,27.036082,93.189717,0.874,dense_forest,sentinel2_synthetic,simulated
ISRO-2007-0615,28.320587,94.61199,0.822,dense_forest,sentinel2_synthetic,simulated
ISRO-2007-0616,23.330474,91.487881,0.207,grassland,sentinel2_synthetic,simulated
ISRO-2015-0617,25.293346,91.528858,0.177,built_up,sentinel2_synthetic,simulated
ISRO-2007-0618,26.41218,94.765834,0.47,scrubland,sentinel2_synthetic,simulated
ISRO-2011-0619,23.950336,91.34759,0.576,agriculture,sentinel2_synthetic,simulated
ISRO-2003-0620,23.14032,92.663894,0.426,scrubland,sentinel2_synthetic,simulated
ISRO-2001-0621,26.329536,94.193179,0.416,degraded_forest,sentinel2_synthetic,simulated
ISRO-1998-0622,23.460617,92.763328,0.588,degraded_forest,sentinel2_synthetic,simulated
ISRO-2009-0623,27.95414,94.855941,0.245,grassland,sentinel2_synthetic,simulated
ISRO-2005-0624,25.416403,92.766553,0.398,scrubland,sentinel2_synthetic,simulated
ISRO-2015-0625,25.42768,92.74775,0.838,dense_forest,sentinel2_synthetic,simulated
ISRO-2003-0626,25.481464,91.533431,0.216,scrubland,sentinel2_synthetic,simulated
ISRO-2015-0627,27.25142,88.467473,0.13,bare_soil,sentinel2_synthetic,simulated
ISRO-2010-0628,27.493355,88.450425,0.167,built_up,sentinel2_synthetic,simulated
ISRO-2013-0629,25.454599,91.367442,0.282,grassland,sentinel2_synthetic,simulated
ISRO-1999-0630,28.112398,94.757494,0.377,grassland,sentinel2_synthetic,simulated
ISRO-2004-0631,26.825372,92.908116,0.612,agriculture,sentinel2_synthetic,simulated
ISRO-2001-0632,23.740122,91.462762,0.61,degraded_forest,sentinel2_synthetic,simulated
ISRO-2011-0633,28.124817,94.75132,0.521,degraded_forest,sentinel2_synthetic,simulated
ISRO-2021-0634,26.506477,94.261788,0.351,scrubland,sentinel2_synthetic,simulated
ISRO-2009-0635,26.502867,94.442157,0.689,dense_forest,sentinel2_synthetic,simulated
ISRO-2002-0636,27.340676,88.558351,0.204,agriculture,sentinel2_synthetic,simulated
ISRO-2021-0637,26.395235,93.956115,0.41,agriculture,sentinel2_synthetic,simulated
ISRO-2015-0638,27.671731,91.963962,0.126,bare_soil,sentinel2_synthetic,simulated
ISRO-2018-0639,26.47527,93.832353,0.401,degraded_forest,sentinel2_synthetic,simulated
ISRO-2016-0640,26.718024,93.808352,0.21,grassland,sentinel2_synthetic,simulated
ISRO-2013-0641,26.103417,94.465825,0.806,dense_forest,sentinel2_synthetic,simulated
ISRO-2020-0642,26.53829,94.599823,0.864,dense_forest,sentinel2_synthetic,simulated
ISRO-1999-0643,25.269943,90.863695,0.625,dense_forest,sentinel2_synthetic,simulated
ISRO-2006-0644,25.667472,92.897952,0.407,grassland,sentinel2_synthetic,simulated
ISRO-2009-0645,23.358666,91.381382,0.481,scrubland,sentinel2_synthetic,simulated
ISRO-2022-0646,23.719763,91.412827,0.42,degraded_forest,sentinel2_synthetic,simulated
ISRO-2001-0647,25.415906,92.808217,0.356,degraded_forest,sentinel2_synthetic,simulated
ISRO-2002-0648,25.252141,92.702105,0.315,scrubland,sentinel2_synthetic,simulated
ISRO-1999-0649,25.583085,91.161327,0.399,degraded_forest,sentinel2_synthetic,simulated
ISRO-2001-0650,26.587464,94.190177,0.727,dense_forest,sentinel2_synthetic,simulated
ISRO-2004-0651,23.336079,91.435115,0.609,degraded_forest,sentinel2_synthetic,simulated
ISRO-1999-0652,26.18659,92.775594,0.641,dense_forest,sentinel2_synthetic,simulated
ISRO-2007-0653,25.268933,92.596423,0.187,grassland,sentinel2_synthetic,simulated
ISRO-2010-0654,24.971141,93.918817,0.145,bare_soil,sentinel2_synthetic,simulated
ISRO-2008-0655,26.452513,94.306241,0.896,dense_forest,sentinel2_synthetic,simulated
ISRO-2001-0656,25.996637,93.802971,0.449,degraded_forest,sentinel2_synthetic,simulated
ISRO-2000-0657,25.860935,90.289652,0.143,bare_soil,sentinel2_synthetic,simulated
ISRO-2013-0658,23.461453,91.563317,0.469,degraded_forest,sentinel2_synthetic,simulated
ISRO-2007-0659,27.074869,88.51394,0.223,agriculture,sentinel2_synthetic,simulated
ISRO-2018-0660,23.579855,92.640938,0.399,grassland,sentinel2_synthetic,simulated
ISRO-2021-0661,26.401332,94.243081,0.705,dense_forest,sentinel2_synthetic,simulated
ISRO-2005-0662,27.554225,88.316051,0.578,degraded_forest,sentinel2_synthetic,simulated
ISRO-2022-0663,25.970705,93.781146,0.784,dense_forest,sentinel2_synthetic,simulated
ISRO-1998-0664,26.466115,93.049348,0.724,dense_forest,sentinel2_synthetic,simulated
ISRO-2006-0665,23.569103,91.522514,0.243,scrubland,sentinel2_synthetic,simulated
ISRO-2000-0666,25.367092,92.281912,0.787,dense_forest,sentinel2_synthetic,simulated
ISRO-2008-0667,26.221903,94.83292,0.302,scrubland,sentinel2_synthetic,simulated
ISRO-2015-0668,25.482927,91.564714,0.867,dense_forest,sentinel2_synthetic,simulated
ISRO-2005-0669,27.284708,88.511705,0.235,agriculture,sentinel2_synthetic,simulated
ISRO-2014-0670,25.575472,91.202179,0.351,agriculture,sentinel2_synthetic,simulated
ISRO-2014-0671,24.288633,93.721093,0.743,dense_forest,sentinel2_synthetic,simulated
ISRO-2018-0672,28.007848,94.522669,0.343,scrubland,sentinel2_synthetic,simulated
ISRO-2004-0673,26.21079,93.7582,0.61,degraded_forest,sentinel2_synthetic,simulated
ISRO-2003-0674,26.239552,93.692999,0.642,dense_forest,sentinel2_synthetic,simulated
ISRO-2022-0675,27.281856,88.566867,0.475,degraded_forest,sentinel2_synthetic,simulated
ISRO-2015-0676,25.350602,90.942104,0.504,agriculture,sentinel2_synthetic,simulated
ISRO-2003-0677,26.659056,93.883824,0.896,dense_forest,sentinel2_synthetic,simulated
ISRO-1998-0678,25.629971,91.223877,0.654,dense_forest,sentinel2_synthetic,simulated
ISRO-2021-0679,27.272995,88.525324,0.276,grassland,sentinel2_synthetic,simulated
ISRO-2014-0680,27.263466,88.715836,0.508,degraded_forest,sentinel2_synthetic,simulated
ISRO-2001-0681,28.255938,94.859351,0.147,bare_soil,sentinel2_synthetic,simulated
ISRO-2011-0682,26.4728,93.752925,0.383,grassland,sentinel2_synthetic,simulated
ISRO-2002-0683,26.472974,92.645961,0.082,bare_soil,sentinel2_synthetic,simulated
ISRO-1999-0684,26.254885,94.048074,0.496,scrubland,sentinel2_synthetic,simulated
ISRO-2021-0685,23.253865,92.791447,0.466,degraded_forest,sentinel2_synthetic,simulated
ISRO-1998-0686,26.250157,93.925184,0.447,degraded_forest,sentinel2_synthetic,simulated
ISRO-2008-0687,23.022943,92.706306,0.452,degraded_forest,sentinel2_synthetic,simulated
ISRO-2022-0688,27.10313,88.061764,0.669,dense_forest,sentinel2_synthetic,simulated
ISRO-2019-0689,25.331259,91.234246,0.359,degraded_forest,sentinel2_synthetic,simulated
ISRO-2009-0690,27.213556,95.00508,0.561,degraded_forest,sentinel2_synthetic,simulated
ISRO-2009-0691,22.774779,92.764712,0.133,bare_soil,sentinel2_synthetic,simulated
ISRO-2021-0692,27.15528,92.921569,0.061,built_up,sentinel2_synthetic,simulated
ISRO-2005-0693,25.053339,94.034695,0.417,degraded_forest,sentinel2_synthetic,simulated
ISRO-2011-0694,27.995024,94.935788,0.448,degraded_forest,sentinel2_synthetic,simulated
ISRO-2006-0695,25.238049,91.481044,0.413,scrubland,sentinel2_synthetic,simulated
ISRO-2021-0696,25.431923,92.5006,0.228,agriculture,sentinel2_synthetic,simulated
ISRO-2002-0697,26.689619,93.824017,0.807,dense_forest,sentinel2_synthetic,simulated
ISRO-2022-0698,27.388369,95.375345,0.661,dense_forest,sentinel2_synthetic,simulated
ISRO-2015-0699,26.725294,94.03433,0.383,scrubland,sentinel2_synthetic,simulated
ISRO-2012-0700,25.854718,93.93492,0.619,dense_forest,sentinel2_synthetic,simulated
ISRO-2011-0701,23.283652,91.798642,0.476,scrubland,sentinel2_synthetic,simulated
ISRO-2008-0702,25.804522,90.073562,0.404,scrubland,sentinel2_synthetic,simulated
ISRO-2009-0703,27.167817,93.052796,0.252,scrubland,sentinel2_synthetic,simulated
ISRO-1998-0704,23.853848,91.417425,0.681,dense_forest,sentinel2_synthetic,simulated
ISRO-2008-0705,23.285565,91.406609,0.86,dense_forest,sentinel2_synthetic,simulated
ISRO-2007-0706,26.548486,92.941976,0.37,scrubland,sentinel2_synthetic,simulated
ISRO-2008-0707,23.341364,91.791691,0.393,grassland,sentinel2_synthetic,simulated
ISRO-2020-0708,26.349733,94.316631,0.393,scrubland,sentinel2_synthetic,simulated
ISRO-2003-0709,28.19802,94.578571,0.808,dense_forest,sentinel2_synthetic,simulated
ISRO-2007-0710,23.72457,92.507945,0.826,dense_forest,sentinel2_synthetic,simulated
ISRO-2019-0711,27.236507,88.436654,0.808,dense_forest,sentinel2_synthetic,simulated
ISRO-2017-0712,23.69602,91.62282,0.642,dense_forest,sentinel2_synthetic,simulated
ISRO-2001-0713,26.600341,92.977044,0.378,degraded_forest,sentinel2_synthetic,simulated
ISRO-2011-0714,23.657274,92.701931,0.202,agriculture,sentinel2_synthetic,simulated
ISRO-2022-0715,25.493024,91.202072,0.72,dense_forest,sentinel2_synthetic,simulated
ISRO-2017-0716,26.282177,93.78428,0.27,scrubland,sentinel2_synthetic,simulated
ISRO-2020-0717,24.399362,93.787755,0.613,dense_forest,sentinel2_synthetic,simulated
ISRO-2013-0718,27.284018,88.50703,0.408,degraded_forest,sentinel2_synthetic,simulated
ISRO-2015-0719,24.58382,94.24157,0.513,degraded_forest,sentinel2_synthetic,simulated
ISRO-2016-0720,26.226443,93.692954,0.694,dense_forest,sentinel2_synthetic,simulated
ISRO-2000-0721,23.905446,92.622323,0.045,bare_soil,sentinel2_synthetic,simulated
ISRO-2006-0722,23.023137,92.950659,0.367,grassland,sentinel2_synthetic,simulated
ISRO-2015-0723,23.724491,92.611964,0.472,agriculture,sentinel2_synthetic,simulated
ISRO-2004-0724,25.618783,91.189613,0.322,grassland,sentinel2_synthetic,simulated
ISRO-2001-0725,25.207092,91.535961,0.311,scrubland,sentinel2_synthetic,simulated
ISRO-2008-0726,27.252622,88.430138,0.382,scrubland,sentinel2_synthetic,simulated
ISRO-1999-0727,24.927476,94.40688,0.32,grassland,sentinel2_synthetic,simulated
ISRO-2005-0728,25.350954,92.625367,0.56,degraded_forest,sentinel2_synthetic,simulated
ISRO-2007-0729,24.829207,94.193362,0.485,agriculture,sentinel2_synthetic,simulated
ISRO-2006-0730,27.376682,88.624734,0.639,degraded_forest,sentinel2_synthetic,simulated
ISRO-2007-0731,26.016412,93.785368,0.269,scrubland,sentinel2_synthetic,simulated
ISRO-2000-0732,26.342669,94.747431,0.372,scrubland,sentinel2_synthetic,simulated
ISRO-2012-0733,27.306859,88.627225,0.633,degraded_forest,sentinel2_synthetic,simulated
ISRO-2014-0734,23.416059,91.763131,0.637,dense_forest,sentinel2_synthetic,simulated
ISRO-2000-0735,25.527484,90.132809,0.139,built_up,sentinel2_synthetic,simulated
ISRO-2005-0736,26.361749,94.342603,0.633,agriculture,sentinel2_synthetic,simulated
ISRO-2019-0737,26.292427,94.233238,-0.006,water,sentinel2_synthetic,simulated
ISRO-2000-0738,26.270389,93.914588,0.534,degraded_forest,sentinel2_synthetic,simulated
ISRO-2009-0739,27.490694,88.667715,0.607,degraded_forest,sentinel2_synthetic,simulated
ISRO-2011-0740,25.586284,90.18207,0.523,degraded_forest,sentinel2_synthetic,simulated
ISRO-2009-0741,25.254667,91.123429,0.729,dense_forest,sentinel2_synthetic,simulated
ISRO-2019-0742,22.672968,93.046229,0.357,degraded_forest,sentinel2_synthetic,simulated
ISRO-2003-0743,27.546886,91.877803,0.624,dense_forest,sentinel2_synthetic,simulated
ISRO-1998-0744,27.082096,88.078529,0.57,degraded_forest,sentinel2_synthetic,simulated
ISRO-2009-0745,25.27279,90.965113,0.763,dense_forest,sentinel2_synthetic,simulated
ISRO-1998-0746,27.327798,88.39878,0.547,degraded_forest,sentinel2_synthetic,simulated
ISRO-2013-0747,24.949608,94.342778,0.431,grassland,sentinel2_synthetic,simulated
ISRO-2016-0748,23.622476,92.330136,0.202,scrubland,sentinel2_synthetic,simulated
ISRO-2014-0749,22.833096,92.571362,0.218,grassland,sentinel2_synthetic,simulated
ISRO-2022-0750,23.903973,92.53598,0.356,scrubland,sentinel2_synthetic,simulated
ISRO-2009-0751,25.309429,91.034587,0.836,dense_forest,sentinel2_synthetic,simulated
ISRO-2017-0752,24.97862,94.530034,0.788,dense_forest,sentinel2_synthetic,simulated
ISRO-2001-0753,23.661646,91.721925,0.098,bare_soil,sentinel2_synthetic,simulated
ISRO-2018-0754,27.185543,92.825843,0.307,grassland,sentinel2_synthetic,simulated
ISRO-2001-0755,25.260317,92.947045,0.492,scrubland,sentinel2_synthetic,simulated
ISRO-2009-0756,24.2528,94.039627,0.748,dense_forest,sentinel2_synthetic,simulated
ISRO-2004-0757,25.401066,91.365924,0.829,dense_forest,sentinel2_synthetic,simulated
ISRO-2001-0758,23.835241,91.454092,0.466,scrubland,sentinel2_synthetic,simulated
ISRO-2006-0759,27.485013,88.59336,0.399,degraded_forest,sentinel2_synthetic,simulated
ISRO-1998-0760,24.841494,94.255437,0.709,dense_forest,sentinel2_synthetic,simulated
ISRO-2002-0761,27.86653,94.736352,0.648,dense_forest,sentinel2_synthetic,simulated
ISRO-2006-0762,27.61462,88.183177,0.239,grassland,sentinel2_synthetic,simulated
ISRO-1999-0763,25.018769,94.169173,0.58,degraded_forest,sentinel2_synthetic,simulated
ISRO-2008-0764,26.433372,94.739887,0.55,agriculture,sentinel2_synthetic,simulated
ISRO-2004-0765,25.526025,92.055793,0.045,bare_soil,sentinel2_synthetic,simulated
ISRO-1999-0766,26.432192,94.293449,0.874,dense_forest,sentinel2_synthetic,simulated
ISRO-2011-0767,23.608323,91.193748,-0.003,water,sentinel2_synthetic,simulated
ISRO-2021-0768,25.94526,93.74159,0.031,bare_soil,sentinel2_synthetic,simulated
ISRO-2013-0769,25.575081,92.83665,0.387,scrubland,sentinel2_synthetic,simulated
ISRO-2006-0770,26.391516,94.161259,0.314,scrubland,sentinel2_synthetic,simulated
ISRO-2015-0771,27.030923,92.920551,0.751,dense_forest,sentinel2_synthetic,simulated
ISRO-2006-0772,23.599274,91.84049,0.632,dense_forest,sentinel2_synthetic,simulated
ISRO-2015-0773,25.429592,90.935751,0.081,built_up,sentinel2_synthetic,simulated
ISRO-2002-0774,23.814017,92.609729,0.474,scrubland,sentinel2_synthetic,simulated
ISRO-2002-0775,27.492985,88.172073,0.728,dense_forest,sentinel2_synthetic,simulated
ISRO-2010-0776,28.099162,94.729397,0.6,degraded_forest,sentinel2_synthetic,simulated
ISRO-1998-0777,23.973025,91.066164,0.549,degraded_forest,sentinel2_synthetic,simulated
ISRO-2011-0778,23.797809,92.347747,0.462,degraded_forest,sentinel2_synthetic,simulated
ISRO-2010-0779,25.506716,90.292771,0.865,dense_forest,sentinel2_synthetic,simulated
ISRO-2018-0780,23.362826,91.526041,0.394,degraded_forest,sentinel2_synthetic,simulated
ISRO-2014-0781,23.338634,91.368603,0.224,scrubland,sentinel2_synthetic,simulated
ISRO-2013-0782,24.739319,94.56662,0.87,dense_forest,sentinel2_synthetic,simulated
ISRO-2014-0783,23.30537,91.591096,0.375,scrubland,sentinel2_synthetic,simulated
ISRO-2009-0784,26.369182,94.287315,0.461,degraded_forest,sentinel2_synthetic,simulated
ISRO-2012-0785,22.662908,92.567695,0.461,scrubland,sentinel2_synthetic,simulated
ISRO-2017-0786,24.384211,93.844773,0.459,degraded_forest,sentinel2_synthetic,simulated
ISRO-2006-0787,25.69539,92.809844,0.862,dense_forest,sentinel2_synthetic,simulated
ISRO-2018-0788,25.472187,91.28943,0.235,scrubland,sentinel2_synthetic,simulated
ISRO-2016-0789,25.194434,91.496549,0.103,bare_soil,sentinel2_synthetic,simulated
ISRO-2021-0790,27.926347,94.79593,0.801,dense_forest,sentinel2_synthetic,simulated
ISRO-2003-0791,23.439253,91.78262,0.354,agriculture,sentinel2_synthetic,simulated
ISRO-2008-0792,25.374912,92.668422,0.757,dense_forest,sentinel2_synthetic,simulated
ISRO-2008-0793,25.418474,92.52546,0.417,scrubland,sentinel2_synthetic,simulated
ISRO-2005-0794,24.568962,94.127352,0.614,dense_forest,sentinel2_synthetic,simulated
ISRO-2017-0795,27.266595,95.086803,0.67,dense_forest,sentinel2_synthetic,simulated
ISRO-2006-0796,25.769703,90.310026,0.75,dense_forest,sentinel2_synthetic,simulated
ISRO-2011-0797,24.901028,94.590583,0.718,dense_forest,sentinel2_synthetic,simulated
ISRO-2005-0798,24.987863,94.295695,0.768,dense_forest,sentinel2_synthetic,simulated
ISRO-2002-0799,23.588704,92.58786,0.252,grassland,sentinel2_synthetic,simulated
ISRO-2005-0800,23.316675,91.650561,0.329,scrubland,sentinel2_synthetic,simulated
ISRO-2002-0801,27.353841,88.151206,0.252,scrubland,sentinel2_synthetic,simulated
ISRO-2014-0802,24.855917,93.859003,0.603,agriculture,sentinel2_synthetic,simulated
ISRO-2009-0803,27.151446,95.389015,0.613,agriculture,sentinel2_synthetic,simulated
ISRO-2000-0804,25.261259,92.507226,0.634,agriculture,sentinel2_synthetic,simulated
ISRO-2000-0805,25.60833,91.449573,0.727,dense_forest,sentinel2_synthetic,simulated
ISRO-2010-0806,26.705443,94.16899,0.738,dense_forest,sentinel2_synthetic,simulated
ISRO-2015-0807,27.730314,91.697657,0.387,agriculture,sentinel2_synthetic,simulated
ISRO-2009-0808,26.6119,94.005219,0.606,dense_forest,sentinel2_synthetic,simulated
ISRO-2011-0809,28.277656,94.574761,0.585,degraded_forest,sentinel2_synthetic,simulated
ISRO-2022-0810,26.534219,93.807514,0.665,dense_forest,sentinel2_synthetic,simulated
ISRO-2016-0811,26.182624,94.68425,0.037,built_up,sentinel2_synthetic,simulated
ISRO-1998-0812,25.245553,93.980503,0.842,dense_forest,sentinel2_synthetic,simulated
ISRO-2009-0813,23.686019,92.437045,0.826,dense_forest,sentinel2_synthetic,simulated
ISRO-2017-0814,26.970367,88.521395,0.22,grassland,sentinel2_synthetic,simulated
ISRO-2002-0815,26.426053,94.524752,0.779,dense_forest,sentinel2_synthetic,simulated
ISRO-2022-0816,28.074335,94.472229,0.126,bare_soil,sentinel2_synthetic,simulated
ISRO-2010-0817,27.391803,91.687034,0.67,dense_forest,sentinel2_synthetic,simulated
ISRO-2001-0818,25.343533,92.102828,0.441,degraded_forest,sentinel2_synthetic,simulated
ISRO-2004-0819,23.872893,92.267765,0.678,agriculture,sentinel2_synthetic,simulated
ISRO-2018-0820,27.089272,95.029964,0.625,degraded_forest,sentinel2_synthetic,simulated
ISRO-2009-0821,26.926367,92.809063,0.779,dense_forest,sentinel2_synthetic,simulated
ISRO-2013-0822,23.099171,92.899656,0.353,scrubland,sentinel2_synthetic,simulated
ISRO-2009-0823,26.628807,94.434456,0.877,dense_forest,sentinel2_synthetic,simulated
ISRO-2009-0824,25.278652,91.151747,0.103,bare_soil,sentinel2_synthetic,simulated
ISRO-2008-0825,24.651675,94.149759,0.677,dense_forest,sentinel2_synthetic,simulated
ISRO-1998-0826,25.507198,90.185848,0.767,dense_forest,sentinel2_synthetic,simulated
ISRO-2000-0827,25.455053,90.407603,0.052,built_up,sentinel2_synthetic,simulated
ISRO-2008-0828,26.275825,93.772443,0.327,agriculture,sentinel2_synthetic,simulated
ISRO-1998-0829,23.104896,92.870907,0.647,agriculture,sentinel2_synthetic,simulated
ISRO-2020-0830,22.939707,92.946233,0.807,dense_forest,sentinel2_synthetic,simulated
ISRO-1998-0831,23.059127,92.653047,0.439,agriculture,sentinel2_synthetic,simulated
ISRO-2020-0832,23.705691,91.380329,0.467,degraded_forest,sentinel2_synthetic,simulated
ISRO-2012-0833,27.229396,93.144022,0.672,dense_forest,sentinel2_synthetic,simulated
ISRO-2004-0834,23.907815,91.45311,0.441,degraded_forest,sentinel2_synthetic,simulated
ISRO-2010-0835,22.867543,92.891526,0.81,dense_forest,sentinel2_synthetic,simulated
ISRO-2014-0836,23.593856,92.746893,0.238,scrubland,sentinel2_synthetic,simulated
ISRO-2011-0837,24.787744,94.375534,0.253,scrubland,sentinel2_synthetic,simulated
ISRO-2006-0838,26.01158,94.610895,0.051,bare_soil,sentinel2_synthetic,simulated
ISRO-2009-0839,25.397079,91.233399,0.541,agriculture,sentinel2_synthetic,simulated
ISRO-2005-0840,27.565167,88.463387,0.792,dense_forest,sentinel2_synthetic,simulated
ISRO-2007-0841,27.239515,88.559197,0.554,degraded_forest,sentinel2_synthetic,simulated
ISRO-2016-0842,27.038973,93.153084,0.282,agriculture,sentinel2_synthetic,simulated
ISRO-1998-0843,27.048419,93.146256,0.781,dense_forest,sentinel2_synthetic,simulated
ISRO-2000-0844,23.599205,91.355445,0.689,agriculture,sentinel2_synthetic,simulated
ISRO-2017-0845,27.804989,91.769168,0.5,scrubland,sentinel2_synthetic,simulated
ISRO-1999-0846,23.545541,91.804935,0.024,bare_soil,sentinel2_synthetic,simulated
ISRO-2018-0847,25.245955,92.024253,0.415,scrubland,sentinel2_synthetic,simulated
ISRO-2007-0848,27.32397,88.527456,0.338,scrubland,sentinel2_synthetic,simulated
ISRO-2014-0849,23.402486,92.676513,0.293,agriculture,sentinel2_synthetic,simulated
ISRO-2015-0850,28.140902,94.765901,0.833,dense_forest,sentinel2_synthetic,simulated
ISRO-2008-0851,25.381997,92.096536,0.31,grassland,sentinel2_synthetic,simulated
ISRO-2008-0852,23.844036,92.333968,0.198,grassland,sentinel2_synthetic,simulated
ISRO-2013-0853,26.145046,94.511753,0.643,dense_forest,sentinel2_synthetic,simulated
ISRO-2012-0854,26.529164,93.757488,0.411,scrubland,sentinel2_synthetic,simulated
ISRO-2004-0855,27.236879,92.95036,0.436,grassland,sentinel2_synthetic,simulated
ISRO-2015-0856,26.445299,94.611414,0.432,degraded_forest,sentinel2_synthetic,simulated
ISRO-2003-0857,23.626751,92.947799,0.631,dense_forest,sentinel2_synthetic,simulated
ISRO-2003-0858,26.214039,94.557511,0.773,dense_forest,sentinel2_synthetic,simulated
ISRO-2011-0859,25.227256,92.108804,0.442,degraded_forest,sentinel2_synthetic,simulated
ISRO-2008-0860,25.325071,91.263218,0.617,agriculture,sentinel2_synthetic,simulated
ISRO-1999-0861,23.576089,91.548887,0.621,dense_forest,sentinel2_synthetic,simulated
ISRO-2013-0862,26.364096,94.761172,0.803,dense_forest,sentinel2_synthetic,simulated
ISRO-2021-0863,27.056924,88.650929,0.605,agriculture,sentinel2_synthetic,simulated
ISRO-2009-0864,28.258551,94.822678,0.822,dense_forest,sentinel2_synthetic,simulated
ISRO-2014-0865,25.819937,90.424866,0.414,degraded_forest,sentinel2_synthetic,simulated
ISRO-2016-0866,23.545501,92.660062,0.674,dense_forest,sentinel2_synthetic,simulated
ISRO-2005-0867,27.53738,95.070739,0.649,dense_forest,sentinel2_synthetic,simulated
ISRO-2020-0868,27.631735,91.583924,0.829,dense_forest,sentinel2_synthetic,simulated
ISRO-2007-0869,23.936948,91.411767,0.43,grassland,sentinel2_synthetic,simulated
ISRO-2000-0870,24.865979,94.508463,0.262,agriculture,sentinel2_synthetic,simulated
ISRO-2006-0871,25.937853,93.938195,0.257,scrubland,sentinel2_synthetic,simulated
ISRO-2012-0872,25.533679,91.136806,0.705,dense_forest,sentinel2_synthetic,simulated
ISRO-2018-0873,26.048379,94.643018,0.431,degraded_forest,sentinel2_synthetic,simulated
ISRO-2005-0874,23.564599,91.648873,0.325,scrubland,sentinel2_synthetic,simulated
ISRO-2020-0875,26.509316,94.148446,0.205,agriculture,sentinel2_synthetic,simulated
ISRO-2016-0876,24.700787,93.949332,0.722,dense_forest,sentinel2_synthetic,simulated
ISRO-1998-0877,25.514146,92.486806,0.287,grassland,sentinel2_synthetic,simulated
ISRO-2007-0878,25.263642,90.763468,0.809,dense_forest,sentinel2_synthetic,simulated
ISRO-2000-0879,23.411088,92.749851,0.445,scrubland,sentinel2_synthetic,simulated
ISRO-2003-0880,25.311943,92.533051,0.589,agriculture,sentinel2_synthetic,simulated
ISRO-2014-0881,27.148698,94.992648,0.271,grassland,sentinel2_synthetic,simulated
ISRO-2010-0882,24.395844,94.139831,0.851,dense_forest,sentinel2_synthetic,simulated
ISRO-2019-0883,25.220181,91.442011,0.4,scrubland,sentinel2_synthetic,simulated
ISRO-2007-0884,24.955105,94.509843,0.602,degraded_forest,sentinel2_synthetic,simulated
ISRO-2005-0885,23.414915,92.848329,0.024,built_up,sentinel2_synthetic,simulated
ISRO-2018-0886,26.669447,94.147459,0.205,grassland,sentinel2_synthetic,simulated
ISRO-2002-0887,26.914061,92.989922,0.114,bare_soil,sentinel2_synthetic,simulated
ISRO-2009-0888,22.817718,92.667464,0.135,bare_soil,sentinel2_synthetic,simulated
ISRO-2004-0889,26.072385,94.770709,0.37,degraded_forest,sentinel2_synthetic,simulated
ISRO-2014-0890,26.215674,94.653267,0.436,scrubland,sentinel2_synthetic,simulated
ISRO-2007-0891,26.253391,94.227764,0.638,degraded_forest,sentinel2_synthetic,simulated
ISRO-2019-0892,27.202298,88.57527,0.43,degraded_forest,sentinel2_synthetic,simulated
ISRO-2001-0893,25.566366,90.405688,0.581,degraded_forest,sentinel2_synthetic,simulated
ISRO-2019-0894,26.411986,94.619647,0.224,scrubland,sentinel2_synthetic,simulated
ISRO-2022-0895,27.639276,91.954359,0.885,dense_forest,sentinel2_synthetic,simulated
ISRO-2012-0896,23.474648,91.635361,0.501,degraded_forest,sentinel2_synthetic,simulated
ISRO-2011-0897,25.060902,92.101875,0.695,agriculture,sentinel2_synthetic,simulated
ISRO-2000-0898,25.03653,94.611167,0.298,scrubland,sentinel2_synthetic,simulated
ISRO-1999-0899,26.451398,94.080294,0.45,scrubland,sentinel2_synthetic,simulated
ISRO-2011-0900,23.696354,92.647987,0.805,dense_forest,sentinel2_synthetic,simulated
ISRO-2007-0901,27.221954,94.95282,0.376,degraded_forest,sentinel2_synthetic,simulated
ISRO-2002-0902,27.26168,88.307131,0.577,agriculture,sentinel2_synthetic,simulated
ISRO-2015-0903,27.307795,88.187582,0.474,agriculture,sentinel2_synthetic,simulated
ISRO-2014-0904,25.302539,90.763445,0.498,degraded_forest,sentinel2_synthetic,simulated
ISRO-2002-0905,26.436926,94.052924,0.669,dense_forest,sentinel2_synthetic,simulated
ISRO-2012-0906,23.694946,91.401794,0.623,dense_forest,sentinel2_synthetic,simulated
ISRO-2017-0907,27.550476,88.417406,0.279,scrubland,sentinel2_synthetic,simulated
ISRO-2009-0908,25.604021,91.505868,0.44,agriculture,sentinel2_synthetic,simulated
ISRO-2012-0909,26.277295,93.910189,0.487,agriculture,sentinel2_synthetic,simulated
ISRO-1998-0910,25.269714,91.504931,0.588,degraded_forest,sentinel2_synthetic,simulated
ISRO-2015-0911,26.192935,92.629125,0.369,grassland,sentinel2_synthetic,simulated
ISRO-2012-0912,25.243615,91.334192,0.271,grassland,sentinel2_synthetic,simulated
ISRO-2015-0913,22.689617,93.003925,0.449,grassland,sentinel2_synthetic,simulated
ISRO-2011-0914,25.376224,91.186296,0.382,agriculture,sentinel2_synthetic,simulated
ISRO-2008-0915,27.059005,92.905694,0.437,agriculture,sentinel2_synthetic,simulated
ISRO-1999-0916,26.268426,94.146441,0.46,degraded_forest,sentinel2_synthetic,simulated
ISRO-2004-0917,26.963177,92.855772,0.611,degraded_forest,sentinel2_synthetic,simulated
ISRO-2014-0918,26.494126,94.016071,0.732,dense_forest,sentinel2_synthetic,simulated
ISRO-2005-0919,24.818414,94.319907,0.226,grassland,sentinel2_synthetic,simulated
ISRO-2021-0920,25.737702,90.29448,0.304,agriculture,sentinel2_synthetic,simulated
ISRO-2009-0921,25.835046,90.498555,0.491,degraded_forest,sentinel2_synthetic,simulated
ISRO-2020-0922,25.212724,93.999108,0.627,dense_forest,sentinel2_synthetic,simulated
ISRO-1999-0923,28.32861,94.662901,0.142,bare_soil,sentinel2_synthetic,simulated
ISRO-2000-0924,25.644826,91.024705,0.347,grassland,sentinel2_synthetic,simulated
ISRO-2003-0925,27.119159,93.177717,0.674,dense_forest,sentinel2_synthetic,simulated
ISRO-2011-0926,23.677386,91.210653,0.44,scrubland,sentinel2_synthetic,simulated
ISRO-2012-0927,27.055736,88.432494,-0.076,water,sentinel2_synthetic,simulated
ISRO-2003-0928,25.188817,94.080741,0.093,bare_soil,sentinel2_synthetic,simulated
ISRO-2016-0929,26.843363,93.246326,0.631,degraded_forest,sentinel2_synthetic,simulated
ISRO-2015-0930,26.317103,93.754832,0.64,dense_forest,sentinel2_synthetic,simulated
ISRO-2020-0931,24.659471,94.006972,0.379,degraded_forest,sentinel2_synthetic,simulated
ISRO-2009-0932,23.394575,92.569964,0.633,agriculture,sentinel2_synthetic,simulated
ISRO-2016-0933,25.653501,90.806754,0.331,scrubland,sentinel2_synthetic,simulated
ISRO-2021-0934,25.451741,90.156396,0.51,degraded_forest,sentinel2_synthetic,simulated
ISRO-2006-0935,24.780428,94.343653,0.795,dense_forest,sentinel2_synthetic,simulated
ISRO-2010-0936,25.708193,91.025064,0.337,scrubland,sentinel2_synthetic,simulated
ISRO-2002-0937,25.060826,92.323531,0.618,agriculture,sentinel2_synthetic,simulated
ISRO-2006-0938,23.801139,91.38088,0.417,scrubland,sentinel2_synthetic,simulated
ISRO-2011-0939,23.617783,91.832227,0.799,dense_forest,sentinel2_synthetic,simulated
ISRO-1999-0940,25.499148,91.508168,0.561,degraded_forest,sentinel2_synthetic,simulated
ISRO-1999-0941,27.125899,88.281053,0.208,scrubland,sentinel2_synthetic,simulated
ISRO-2007-0942,26.036182,94.305454,0.628,dense_forest,sentinel2_synthetic,simulated
ISRO-2010-0943,23.561322,92.514633,0.693,dense_forest,sentinel2_synthetic,simulated
ISRO-2011-0944,25.202673,92.115974,0.752,dense_forest,sentinel2_synthetic,simulated
ISRO-2005-0945,23.560581,92.591538,0.66,dense_forest,sentinel2_synthetic,simulated
ISRO-2020-0946,27.396577,88.210156,0.647,agriculture,sentinel2_synthetic,simulated
ISRO-2020-0947,27.238335,93.075065,0.641,dense_forest,sentinel2_synthetic,simulated
ISRO-2020-0948,25.264026,90.759066,0.447,scrubland,sentinel2_synthetic,simulated
ISRO-2011-0949,24.438696,93.72286,0.777,dense_forest,sentinel2_synthetic,simulated
ISRO-2018-0950,27.355593,88.358099,0.056,built_up,sentinel2_synthetic,simulated
ISRO-2022-0951,27.842262,91.80631,0.235,grassland,sentinel2_synthetic,simulated
ISRO-2006-0952,24.698281,94.034176,0.269,grassland,sentinel2_synthetic,simulated
ISRO-2005-0953,25.492416,91.513104,0.235,agriculture,sentinel2_synthetic,simulated
ISRO-2008-0954,23.277613,91.823849,0.206,scrubland,sentinel2_synthetic,simulated
ISRO-2020-0955,23.838487,91.108164,0.377,agriculture,sentinel2_synthetic,simulated
ISRO-1998-0956,27.50749,95.113578,0.666,dense_forest,sentinel2_synthetic,simulated
ISRO-2005-0957,23.600128,91.759891,0.845,dense_forest,sentinel2_synthetic,simulated
ISRO-2017-0958,26.638202,94.021194,0.85,dense_forest,sentinel2_synthetic,simulated
ISRO-2001-0959,25.275437,92.235804,0.728,dense_forest,sentinel2_synthetic,simulated
ISRO-2021-0960,26.250785,94.683996,0.557,agriculture,sentinel2_synthetic,simulated
ISRO-2022-0961,24.8849,94.375843,0.806,dense_forest,sentinel2_synthetic,simulated
ISRO-2007-0962,23.634312,92.265859,0.474,agriculture,sentinel2_synthetic,simulated
ISRO-2005-0963,25.565126,91.205693,0.795,dense_forest,sentinel2_synthetic,simulated
ISRO-2008-0964,27.604737,91.640476,0.671,dense_forest,sentinel2_synthetic,simulated
ISRO-2008-0965,26.067886,94.386844,-0.056,water,sentinel2_synthetic,simulated
ISRO-2002-0966,25.181742,93.878391,0.275,scrubland,sentinel2_synthetic,simulated
ISRO-2013-0967,23.626018,91.377468,0.824,dense_forest,sentinel2_synthetic,simulated
ISRO-2016-0968,25.670178,90.095934,0.679,dense_forest,sentinel2_synthetic,simulated
ISRO-2017-0969,26.541391,94.220725,0.256,scrubland,sentinel2_synthetic,simulated
ISRO-2020-0970,26.674366,94.162243,0.25,scrubland,sentinel2_synthetic,simulated
ISRO-2006-0971,27.521034,88.477355,0.515,degraded_forest,sentinel2_synthetic,simulated
ISRO-2022-0972,25.595709,92.476107,0.43,grassland,sentinel2_synthetic,simulated
ISRO-2003-0973,25.18682,93.950778,0.86,dense_forest,sentinel2_synthetic,simulated
ISRO-2007-0974,25.732567,92.796569,0.897,dense_forest,sentinel2_synthetic,simulated
ISRO-2002-0975,27.456215,88.46742,0.03,water,sentinel2_synthetic,simulated
ISRO-2002-0976,23.652086,91.527082,0.685,dense_forest,sentinel2_synthetic,simulated
ISRO-2021-0977,25.865305,93.716472,0.365,scrubland,sentinel2_synthetic,simulated
ISRO-2011-0978,27.679664,92.036404,0.451,degraded_forest,sentinel2_synthetic,simulated
ISRO-2022-0979,25.553426,90.445138,0.644,dense_forest,sentinel2_synthetic,simulated
ISRO-2000-0980,24.896589,94.45181,0.261,agriculture,sentinel2_synthetic,simulated
ISRO-2019-0981,23.684414,91.084932,0.305,agriculture,sentinel2_synthetic,simulated
ISRO-2003-0982,25.101593,94.1235,0.397,scrubland,sentinel2_synthetic,simulated
ISRO-2002-0983,25.271114,91.570794,0.371,scrubland,sentinel2_synthetic,simulated
ISRO-2016-0984,27.28205,94.958647,0.815,dense_forest,sentinel2_synthetic,simulated
ISRO-2004-0985,23.291751,91.620973,0.454,scrubland,sentinel2_synthetic,simulated
ISRO-2004-0986,26.764705,92.914706,0.656,dense_forest,sentinel2_synthetic,simulated
ISRO-2015-0987,25.579549,92.717747,0.599,agriculture,sentinel2_synthetic,simulated
ISRO-2012-0988,25.087021,92.329212,0.812,dense_forest,sentinel2_synthetic,simulated
ISRO-2021-0989,25.343796,91.059405,0.621,dense_forest,sentinel2_synthetic,simulated
ISRO-2008-0990,26.386687,94.70024,0.457,scrubland,sentinel2_synthetic,simulated
ISRO-2014-0991,25.647138,90.456834,0.163,grassland,sentinel2_synthetic,simulated
ISRO-1998-0992,26.596426,94.098027,0.762,dense_forest,sentinel2_synthetic,simulated
ISRO-2003-0993,26.864423,92.85741,0.066,built_up,sentinel2_synthetic,simulated
ISRO-2012-0994,25.375453,91.216357,0.834,dense_forest,sentinel2_synthetic,simulated
ISRO-2020-0995,25.87927,94.06884,0.157,grassland,sentinel2_synthetic,simulated
ISRO-2001-0996,26.079719,94.595554,0.834,dense_forest,sentinel2_synthetic,simulated
ISRO-2000-0997,27.071415,88.668495,0.131,built_up,sentinel2_synthetic,simulated
ISRO-2018-0998,27.529176,88.801548,0.726,dense_forest,sentinel2_synthetic,simulated
ISRO-2017-0999,23.250994,92.922477,0.764,dense_forest,sentinel2_synthetic,simulated
ISRO-2000-1000,25.681982,92.477752,0.276,agriculture,sentinel2_synthetic,simulated
ISRO-2011-1001,23.698865,91.489029,0.62,degraded_forest,sentinel2_synthetic,simulated
ISRO-2019-1002,24.543952,94.132964,0.623,degraded_forest,sentinel2_synthetic,simulated
ISRO-2017-1003,25.604936,90.915511,0.455,scrubland,sentinel2_synthetic,simulated
ISRO-2004-1004,24.993554,94.043508,0.048,built_up,sentinel2_synthetic,simulated
ISRO-2012-1005,26.909664,92.750546,0.661,agriculture,sentinel2_synthetic,simulated
ISRO-2002-1006,25.655311,90.470133,0.394,degraded_forest,sentinel2_synthetic,simulated
ISRO-2011-1007,26.196092,93.846613,0.552,degraded_forest,sentinel2_synthetic,simulated
ISRO-2012-1008,27.502314,91.904814,0.606,degraded_forest,sentinel2_synthetic,simulated
ISRO-2021-1009,24.828298,93.913749,0.314,scrubland,sentinel2_synthetic,simulated
ISRO-2003-1010,23.474563,91.842347,0.111,bare_soil,sentinel2_synthetic,simulated
ISRO-2003-1011,23.457632,92.488454,0.473,degraded_forest,sentinel2_synthetic,simulated
ISRO-2009-1012,25.501021,90.21957,0.718,dense_forest,sentinel2_synthetic,simulated
ISRO-1999-1013,25.014498,94.07606,0.561,degraded_forest,sentinel2_synthetic,simulated
ISRO-2015-1014,26.263064,94.07998,0.641,dense_forest,sentinel2_synthetic,simulated
ISRO-2021-1015,27.313878,88.113433,0.297,scrubland,sentinel2_synthetic,simulated
ISRO-2007-1016,24.839372,94.50525,0.656,dense_forest,sentinel2_synthetic,simulated
ISRO-2013-1017,26.47006,94.274871,0.792,dense_forest,sentinel2_synthetic,simulated
ISRO-2011-1018,25.872095,94.034896,0.577,degraded_forest,sentinel2_synthetic,simulated
ISRO-2013-1019,26.541783,93.877856,0.389,grassland,sentinel2_synthetic,simulated
ISRO-2012-1020,23.892825,92.561957,0.441,degraded_forest,sentinel2_synthetic,simulated
ISRO-2007-1021,23.726498,92.366256,0.515,degraded_forest,sentinel2_synthetic,simulated
ISRO-2003-1022,27.14643,88.532339,0.37,degraded_forest,sentinel2_synthetic,simulated
ISRO-2013-1023,23.735834,92.51975,0.442,scrubland,sentinel2_synthetic,simulated
ISRO-2007-1024,25.714302,90.936947,0.092,bare_soil,sentinel2_synthetic,simulated
ISRO-2000-1025,28.312296,94.901961,0.447,degraded_forest,sentinel2_synthetic,simulated
ISRO-1998-1026,25.640452,91.279573,0.426,grassland,sentinel2_synthetic,simulated
ISRO-2013-1027,27.530468,88.564317,0.134,bare_soil,sentinel2_synthetic,simulated
ISRO-2019-1028,26.236991,94.457207,0.46,scrubland,sentinel2_synthetic,simulated
ISRO-2004-1029,26.318777,94.299048,0.619,dense_forest,sentinel2_synthetic,simulated
ISRO-2021-1030,23.453929,92.896868,0.14,built_up,sentinel2_synthetic,simulated
ISRO-1999-1031,27.428986,88.547299,0.395,agriculture,sentinel2_synthetic,simulated
ISRO-2007-1032,25.076151,92.047329,0.815,dense_forest,sentinel2_synthetic,simulated
ISRO-2017-1033,25.37475,91.129744,0.261,scrubland,sentinel2_synthetic,simulated
ISRO-2014-1034,24.032271,91.517056,0.477,degraded_forest,sentinel2_synthetic,simulated
ISRO-2022-1035,25.513069,91.283454,0.571,degraded_forest,sentinel2_synthetic,simulated
ISRO-2009-1036,25.546604,90.946672,0.804,dense_forest,sentinel2_synthetic,simulated
ISRO-2006-1037,27.974896,94.821431,0.795,dense_forest,sentinel2_synthetic,simulated
ISRO-2014-1038,27.388858,88.151204,0.499,scrubland,sentinel2_synthetic,simulated
ISRO-2016-1039,26.309717,94.095876,0.477,degraded_forest,sentinel2_synthetic,simulated
ISRO-1998-1040,25.304152,91.252361,0.452,scrubland,sentinel2_synthetic,simulated
ISRO-1998-1041,23.522082,91.381684,0.521,degraded_forest,sentinel2_synthetic,simulated
ISRO-2018-1042,23.687826,92.345886,0.89,dense_forest,sentinel2_synthetic,simulated
ISRO-2018-1043,25.904762,93.850134,-0.042,water,sentinel2_synthetic,simulated
ISRO-2018-1044,25.705329,90.363497,0.491,degraded_forest,sentinel2_synthetic,simulated
ISRO-2018-1045,26.049806,94.512729,0.469,scrubland,sentinel2_synthetic,simulated
ISRO-2002-1046,26.500504,94.692308,0.359,scrubland,sentinel2_synthetic,simulated
ISRO-2006-1047,25.508525,90.260967,0.549,degraded_forest,sentinel2_synthetic,simulated
ISRO-2016-1048,26.668202,94.15457,0.792,dense_forest,sentinel2_synthetic,simulated
ISRO-2002-1049,23.342926,92.936677,0.333,scrubland,sentinel2_synthetic,simulated
ISRO-2009-1050,24.900701,94.180431,0.684,dense_forest,sentinel2_synthetic,simulated
ISRO-2010-1051,24.834727,94.14413,0.379,degraded_forest,sentinel2_synthetic,simulated
ISRO-2020-1052,27.590508,88.492876,0.508,agriculture,sentinel2_synthetic,simulated
ISRO-2021-1053,23.878411,92.416957,0.849,dense_forest,sentinel2_synthetic,simulated
ISRO-2006-1054,27.025736,93.145019,0.226,scrubland,sentinel2_synthetic,simulated
ISRO-2020-1055,25.072641,94.231536,0.505,agriculture,sentinel2_synthetic,simulated
ISRO-2017-1056,26.103896,94.410747,0.09,bare_soil,sentinel2_synthetic,simulated
ISRO-2000-1057,26.246127,94.120951,0.568,degraded_forest,sentinel2_synthetic,simulated
ISRO-2021-1058,25.596311,91.477863,0.695,dense_forest,sentinel2_synthetic,simulated
ISRO-2014-1059,26.501838,94.144861,0.858,dense_forest,sentinel2_synthetic,simulated
ISRO-2008-1060,27.06278,88.49151,0.305,scrubland,sentinel2_synthetic,simulated
ISRO-1998-1061,27.137125,95.363477,0.618,dense_forest,sentinel2_synthetic,simulated
ISRO-2017-1062,26.204383,93.753513,0.037,bare_soil,sentinel2_synthetic,simulated
ISRO-2001-1063,27.807164,91.828331,0.442,degraded_forest,sentinel2_synthetic,simulated
ISRO-2015-1064,24.389683,93.934657,0.452,degraded_forest,sentinel2_synthetic,simulated
ISRO-2010-1065,26.530012,94.647014,0.784,dense_forest,sentinel2_synthetic,simulated
ISRO-2013-1066,25.232842,92.333818,0.114,built_up,sentinel2_synthetic,simulated
ISRO-2016-1067,23.682358,91.371027,0.718,dense_forest,sentinel2_synthetic,simulated
ISRO-2000-1068,27.52446,88.406094,0.644,dense_forest,sentinel2_synthetic,simulated
ISRO-2006-1069,27.302152,88.722968,0.605,dense_forest,sentinel2_synthetic,simulated
ISRO-2017-1070,25.605096,92.845887,0.128,bare_soil,sentinel2_synthetic,simulated
ISRO-2005-1071,27.071916,88.483548,0.732,dense_forest,sentinel2_synthetic,simulated
ISRO-2015-1072,27.447019,88.663952,0.601,dense_forest,sentinel2_synthetic,simulated
ISRO-1998-1073,23.580007,92.560865,0.819,dense_forest,sentinel2_synthetic,simulated
ISRO-2019-1074,25.430963,90.820079,0.434,agriculture,sentinel2_synthetic,simulated
ISRO-2019-1075,24.478254,93.688494,0.829,dense_forest,sentinel2_synthetic,simulated
ISRO-2011-1076,27.275297,88.299479,0.755,dense_forest,sentinel2_synthetic,simulated
ISRO-2004-1077,22.731185,92.627257,0.413,scrubland,sentinel2_synthetic,simulated
ISRO-2012-1078,26.593,93.839019,0.572,degraded_forest,sentinel2_synthetic,simulated
ISRO-2006-1079,23.474644,92.401169,0.319,grassland,sentinel2_synthetic,simulated
ISRO-1998-1080,24.868552,94.203907,0.738,dense_forest,sentinel2_synthetic,simulated
ISRO-2005-1081,27.244806,92.7787,0.649,dense_forest,sentinel2_synthetic,simulated
ISRO-2009-1082,24.572432,93.811161,0.667,dense_forest,sentinel2_synthetic,simulated
ISRO-2002-1083,26.99549,93.031914,0.566,agriculture,sentinel2_synthetic,simulated
ISRO-1999-1084,27.578275,88.378439,0.202,agriculture,sentinel2_synthetic,simulated
ISRO-2022-1085,23.241143,92.513667,0.438,degraded_forest,sentinel2_synthetic,simulated
ISRO-2001-1086,26.454111,92.938438,0.482,agriculture,sentinel2_synthetic,simulated
ISRO-1998-1087,26.562607,92.802996,0.221,grassland,sentinel2_synthetic,simulated
ISRO-2001-1088,26.429253,94.032653,0.893,dense_forest,sentinel2_synthetic,simulated
ISRO-2009-1089,25.360015,91.214314,0.723,dense_forest,sentinel2_synthetic,simulated
ISRO-2017-1090,24.607837,93.651972,0.372,grassland,sentinel2_synthetic,simulated
ISRO-2018-1091,24.996481,94.213977,0.275,agriculture,sentinel2_synthetic,simulated
ISRO-2001-1092,27.231619,95.061677,0.695,agriculture,sentinel2_synthetic,simulated
ISRO-2011-1093,26.417581,94.14248,0.519,degraded_forest,sentinel2_synthetic,simulated
ISRO-2012-1094,27.450741,88.497033,0.671,dense_forest,sentinel2_synthetic,simulated
ISRO-2017-1095,26.464526,94.518647,0.267,agriculture,sentinel2_synthetic,simulated
ISRO-2012-1096,27.000808,88.18496,0.766,dense_forest,sentinel2_synthetic,simulated
ISRO-2012-1097,27.089534,95.001451,0.349,scrubland,sentinel2_synthetic,simulated
ISRO-2009-1098,25.64904,91.183181,0.706,dense_forest,sentinel2_synthetic,simulated
ISRO-2016-1099,25.165556,92.158027,0.39,degraded_forest,sentinel2_synthetic,simulated
ISRO-2006-1100,26.52217,92.829745,0.829,dense_forest,sentinel2_synthetic,simulated
ISRO-2002-1101,26.290053,92.613907,0.43,scrubland,sentinel2_synthetic,simulated
ISRO-2020-1102,25.690215,92.861508,0.659,agriculture,sentinel2_synthetic,simulated
ISRO-2019-1103,25.646236,91.137899,0.231,agriculture,sentinel2_synthetic,simulated
ISRO-2019-1104,23.687923,91.71067,0.892,dense_forest,sentinel2_synthetic,simulated
ISRO-2000-1105,25.734,90.245055,0.695,agriculture,sentinel2_synthetic,simulated
ISRO-2002-1106,27.418698,91.623682,0.797,dense_forest,sentinel2_synthetic,simulated
ISRO-2017-1107,26.738261,93.94548,0.571,degraded_forest,sentinel2_synthetic,simulated
ISRO-2020-1108,26.328374,93.776608,0.834,dense_forest,sentinel2_synthetic,simulated
ISRO-1999-1109,27.58649,91.595166,0.548,agriculture,sentinel2_synthetic,simulated
ISRO-1998-1110,26.236999,93.661329,0.047,bare_soil,sentinel2_synthetic,simulated
ISRO-2016-1111,27.218672,93.067161,0.426,degraded_forest,sentinel2_synthetic,simulated
ISRO-2017-1112,27.06803,88.741795,0.729,dense_forest,sentinel2_synthetic,simulated
ISRO-2003-1113,25.601395,90.209718,0.849,dense_forest,sentinel2_synthetic,simulated
ISRO-2021-1114,25.269461,91.35341,0.577,degraded_forest,sentinel2_synthetic,simulated
ISRO-2013-1115,25.452803,92.665652,0.391,scrubland,sentinel2_synthetic,simulated
ISRO-2008-1116,25.423614,91.853498,0.032,built_up,sentinel2_synthetic,simulated
ISRO-2007-1117,27.2253,88.655258,0.184,grassland,sentinel2_synthetic,simulated
ISRO-2003-1118,23.558905,91.268631,0.882,dense_forest,sentinel2_synthetic,simulated
ISRO-2017-1119,27.597688,88.176646,0.688,agriculture,sentinel2_synthetic,simulated
ISRO-2006-1120,25.534875,92.087371,0.319,agriculture,sentinel2_synthetic,simulated
ISRO-2004-1121,24.437617,94.003174,0.629,dense_forest,sentinel2_synthetic,simulated
ISRO-2020-1122,26.217173,94.682982,0.568,degraded_forest,sentinel2_synthetic,simulated
ISRO-1998-1123,27.509431,95.308434,0.352,degraded_forest,sentinel2_synthetic,simulated
ISRO-2012-1124,25.42429,91.990489,0.75,dense_forest,sentinel2_synthetic,simulated
ISRO-2001-1125,27.232715,88.564097,0.406,scrubland,sentinel2_synthetic,simulated
ISRO-2019-1126,26.073028,94.494482,0.418,scrubland,sentinel2_synthetic,simulated
ISRO-2015-1127,27.266117,88.374371,0.616,dense_forest,sentinel2_synthetic,simulated
ISRO-2014-1128,26.445963,94.305555,0.404,scrubland,sentinel2_synthetic,simulated
ISRO-2016-1129,27.312004,88.730465,0.025,built_up,sentinel2_synthetic,simulated
ISRO-2007-1130,25.493756,92.081217,0.652,dense_forest,sentinel2_synthetic,simulated
ISRO-2000-1131,27.019655,88.232418,0.637,dense_forest,sentinel2_synthetic,simulated
ISRO-2022-1132,24.946493,93.894598,0.894,dense_forest,sentinel2_synthetic,simulated
ISRO-2013-1133,25.747461,90.766641,0.783,dense_forest,sentinel2_synthetic,simulated
ISRO-2002-1134,25.451565,91.329323,0.331,grassland,sentinel2_synthetic,simulated
ISRO-2014-1135,23.788437,92.620658,0.774,dense_forest,sentinel2_synthetic,simulated
ISRO-2009-1136,26.230309,94.508708,0.386,agriculture,sentinel2_synthetic,simulated
ISRO-2011-1137,27.562249,91.881081,0.395,degraded_forest,sentinel2_synthetic,simulated
ISRO-2009-1138,27.243793,88.62832,0.124,built_up,sentinel2_synthetic,simulated
ISRO-2016-1139,25.814535,90.15076,0.123,built_up,sentinel2_synthetic,simulated
ISRO-2010-1140,26.487263,93.966832,0.649,dense_forest,sentinel2_synthetic,simulated
ISRO-2013-1141,23.63001,92.886084,0.697,agriculture,sentinel2_synthetic,simulated
ISRO-2005-1142,24.574784,93.696821,0.761,dense_forest,sentinel2_synthetic,simulated
ISRO-2010-1143,27.362626,95.107834,0.708,dense_forest,sentinel2_synthetic,simulated
ISRO-1999-1144,25.80905,90.169219,0.025,water,sentinel2_synthetic,simulated
ISRO-2011-1145,23.936176,92.485009,0.467,degraded_forest,sentinel2_synthetic,simulated
ISRO-2006-1146,28.282915,94.789323,0.633,degraded_forest,sentinel2_synthetic,simulated
ISRO-2002-1147,27.101558,88.135592,0.737,dense_forest,sentinel2_synthetic,simulated
ISRO-2010-1148,27.297685,95.336699,0.435,agriculture,sentinel2_synthetic,simulated
ISRO-2016-1149,26.742523,94.323024,0.396,grassland,sentinel2_synthetic,simulated
ISRO-2011-1150,23.679247,91.293338,0.517,degraded_forest,sentinel2_synthetic,simulated
ISRO-2002-1151,25.53119,92.073472,0.723,dense_forest,sentinel2_synthetic,simulated
ISRO-2004-1152,25.622569,92.922737,0.421,scrubland,sentinel2_synthetic,simulated
ISRO-2022-1153,27.446409,88.442099,0.364,scrubland,sentinel2_synthetic,simulated
ISRO-1999-1154,24.962885,94.648649,0.351,scrubland,sentinel2_synthetic,simulated
ISRO-2012-1155,26.504669,94.507981,0.246,agriculture,sentinel2_synthetic,simulated
ISRO-2005-1156,27.596818,91.56448,0.416,agriculture,sentinel2_synthetic,simulated
ISRO-2013-1157,24.664308,93.770841,0.763,dense_forest,sentinel2_synthetic,simulated
ISRO-2011-1158,25.000006,94.345975,0.897,dense_forest,sentinel2_synthetic,simulated
ISRO-2001-1159,24.607227,93.884869,0.159,built_up,sentinel2_synthetic,simulated
ISRO-2021-1160,23.860674,91.350438,0.89,dense_forest,sentinel2_synthetic,simulated
ISRO-2021-1161,25.94595,90.288201,-0.068,water,sentinel2_synthetic,simulated
ISRO-2008-1162,23.589765,91.25262,0.787,dense_forest,sentinel2_synthetic,simulated
ISRO-2000-1163,26.717021,94.076146,0.895,dense_forest,sentinel2_synthetic,simulated
ISRO-1998-1164,24.982699,94.271902,0.889,dense_forest,sentinel2_synthetic,simulated
ISRO-2004-1165,27.335678,95.035861,0.201,grassland,sentinel2_synthetic,simulated
ISRO-2016-1166,26.89123,92.817821,0.346,grassland,sentinel2_synthetic,simulated
ISRO-1999-1167,25.550584,91.061932,0.341,grassland,sentinel2_synthetic,simulated
ISRO-2008-1168,24.524129,93.93928,0.745,dense_forest,sentinel2_synthetic,simulated
ISRO-2013-1169,26.238524,94.449817,0.679,dense_forest,sentinel2_synthetic,simulated
ISRO-2006-1170,23.813442,92.593033,0.5,scrubland,sentinel2_synthetic,simulated
ISRO-2004-1171,26.473487,94.065313,0.682,dense_forest,sentinel2_synthetic,simulated
ISRO-2017-1172,23.935423,91.494254,0.867,dense_forest,sentinel2_synthetic,simulated
ISRO-2022-1173,25.537339,90.217779,0.756,dense_forest,sentinel2_synthetic,simulated
ISRO-2009-1174,27.607313,91.993341,0.006,water,sentinel2_synthetic,simulated
ISRO-2011-1175,25.355588,92.820678,0.687,dense_forest,sentinel2_synthetic,simulated
ISRO-2014-1176,26.481101,92.812582,0.575,agriculture,sentinel2_synthetic,simulated
ISRO-2015-1177,24.572999,93.821124,0.507,degraded_forest,sentinel2_synthetic,simulated
ISRO-2008-1178,26.418413,94.713864,0.219,scrubland,sentinel2_synthetic,simulated
ISRO-2013-1179,26.240712,93.719055,0.697,agriculture,sentinel2_synthetic,simulated
ISRO-2012-1180,26.477259,94.135963,0.607,degraded_forest,sentinel2_synthetic,simulated
ISRO-2012-1181,26.62416,92.902758,0.607,dense_forest,sentinel2_synthetic,simulated
ISRO-2004-1182,25.423941,92.921091,0.528,agriculture,sentinel2_synthetic,simulated
ISRO-2003-1183,23.239489,92.743397,0.554,degraded_forest,sentinel2_synthetic,simulated
ISRO-2022-1184,24.667805,94.250657,0.081,bare_soil,sentinel2_synthetic,simulated
ISRO-1998-1185,26.191207,92.732434,0.464,degraded_forest,sentinel2_synthetic,simulated
ISRO-2022-1186,23.72888,91.54953,0.286,grassland,sentinel2_synthetic,simulated
ISRO-2021-1187,27.202338,92.948336,0.892,dense_forest,sentinel2_synthetic,simulated
ISRO-1999-1188,26.103997,94.938476,0.031,bare_soil,sentinel2_synthetic,simulated
ISRO-2012-1189,23.862769,91.335203,0.598,agriculture,sentinel2_synthetic,simulated
ISRO-2004-1190,27.153694,92.837946,0.454,degraded_forest,sentinel2_synthetic,simulated
ISRO-2020-1191,27.563766,88.165892,0.605,degraded_forest,sentinel2_synthetic,simulated
ISRO-2018-1192,25.381159,91.020742,0.504,agriculture,sentinel2_synthetic,simulated
ISRO-2019-1193,24.867913,94.20374,0.495,degraded_forest,sentinel2_synthetic,simulated
ISRO-2012-1194,27.487519,91.887236,0.396,grassland,sentinel2_synthetic,simulated
ISRO-2013-1195,26.201544,92.62305,0.282,agriculture,sentinel2_synthetic,simulated
ISRO-2014-1196,22.720087,92.578669,0.636,dense_forest,sentinel2_synthetic,simulated
ISRO-1999-1197,25.466156,91.210206,0.818,dense_forest,sentinel2_synthetic,simulated
ISRO-2001-1198,23.491191,92.509978,0.863,dense_forest,sentinel2_synthetic,simulated
ISRO-2018-1199,23.677063,91.51305,0.222,grassland,sentinel2_synthetic,simulated
ISRO-2020-1200,27.368655,95.196653,0.431,grassland,sentinel2_synthetic,simulated
COOLR-SYN-0001,23.839055,91.30715,0.745,dense_forest,sentinel2_synthetic,simulated
COOLR-SYN-0002,25.732707,90.280514,0.365,degraded_forest,sentinel2_synthetic,simulated
COOLR-SYN-0003,25.262163,91.310009,0.605,dense_forest,sentinel2_synthetic,simulated
COOLR-SYN-0004,26.179193,94.821555,0.857,dense_forest,sentinel2_synthetic,simulated
COOLR-SYN-0005,27.359479,88.693411,0.615,degraded_forest,sentinel2_synthetic,simulated
COOLR-SYN-0006,27.857116,94.467878,0.512,agriculture,sentinel2_synthetic,simulated
COOLR-SYN-0007,25.199104,91.94177,0.174,grassland,sentinel2_synthetic,simulated
COOLR-SYN-0008,26.167711,94.946664,0.854,dense_forest,sentinel2_synthetic,simulated
COOLR-SYN-0009,25.346182,91.122756,0.47,degraded_forest,sentinel2_synthetic,simulated
COOLR-SYN-0010,27.09322,93.12341,0.623,degraded_forest,sentinel2_synthetic,simulated
COOLR-SYN-0011,26.352878,93.938236,-0.079,water,sentinel2_synthetic,simulated
COOLR-SYN-0012,25.995842,90.512315,0.361,degraded_forest,sentinel2_synthetic,simulated
COOLR-SYN-0013,24.583995,94.123938,0.9,dense_forest,sentinel2_synthetic,simulated
COOLR-SYN-0014,27.447858,88.300629,0.157,grassland,sentinel2_synthetic,simulated
COOLR-SYN-0015,26.354805,94.009372,0.454,degraded_forest,sentinel2_synthetic,simulated
COOLR-SYN-0016,23.579625,91.225923,0.69,agriculture,sentinel2_synthetic,simulated
COOLR-SYN-0017,26.267916,92.798373,0.55,degraded_forest,sentinel2_synthetic,simulated
COOLR-SYN-0018,25.268988,92.868275,0.787,dense_forest,sentinel2_synthetic,simulated
COOLR-SYN-0019,25.353371,92.802101,0.724,dense_forest,sentinel2_synthetic,simulated
COOLR-SYN-0020,25.316211,91.99994,0.734,dense_forest,sentinel2_synthetic,simulated
COOLR-SYN-0021,27.56998,91.608479,0.092,bare_soil,sentinel2_synthetic,simulated
COOLR-SYN-0022,27.00684,88.828015,0.724,dense_forest,sentinel2_synthetic,simulated
COOLR-SYN-0023,25.731431,91.275015,0.69,dense_forest,sentinel2_synthetic,simulated
COOLR-SYN-0024,28.02464,94.801961,0.374,degraded_forest,sentinel2_synthetic,simulated
COOLR-SYN-0025,25.308887,92.34653,0.619,degraded_forest,sentinel2_synthetic,simulated
COOLR-SYN-0026,24.935123,94.16868,0.425,degraded_forest,sentinel2_synthetic,simulated
COOLR-SYN-0027,23.444228,91.720122,0.301,scrubland,sentinel2_synthetic,simulated
COOLR-SYN-0028,26.374556,92.709577,0.362,degraded_forest,sentinel2_synthetic,simulated
COOLR-SYN-0029,22.957572,92.97562,0.482,agriculture,sentinel2_synthetic,simulated
COOLR-SYN-0030,25.513543,92.617845,0.409,grassland,sentinel2_synthetic,simulated
COOLR-SYN-0031,26.904968,93.101818,0.337,agriculture,sentinel2_synthetic,simulated
COOLR-SYN-0032,25.041131,94.123945,0.719,dense_forest,sentinel2_synthetic,simulated
COOLR-SYN-0033,24.636913,93.956661,0.082,built_up,sentinel2_synthetic,simulated
COOLR-SYN-0034,26.658992,94.146035,0.078,bare_soil,sentinel2_synthetic,simulated
COOLR-SYN-0035,26.283638,94.029361,0.656,agriculture,sentinel2_synthetic,simulated
COOLR-SYN-0036,22.955186,93.079746,0.057,built_up,sentinel2_synthetic,simulated
COOLR-SYN-0037,27.375304,88.018328,0.36,scrubland,sentinel2_synthetic,simulated
COOLR-SYN-0038,25.473047,91.46878,0.744,dense_forest,sentinel2_synthetic,simulated
COOLR-SYN-0039,26.550587,94.498696,0.605,dense_forest,sentinel2_synthetic,simulated
COOLR-SYN-0040,27.875081,91.945881,0.07,bare_soil,sentinel2_synthetic,simulated
COOLR-SYN-0041,23.281091,92.959221,0.338,grassland,sentinel2_synthetic,simulated
COOLR-SYN-0042,26.167605,92.851852,0.418,degraded_forest,sentinel2_synthetic,simulated
COOLR-SYN-0043,28.389951,94.89823,0.68,dense_forest,sentinel2_synthetic,simulated
COOLR-SYN-0044,26.489235,94.961801,0.802,dense_forest,sentinel2_synthetic,simulated
COOLR-SYN-0045,27.710056,88.338914,0.296,scrubland,sentinel2_synthetic,simulated
COOLR-SYN-0046,22.688349,93.085358,0.68,agriculture,sentinel2_synthetic,simulated
COOLR-SYN-0047,27.428542,91.951016,0.413,scrubland,sentinel2_synthetic,simulated
COOLR-SYN-0048,27.349422,88.117505,0.351,degraded_forest,sentinel2_synthetic,simulated
COOLR-SYN-0049,23.721759,91.75229,0.118,bare_soil,sentinel2_synthetic,simulated
COOLR-SYN-0050,25.583592,90.486285,0.8,dense_forest,sentinel2_synthetic,simulated
COOLR-SYN-0051,27.046261,95.274911,0.764,dense_forest,sentinel2_synthetic,simulated
COOLR-SYN-0052,23.453347,91.640622,0.884,dense_forest,sentinel2_synthetic,simulated
COOLR-SYN-0053,24.910985,94.665585,0.246,grassland,sentinel2_synthetic,simulated
COOLR-SYN-0054,25.322694,91.998986,0.556,degraded_forest,sentinel2_synthetic,simulated
COOLR-SYN-0055,27.597259,88.514357,0.83,dense_forest,sentinel2_synthetic,simulated
COOLR-SYN-0056,25.388237,92.411634,0.37,agriculture,sentinel2_synthetic,simulated
COOLR-SYN-0057,27.375029,95.059365,0.562,degraded_forest,sentinel2_synthetic,simulated
COOLR-SYN-0058,27.156433,88.071376,0.856,dense_forest,sentinel2_synthetic,simulated
COOLR-SYN-0059,25.161418,93.964741,0.438,agriculture,sentinel2_synthetic,simulated
COOLR-SYN-0060,26.636049,93.983477,0.457,scrubland,sentinel2_synthetic,simulated
COOLR-SYN-0061,26.722872,93.707938,0.765,dense_forest,sentinel2_synthetic,simulated
COOLR-SYN-0062,27.029527,88.42718,0.838,dense_forest,sentinel2_synthetic,simulated
COOLR-SYN-0063,25.654129,92.577063,0.02,built_up,sentinel2_synthetic,simulated
COOLR-SYN-0064,26.679202,92.818057,0.823,dense_forest,sentinel2_synthetic,simulated
COOLR-SYN-0065,24.39486,94.076364,0.24,agriculture,sentinel2_synthetic,simulated
COOLR-SYN-0066,26.678141,94.278574,0.773,dense_forest,sentinel2_synthetic,simulated
COOLR-SYN-0067,27.489484,91.897464,0.873,dense_forest,sentinel2_synthetic,simulated
COOLR-SYN-0068,22.793359,92.862636,0.316,agriculture,sentinel2_synthetic,simulated
COOLR-SYN-0069,24.994389,94.053008,0.123,bare_soil,sentinel2_synthetic,simulated
COOLR-SYN-0070,25.67581,92.902645,0.418,scrubland,sentinel2_synthetic,simulated
COOLR-SYN-0071,27.160749,95.423582,0.427,agriculture,sentinel2_synthetic,simulated
COOLR-SYN-0072,27.46759,95.044953,0.423,degraded_forest,sentinel2_synthetic,simulated
COOLR-SYN-0073,23.312205,91.697654,0.422,grassland,sentinel2_synthetic,simulated
COOLR-SYN-0074,27.695666,91.709101,0.701,dense_forest,sentinel2_synthetic,simulated
COOLR-SYN-0075,22.859405,92.887289,0.685,dense_forest,sentinel2_synthetic,simulated
COOLR-SYN-0076,26.146315,93.014719,0.787,dense_forest,sentinel2_synthetic,simulated
COOLR-SYN-0077,25.080945,92.08286,0.852,dense_forest,sentinel2_synthetic,simulated
COOLR-SYN-0078,27.473332,91.663204,0.471,agriculture,sentinel2_synthetic,simulated
COOLR-SYN-0079,25.646563,92.543454,0.545,degraded_forest,sentinel2_synthetic,simulated
COOLR-SYN-0080,26.900897,92.757859,0.48,scrubland,sentinel2_synthetic,simulated
COOLR-SYN-0081,23.629534,91.760134,0.483,degraded_forest,sentinel2_synthetic,simulated
COOLR-SYN-0082,25.953712,94.44601,0.456,scrubland,sentinel2_synthetic,simulated
COOLR-SYN-0083,27.617477,92.022242,0.168,built_up,sentinel2_synthetic,simulated
COOLR-SYN-0084,26.721789,94.034842,0.266,grassland,sentinel2_synthetic,simulated
COOLR-SYN-0085,23.134189,92.674404,0.31,agriculture,sentinel2_synthetic,simulated
COOLR-SYN-0086,27.387175,88.656609,0.625,dense_forest,sentinel2_synthetic,simulated
COOLR-SYN-0087,25.718288,92.647348,0.296,grassland,sentinel2_synthetic,simulated
COOLR-SYN-0088,25.762103,92.791757,0.09,bare_soil,sentinel2_synthetic,simulated
COOLR-SYN-0089,26.433527,93.056509,0.366,scrubland,sentinel2_synthetic,simulated
COOLR-SYN-0090,23.185602,92.807138,0.551,degraded_forest,sentinel2_synthetic,simulated
COOLR-SYN-0091,27.710717,88.408769,0.817,dense_forest,sentinel2_synthetic,simulated
COOLR-SYN-0092,26.704761,93.919223,0.489,degraded_forest,sentinel2_synthetic,simulated
COOLR-SYN-0093,23.952179,91.324882,0.881,dense_forest,sentinel2_synthetic,simulated
COOLR-SYN-0094,27.51471,88.836559,0.404,scrubland,sentinel2_synthetic,simulated
COOLR-SYN-0095,26.53895,94.060542,0.529,degraded_forest,sentinel2_synthetic,simulated
COOLR-SYN-0096,22.673416,93.082699,0.391,degraded_forest,sentinel2_synthetic,simulated
COOLR-SYN-0097,25.673252,91.669729,0.196,grassland,sentinel2_synthetic,simulated
COOLR-SYN-0098,22.813673,93.052559,0.314,scrubland,sentinel2_synthetic,simulated
COOLR-SYN-0099,26.074795,94.520228,0.876,dense_forest,sentinel2_synthetic,simulated
COOLR-SYN-0100,25.655645,90.53456,0.384,scrubland,sentinel2_synthetic,simulated
COOLR-SYN-0101,24.799413,93.621209,0.584,degraded_forest,sentinel2_synthetic,simulated
COOLR-SYN-0102,26.484641,94.535945,0.307,grassland,sentinel2_synthetic,simulated
COOLR-SYN-0103,27.425782,88.349408,0.853,dense_forest,sentinel2_synthetic,simulated
COOLR-SYN-0104,23.629258,91.768606,0.553,degraded_forest,sentinel2_synthetic,simulated
COOLR-SYN-0105,27.047118,88.571581,0.282,grassland,sentinel2_synthetic,simulated
COOLR-SYN-0106,26.243827,94.731286,0.778,dense_forest,sentinel2_synthetic,simulated
COOLR-SYN-0107,25.673999,92.950917,0.042,bare_soil,sentinel2_synthetic,simulated
COOLR-SYN-0108,27.08299,88.509643,0.458,degraded_forest,sentinel2_synthetic,simulated
COOLR-SYN-0109,24.538994,93.953079,0.427,grassland,sentinel2_synthetic,simulated
COOLR-SYN-0110,26.42286,94.228125,0.124,bare_soil,sentinel2_synthetic,simulated
COOLR-SYN-0111,23.908915,91.162032,0.68,dense_forest,sentinel2_synthetic,simulated
COOLR-SYN-0112,26.54548,94.835463,0.574,degraded_forest,sentinel2_synthetic,simulated
COOLR-SYN-0113,27.462606,88.2921,0.024,bare_soil,sentinel2_synthetic,simulated
COOLR-SYN-0114,26.02142,93.98521,0.256,scrubland,sentinel2_synthetic,simulated
COOLR-SYN-0115,25.693725,91.264338,0.632,agriculture,sentinel2_synthetic,simulated
COOLR-SYN-0116,25.925331,93.626542,0.496,scrubland,sentinel2_synthetic,simulated
COOLR-SYN-0117,25.436809,92.063739,0.431,scrubland,sentinel2_synthetic,simulated
COOLR-SYN-0118,27.321754,95.003221,0.83,dense_forest,sentinel2_synthetic,simulated
COOLR-SYN-0119,25.78809,92.78774,0.213,grassland,sentinel2_synthetic,simulated
COOLR-SYN-0120,23.562153,91.498141,0.887,dense_forest,sentinel2_synthetic,simulated
COOLR-SYN-0121,25.130072,94.260025,0.165,built_up,sentinel2_synthetic,simulated
COOLR-SYN-0122,25.042154,94.690907,0.355,agriculture,sentinel2_synthetic,simulated
COOLR-SYN-0123,25.273063,91.460605,0.749,dense_forest,sentinel2_synthetic,simulated
COOLR-SYN-0124,27.062492,88.165059,0.4,scrubland,sentinel2_synthetic,simulated
COOLR-SYN-0125,25.179454,91.827363,0.484,degraded_forest,sentinel2_synthetic,simulated
COOLR-SYN-0126,23.482803,92.715975,0.864,dense_forest,sentinel2_synthetic,simulated
COOLR-SYN-0127,25.024534,91.966671,0.114,bare_soil,sentinel2_synthetic,simulated
COOLR-SYN-0128,26.598038,94.452386,0.827,dense_forest,sentinel2_synthetic,simulated
COOLR-SYN-0129,25.39989,91.144321,0.275,grassland,sentinel2_synthetic,simulated
COOLR-SYN-0130,27.469356,95.450824,0.247,agriculture,sentinel2_synthetic,simulated
COOLR-SYN-0131,27.470457,95.101345,0.495,scrubland,sentinel2_synthetic,simulated
COOLR-SYN-0132,25.884982,94.040086,0.271,grassland,sentinel2_synthetic,simulated
COOLR-SYN-0133,26.324344,93.716718,0.638,dense_forest,sentinel2_synthetic,simulated
COOLR-SYN-0134,25.966183,90.342803,0.138,bare_soil,sentinel2_synthetic,simulated
COOLR-SYN-0135,24.077844,91.238811,0.449,agriculture,sentinel2_synthetic,simulated
COOLR-SYN-0136,25.264855,92.435652,0.221,grassland,sentinel2_synthetic,simulated
COOLR-SYN-0137,23.546136,92.524373,0.605,degraded_forest,sentinel2_synthetic,simulated
COOLR-SYN-0138,26.496954,92.815188,0.693,dense_forest,sentinel2_synthetic,simulated
COOLR-SYN-0139,25.26115,90.842607,0.836,dense_forest,sentinel2_synthetic,simulated
COOLR-SYN-0140,25.534792,90.796421,0.335,scrubland,sentinel2_synthetic,simulated
COOLR-SYN-0141,26.514564,94.787125,0.752,dense_forest,sentinel2_synthetic,simulated
COOLR-SYN-0142,26.182656,92.753921,0.709,dense_forest,sentinel2_synthetic,simulated
COOLR-SYN-0143,26.206664,93.717797,0.883,dense_forest,sentinel2_synthetic,simulated
COOLR-SYN-0144,26.233692,94.745267,0.483,scrubland,sentinel2_synthetic,simulated
COOLR-SYN-0145,26.289796,93.800872,0.765,dense_forest,sentinel2_synthetic,simulated
COOLR-SYN-0146,25.246616,93.950517,0.724,dense_forest,sentinel2_synthetic,simulated
COOLR-SYN-0147,28.025338,94.709516,0.835,dense_forest,sentinel2_synthetic,simulated
COOLR-SYN-0148,22.853782,92.661744,0.607,degraded_forest,sentinel2_synthetic,simulated
COOLR-SYN-0149,25.501521,90.43235,0.41,degraded_forest,sentinel2_synthetic,simulated
COOLR-SYN-0150,26.442687,94.366423,0.539,agriculture,sentinel2_synthetic,simulated
COOLR-SYN-0151,26.681546,92.790107,0.608,agriculture,sentinel2_synthetic,simulated
COOLR-SYN-0152,27.461159,88.250311,0.622,dense_forest,sentinel2_synthetic,simulated
COOLR-SYN-0153,25.419819,91.574478,0.488,degraded_forest,sentinel2_synthetic,simulated
COOLR-SYN-0154,28.114142,94.648165,0.705,dense_forest,sentinel2_synthetic,simulated
COOLR-SYN-0155,25.4771,91.634503,0.757,dense_forest,sentinel2_synthetic,simulated
COOLR-SYN-0156,27.309174,91.527416,0.612,dense_forest,sentinel2_synthetic,simulated
COOLR-SYN-0157,23.943682,91.335958,0.373,agriculture,sentinel2_synthetic,simulated
COOLR-SYN-0158,23.136321,92.57049,0.0,water,sentinel2_synthetic,simulated
COOLR-SYN-0159,24.076261,91.17854,0.061,bare_soil,sentinel2_synthetic,simulated
COOLR-SYN-0160,26.427843,94.8464,0.605,degraded_forest,sentinel2_synthetic,simulated
COOLR-SYN-0161,26.733922,94.296192,0.771,dense_forest,sentinel2_synthetic,simulated
COOLR-SYN-0162,25.200684,90.953965,0.402,degraded_forest,sentinel2_synthetic,simulated
COOLR-SYN-0163,26.405311,93.761953,0.708,dense_forest,sentinel2_synthetic,simulated
COOLR-SYN-0164,26.256821,94.536556,0.847,dense_forest,sentinel2_synthetic,simulated
COOLR-SYN-0165,25.937459,93.618759,0.424,degraded_forest,sentinel2_synthetic,simulated
COOLR-SYN-0166,26.55385,92.640725,0.793,dense_forest,sentinel2_synthetic,simulated
COOLR-SYN-0167,23.715318,92.47366,0.507,degraded_forest,sentinel2_synthetic,simulated
COOLR-SYN-0168,26.781618,92.847414,0.157,built_up,sentinel2_synthetic,simulated
COOLR-SYN-0169,27.515853,88.365327,0.459,agriculture,sentinel2_synthetic,simulated
COOLR-SYN-0170,25.210015,92.488329,0.636,agriculture,sentinel2_synthetic,simulated
COOLR-SYN-0171,23.311679,92.785538,0.466,degraded_forest,sentinel2_synthetic,simulated
COOLR-SYN-0172,25.642824,90.384112,0.567,degraded_forest,sentinel2_synthetic,simulated
COOLR-SYN-0173,27.114148,92.758747,0.439,agriculture,sentinel2_synthetic,simulated
COOLR-SYN-0174,25.557863,90.847762,0.648,degraded_forest,sentinel2_synthetic,simulated
COOLR-SYN-0175,27.734167,92.040014,0.737,dense_forest,sentinel2_synthetic,simulated
COOLR-SYN-0176,24.741144,94.309872,0.074,built_up,sentinel2_synthetic,simulated
COOLR-SYN-0177,22.890431,93.080887,0.656,dense_forest,sentinel2_synthetic,simulated
COOLR-SYN-0178,26.395312,94.734901,0.693,dense_forest,sentinel2_synthetic,simulated
COOLR-SYN-0179,28.000074,94.905685,0.302,agriculture,sentinel2_synthetic,simulated
COOLR-SYN-0180,27.347363,95.289079,0.608,degraded_forest,sentinel2_synthetic,simulated
COOLR-SYN-0181,27.819442,92.095571,0.629,degraded_forest,sentinel2_synthetic,simulated
COOLR-SYN-0182,25.158865,91.612993,0.463,agriculture,sentinel2_synthetic,simulated
COOLR-SYN-0183,26.608196,94.295294,0.223,scrubland,sentinel2_synthetic,simulated
COOLR-SYN-0184,24.332141,93.874987,0.251,grassland,sentinel2_synthetic,simulated
COOLR-SYN-0185,25.052412,92.318306,0.362,agriculture,sentinel2_synthetic,simulated
COOLR-SYN-0186,23.968481,92.451709,0.621,dense_forest,sentinel2_synthetic,simulated
COOLR-SYN-0187,26.342886,94.491241,0.042,built_up,sentinel2_synthetic,simulated
COOLR-SYN-0188,25.906954,93.614632,0.849,dense_forest,sentinel2_synthetic,simulated
COOLR-SYN-0189,28.37987,94.536148,0.356,scrubland,sentinel2_synthetic,simulated
COOLR-SYN-0190,26.757169,93.802109,0.115,bare_soil,sentinel2_synthetic,simulated
COOLR-SYN-0191,23.77777,91.540419,0.835,dense_forest,sentinel2_synthetic,simulated
COOLR-SYN-0192,23.814082,92.403043,0.194,grassland,sentinel2_synthetic,simulated
COOLR-SYN-0193,23.291111,92.548473,0.276,scrubland,sentinel2_synthetic,simulated
COOLR-SYN-0194,23.62715,91.801019,0.761,dense_forest,sentinel2_synthetic,simulated
COOLR-SYN-0195,25.05046,93.868707,0.327,grassland,sentinel2_synthetic,simulated
COOLR-SYN-0196,25.627111,91.179204,0.52,agriculture,sentinel2_synthetic,simulated
COOLR-SYN-0197,24.664102,94.295038,0.486,scrubland,sentinel2_synthetic,simulated
COOLR-SYN-0198,23.159806,92.785666,0.636,agriculture,sentinel2_synthetic,simulated
COOLR-SYN-0199,24.027094,91.445752,0.79,dense_forest,sentinel2_synthetic,simulated
COOLR-SYN-0200,27.44369,95.212029,0.692,dense_forest,sentinel2_synthetic,simulated
COOLR-SYN-0201,26.471519,94.429377,0.218,scrubland,sentinel2_synthetic,simulated
COOLR-SYN-0202,24.771745,94.213224,0.314,agriculture,sentinel2_synthetic,simulated
COOLR-SYN-0203,25.301239,92.804486,0.239,grassland,sentinel2_synthetic,simulated
COOLR-SYN-0204,25.273217,92.557225,0.42,degraded_forest,sentinel2_synthetic,simulated
COOLR-SYN-0205,26.338813,94.151934,0.468,agriculture,sentinel2_synthetic,simulated
COOLR-SYN-0206,27.423853,88.168576,0.628,degraded_forest,sentinel2_synthetic,simulated
COOLR-SYN-0207,25.556123,92.555088,0.591,degraded_forest,sentinel2_synthetic,simulated
COOLR-SYN-0208,23.127361,92.62715,0.588,degraded_forest,sentinel2_synthetic,simulated
COOLR-SYN-0209,25.72682,92.69056,0.637,dense_forest,sentinel2_synthetic,simulated
COOLR-SYN-0210,27.002463,95.376785,0.366,grassland,sentinel2_synthetic,simulated
COOLR-SYN-0211,25.609315,91.173782,0.794,dense_forest,sentinel2_synthetic,simulated
COOLR-SYN-0212,26.274573,93.975554,0.346,agriculture,sentinel2_synthetic,simulated
COOLR-SYN-0213,26.314466,94.032862,0.497,agriculture,sentinel2_synthetic,simulated
COOLR-SYN-0214,26.427097,94.654647,0.412,degraded_forest,sentinel2_synthetic,simulated
COOLR-SYN-0215,26.228636,93.022561,0.64,dense_forest,sentinel2_synthetic,simulated
COOLR-SYN-0216,25.411732,91.059169,0.6,degraded_forest,sentinel2_synthetic,simulated
COOLR-SYN-0217,25.507243,91.162111,0.447,degraded_forest,sentinel2_synthetic,simulated
COOLR-SYN-0218,25.50191,92.720002,0.361,grassland,sentinel2_synthetic,simulated
COOLR-SYN-0219,23.100827,92.761805,0.604,dense_forest,sentinel2_synthetic,simulated
COOLR-SYN-0220,24.063971,91.249732,0.74,dense_forest,sentinel2_synthetic,simulated
COOLR-SYN-0221,27.325879,91.707225,0.668,dense_forest,sentinel2_synthetic,simulated
COOLR-SYN-0222,27.65338,88.382327,0.448,degraded_forest,sentinel2_synthetic,simulated
COOLR-SYN-0223,26.388929,94.82172,0.778,dense_forest,sentinel2_synthetic,simulated
COOLR-SYN-0224,25.506381,92.223232,0.524,agriculture,sentinel2_synthetic,simulated
COOLR-SYN-0225,27.237673,92.810639,0.495,scrubland,sentinel2_synthetic,simulated
COOLR-SYN-0226,26.573295,93.035681,0.248,scrubland,sentinel2_synthetic,simulated
COOLR-SYN-0227,23.666028,91.68809,0.045,built_up,sentinel2_synthetic,simulated
COOLR-SYN-0228,26.255556,94.878808,0.767,dense_forest,sentinel2_synthetic,simulated
COOLR-SYN-0229,26.758689,93.14014,0.237,scrubland,sentinel2_synthetic,simulated
COOLR-SYN-0230,26.3349,92.662369,0.517,degraded_forest,sentinel2_synthetic,simulated
COOLR-SYN-0231,27.584749,95.162986,0.562,degraded_forest,sentinel2_synthetic,simulated
COOLR-SYN-0232,26.313511,94.666411,0.787,dense_forest,sentinel2_synthetic,simulated
COOLR-SYN-0233,27.339109,88.255855,0.249,scrubland,sentinel2_synthetic,simulated
COOLR-SYN-0234,27.553854,91.588331,0.624,dense_forest,sentinel2_synthetic,simulated
COOLR-SYN-0235,27.581035,95.057585,0.686,agriculture,sentinel2_synthetic,simulated
COOLR-SYN-0236,25.029545,92.184395,0.475,scrubland,sentinel2_synthetic,simulated
COOLR-SYN-0237,26.860379,92.809454,0.547,degraded_forest,sentinel2_synthetic,simulated
COOLR-SYN-0238,26.667077,93.086934,0.214,agriculture,sentinel2_synthetic,simulated
COOLR-SYN-0239,25.03829,92.207547,0.493,degraded_forest,sentinel2_synthetic,simulated
COOLR-SYN-0240,25.127564,92.28039,0.564,degraded_forest,sentinel2_synthetic,simulated
COOLR-SYN-0241,23.680512,91.378246,0.43,degraded_forest,sentinel2_synthetic,simulated
COOLR-SYN-0242,23.564151,92.449125,0.64,dense_forest,sentinel2_synthetic,simulated
COOLR-SYN-0243,27.048573,88.134658,0.3,scrubland,sentinel2_synthetic,simulated
COOLR-SYN-0244,27.333727,88.577161,0.788,dense_forest,sentinel2_synthetic,simulated
COOLR-SYN-0245,24.995418,94.402101,0.554,degraded_forest,sentinel2_synthetic,simulated
COOLR-SYN-0246,23.931293,91.34985,0.642,agriculture,sentinel2_synthetic,simulated
COOLR-SYN-0247,27.336963,91.569294,0.26,grassland,sentinel2_synthetic,simulated
COOLR-SYN-0248,27.638671,88.643487,0.3,agriculture,sentinel2_synthetic,simulated
COOLR-SYN-0249,27.651498,88.313254,0.488,scrubland,sentinel2_synthetic,simulated
COOLR-SYN-0250,25.43432,92.319949,0.355,grassland,sentinel2_synthetic,simulated
COOLR-SYN-0251,27.072307,88.325602,0.193,grassland,sentinel2_synthetic,simulated
COOLR-SYN-0252,23.597016,92.987629,0.561,degraded_forest,sentinel2_synthetic,simulated
COOLR-SYN-0253,27.455097,88.59613,0.659,dense_forest,sentinel2_synthetic,simulated
COOLR-SYN-0254,23.88373,91.580353,0.597,degraded_forest,sentinel2_synthetic,simulated
COOLR-SYN-0255,24.880962,93.956846,0.541,degraded_forest,sentinel2_synthetic,simulated
COOLR-SYN-0256,27.313052,88.722607,0.745,dense_forest,sentinel2_synthetic,simulated
COOLR-SYN-0257,23.67983,92.278191,0.39,degraded_forest,sentinel2_synthetic,simulated
COOLR-SYN-0258,23.40977,91.752041,0.476,degraded_forest,sentinel2_synthetic,simulated
COOLR-SYN-0259,27.411022,88.328546,0.898,dense_forest,sentinel2_synthetic,simulated
COOLR-SYN-0260,25.623148,92.83717,0.366,degraded_forest,sentinel2_synthetic,simulated
COOLR-SYN-0261,23.659064,92.454376,0.402,degraded_forest,sentinel2_synthetic,simulated
COOLR-SYN-0262,26.161343,94.449677,0.427,scrubland,sentinel2_synthetic,simulated
COOLR-SYN-0263,27.175637,88.323937,0.533,degraded_forest,sentinel2_synthetic,simulated
COOLR-SYN-0264,23.300929,91.562337,0.095,bare_soil,sentinel2_synthetic,simulated
COOLR-SYN-0265,25.780041,91.219827,0.821,dense_forest,sentinel2_synthetic,simulated
COOLR-SYN-0266,25.008159,94.406568,0.784,dense_forest,sentinel2_synthetic,simulated
COOLR-SYN-0267,23.864724,91.475844,0.248,grassland,sentinel2_synthetic,simulated
COOLR-SYN-0268,26.965486,88.449848,0.829,dense_forest,sentinel2_synthetic,simulated
COOLR-SYN-0269,24.734707,93.955309,0.308,grassland,sentinel2_synthetic,simulated
COOLR-SYN-0270,26.310615,93.688402,0.648,agriculture,sentinel2_synthetic,simulated
COOLR-SYN-0271,27.01852,88.315952,0.557,degraded_forest,sentinel2_synthetic,simulated
COOLR-SYN-0272,26.685665,92.97201,0.352,scrubland,sentinel2_synthetic,simulated
COOLR-SYN-0273,25.466668,90.098704,0.165,grassland,sentinel2_synthetic,simulated
COOLR-SYN-0274,26.033655,93.656133,0.39,agriculture,sentinel2_synthetic,simulated
COOLR-SYN-0275,25.544908,91.042338,0.399,grassland,sentinel2_synthetic,simulated
COOLR-SYN-0276,27.463169,91.807697,0.767,dense_forest,sentinel2_synthetic,simulated
COOLR-SYN-0277,24.843194,94.058328,0.153,built_up,sentinel2_synthetic,simulated
COOLR-SYN-0278,27.08487,88.812717,0.728,dense_forest,sentinel2_synthetic,simulated
COOLR-SYN-0279,27.568159,95.094375,0.764,dense_forest,sentinel2_synthetic,simulated
COOLR-SYN-0280,26.190973,94.461183,0.857,dense_forest,sentinel2_synthetic,simulated
COOLR-SYN-0281,23.78479,91.736334,0.21,agriculture,sentinel2_synthetic,simulated
COOLR-SYN-0282,25.635769,92.878465,0.305,agriculture,sentinel2_synthetic,simulated
COOLR-SYN-0283,23.147173,92.597876,0.735,dense_forest,sentinel2_synthetic,simulated
COOLR-SYN-0284,23.837451,91.534857,0.243,agriculture,sentinel2_synthetic,simulated
COOLR-SYN-0285,24.292222,93.881791,0.79,dense_forest,sentinel2_synthetic,simulated
COOLR-SYN-0286,22.993096,92.649359,0.641,degraded_forest,sentinel2_synthetic,simulated
COOLR-SYN-0287,24.732499,93.827051,0.31,scrubland,sentinel2_synthetic,simulated
COOLR-SYN-0288,24.717184,94.33987,0.407,degraded_forest,sentinel2_synthetic,simulated
COOLR-SYN-0289,25.283073,92.773468,0.72,dense_forest,sentinel2_synthetic,simulated
COOLR-SYN-0290,25.083248,94.471494,0.362,degraded_forest,sentinel2_synthetic,simulated
COOLR-SYN-0291,27.505146,92.035496,0.234,grassland,sentinel2_synthetic,simulated
COOLR-SYN-0292,23.648507,91.890346,0.889,dense_forest,sentinel2_synthetic,simulated
COOLR-SYN-0293,25.286509,91.486853,0.872,dense_forest,sentinel2_synthetic,simulated
COOLR-SYN-0294,27.281879,93.119678,0.865,dense_forest,sentinel2_synthetic,simulated
COOLR-SYN-0295,26.665114,93.901942,0.614,dense_forest,sentinel2_synthetic,simulated
COOLR-SYN-0296,26.915645,88.202715,0.632,dense_forest,sentinel2_synthetic,simulated
COOLR-SYN-0297,25.202749,91.495359,0.334,scrubland,sentinel2_synthetic,simulated
COOLR-SYN-0298,27.029077,95.37871,0.881,dense_forest,sentinel2_synthetic,simulated
COOLR-SYN-0299,24.574482,94.558584,0.261,scrubland,sentinel2_synthetic,simulated
COOLR-SYN-0300,27.187486,95.428805,0.793,dense_forest,sentinel2_synthetic,simulated
COOLR-SYN-0301,27.342316,88.450644,0.649,degraded_forest,sentinel2_synthetic,simulated
COOLR-SYN-0302,25.435139,90.824019,0.485,scrubland,sentinel2_synthetic,simulated
COOLR-SYN-0303,23.204291,91.574376,0.696,dense_forest,sentinel2_synthetic,simulated
COOLR-SYN-0304,23.777903,92.381941,0.83,dense_forest,sentinel2_synthetic,simulated
COOLR-SYN-0305,25.967915,94.580375,0.165,built_up,sentinel2_synthetic,simulated
COOLR-SYN-0306,27.27077,95.117443,0.422,agriculture,sentinel2_synthetic,simulated
COOLR-SYN-0307,25.7495,90.317919,0.88,dense_forest,sentinel2_synthetic,simulated
COOLR-SYN-0308,23.016363,92.941479,0.156,grassland,sentinel2_synthetic,simulated
COOLR-SYN-0309,25.826465,93.662573,0.717,dense_forest,sentinel2_synthetic,simulated
COOLR-SYN-0310,25.641322,90.168945,0.291,agriculture,sentinel2_synthetic,simulated
COOLR-SYN-0311,23.654445,91.298248,0.493,scrubland,sentinel2_synthetic,simulated
COOLR-SYN-0312,23.555735,92.521431,-0.068,water,sentinel2_synthetic,simulated
COOLR-SYN-0313,24.644979,93.995233,0.497,agriculture,sentinel2_synthetic,simulated
COOLR-SYN-0314,23.827505,91.03932,0.349,scrubland,sentinel2_synthetic,simulated
COOLR-SYN-0315,25.330724,91.905191,0.361,degraded_forest,sentinel2_synthetic,simulated
COOLR-SYN-0316,25.741899,90.567386,0.221,scrubland,sentinel2_synthetic,simulated
COOLR-SYN-0317,27.329616,88.544822,0.375,grassland,sentinel2_synthetic,simulated
COOLR-SYN-0318,27.035168,88.72249,0.104,built_up,sentinel2_synthetic,simulated
COOLR-SYN-0319,26.158609,94.708144,0.465,degraded_forest,sentinel2_synthetic,simulated
COOLR-SYN-0320,26.216808,93.717887,0.385,degraded_forest,sentinel2_synthetic,simulated
COOLR-SYN-0321,26.557365,94.131514,0.61,dense_forest,sentinel2_synthetic,simulated
COOLR-SYN-0322,25.68813,91.063047,0.602,dense_forest,sentinel2_synthetic,simulated
COOLR-SYN-0323,23.267773,91.684018,0.461,degraded_forest,sentinel2_synthetic,simulated
COOLR-SYN-0324,27.038591,88.508561,0.286,agriculture,sentinel2_synthetic,simulated
COOLR-SYN-0325,27.590838,95.170021,0.662,dense_forest,sentinel2_synthetic,simulated
COOLR-SYN-0326,25.767669,92.542221,0.625,dense_forest,sentinel2_synthetic,simulated
COOLR-SYN-0327,25.197325,94.285731,0.459,degraded_forest,sentinel2_synthetic,simulated
COOLR-SYN-0328,25.264477,94.104665,0.893,dense_forest,sentinel2_synthetic,simulated
COOLR-SYN-0329,25.34904,91.882164,0.587,degraded_forest,sentinel2_synthetic,simulated
COOLR-SYN-0330,25.86254,90.521496,0.718,dense_forest,sentinel2_synthetic,simulated
COOLR-SYN-0331,23.426179,92.650241,0.577,degraded_forest,sentinel2_synthetic,simulated
COOLR-SYN-0332,26.278165,94.186606,0.202,scrubland,sentinel2_synthetic,simulated
COOLR-SYN-0333,27.240682,93.282786,0.037,bare_soil,sentinel2_synthetic,simulated
COOLR-SYN-0334,23.914963,91.031509,-0.009,water,sentinel2_synthetic,simulated
COOLR-SYN-0335,27.193126,88.364493,0.575,degraded_forest,sentinel2_synthetic,simulated
COOLR-SYN-0336,26.630806,92.585235,0.602,agriculture,sentinel2_synthetic,simulated
COOLR-SYN-0337,26.589509,94.112975,0.659,dense_forest,sentinel2_synthetic,simulated
COOLR-SYN-0338,25.896607,94.196367,0.889,dense_forest,sentinel2_synthetic,simulated
COOLR-SYN-0339,25.076033,94.032156,0.579,agriculture,sentinel2_synthetic,simulated
COOLR-SYN-0340,25.636758,90.196353,0.625,dense_forest,sentinel2_synthetic,simulated
COOLR-SYN-0341,27.36873,88.535613,0.846,dense_forest,sentinel2_synthetic,simulated
COOLR-SYN-0342,23.011329,93.096156,0.558,degraded_forest,sentinel2_synthetic,simulated
COOLR-SYN-0343,23.644984,92.928216,0.394,degraded_forest,sentinel2_synthetic,simulated
COOLR-SYN-0344,24.745738,94.383847,0.626,degraded_forest,sentinel2_synthetic,simulated
COOLR-SYN-0345,26.237549,93.75698,0.701,dense_forest,sentinel2_synthetic,simulated
COOLR-SYN-0346,23.427275,92.819983,0.24,agriculture,sentinel2_synthetic,simulated
COOLR-SYN-0347,25.65353,90.39576,0.687,dense_forest,sentinel2_synthetic,simulated
COOLR-SYN-0348,23.969086,91.212328,0.405,scrubland,sentinel2_synthetic,simulated
COOLR-SYN-0349,27.334177,88.163037,0.483,agriculture,sentinel2_synthetic,simulated
COOLR-SYN-0350,28.032464,94.635195,0.25,grassland,sentinel2_synthetic,simulated
COOLR-SYN-0351,23.204374,91.840291,0.499,degraded_forest,sentinel2_synthetic,simulated
COOLR-SYN-0352,26.147572,94.579899,0.524,agriculture,sentinel2_synthetic,simulated
COOLR-SYN-0353,23.565285,91.128566,0.45,agriculture,sentinel2_synthetic,simulated
COOLR-SYN-0354,26.181694,92.831952,0.72,dense_forest,sentinel2_synthetic,simulated
COOLR-SYN-0355,27.183275,93.008145,0.86,dense_forest,sentinel2_synthetic,simulated
COOLR-SYN-0356,26.307376,93.778406,0.427,degraded_forest,sentinel2_synthetic,simulated
COOLR-SYN-0357,23.725361,91.327159,0.319,grassland,sentinel2_synthetic,simulated
COOLR-SYN-0358,23.805017,91.21718,0.387,agriculture,sentinel2_synthetic,simulated
COOLR-SYN-0359,25.911437,94.658203,0.789,dense_forest,sentinel2_synthetic,simulated
COOLR-SYN-0360,23.101828,92.659419,0.117,bare_soil,sentinel2_synthetic,simulated
COOLR-SYN-0361,25.136944,93.842672,0.378,degraded_forest,sentinel2_synthetic,simulated
COOLR-SYN-0362,26.068949,94.559202,0.656,dense_forest,sentinel2_synthetic,simulated
COOLR-SYN-0363,27.426557,88.323191,0.428,degraded_forest,sentinel2_synthetic,simulated
COOLR-SYN-0364,27.517955,95.094257,0.85,dense_forest,sentinel2_synthetic,simulated
COOLR-SYN-0365,25.193458,93.869163,0.628,agriculture,sentinel2_synthetic,simulated
COOLR-SYN-0366,24.607165,93.823423,0.823,dense_forest,sentinel2_synthetic,simulated
COOLR-SYN-0367,25.057259,92.102333,0.321,scrubland,sentinel2_synthetic,simulated
COOLR-SYN-0368,26.588308,94.036104,0.409,scrubland,sentinel2_synthetic,simulated
COOLR-SYN-0369,26.472068,94.100679,0.695,agriculture,sentinel2_synthetic,simulated
COOLR-SYN-0370,25.149052,91.238878,0.692,dense_forest,sentinel2_synthetic,simulated
COOLR-SYN-0371,23.7858,91.035676,0.336,agriculture,sentinel2_synthetic,simulated
COOLR-SYN-0372,27.329449,88.69662,0.852,dense_forest,sentinel2_synthetic,simulated
COOLR-SYN-0373,27.708692,88.330062,0.707,dense_forest,sentinel2_synthetic,simulated
COOLR-SYN-0374,25.120036,91.368336,0.894,dense_forest,sentinel2_synthetic,simulated
COOLR-SYN-0375,25.212274,93.847802,0.382,degraded_forest,sentinel2_synthetic,simulated
COOLR-SYN-0376,26.491056,94.541312,-0.018,water,sentinel2_synthetic,simulated
COOLR-SYN-0377,23.852251,92.441076,0.628,dense_forest,sentinel2_synthetic,simulated
COOLR-SYN-0378,23.491109,92.513273,0.157,grassland,sentinel2_synthetic,simulated
COOLR-SYN-0379,27.506916,92.033154,0.4,grassland,sentinel2_synthetic,simulated
COOLR-SYN-0380,25.639007,92.449569,0.615,dense_forest,sentinel2_synthetic,simulated
COOLR-SYN-0381,27.605003,91.7562,0.443,agriculture,sentinel2_synthetic,simulated
COOLR-SYN-0382,25.446489,92.947694,0.222,agriculture,sentinel2_synthetic,simulated
COOLR-SYN-0383,26.370458,94.231615,0.441,grassland,sentinel2_synthetic,simulated
COOLR-SYN-0384,24.751217,94.432181,0.704,dense_forest,sentinel2_synthetic,simulated
COOLR-SYN-0385,26.569519,93.927218,0.546,degraded_forest,sentinel2_synthetic,simulated
COOLR-SYN-0386,25.441562,90.457033,0.797,dense_forest,sentinel2_synthetic,simulated
COOLR-SYN-0387,25.237342,94.37202,0.225,scrubland,sentinel2_synthetic,simulated
COOLR-SYN-0388,26.560779,94.443532,0.438,degraded_forest,sentinel2_synthetic,simulated
COOLR-SYN-0389,26.185608,94.578075,0.131,bare_soil,sentinel2_synthetic,simulated
COOLR-SYN-0390,26.532628,94.53688,0.844,dense_forest,sentinel2_synthetic,simulated
COOLR-SYN-0391,27.873862,91.917674,0.73,dense_forest,sentinel2_synthetic,simulated
COOLR-SYN-0392,27.580967,91.738933,0.783,dense_forest,sentinel2_synthetic,simulated
COOLR-SYN-0393,23.755369,91.332443,0.639,dense_forest,sentinel2_synthetic,simulated
COOLR-SYN-0394,26.027049,94.854326,0.122,built_up,sentinel2_synthetic,simulated
COOLR-SYN-0395,25.264346,91.596465,0.378,degraded_forest,sentinel2_synthetic,simulated
COOLR-SYN-0396,23.170667,92.56145,0.612,agriculture,sentinel2_synthetic,simulated
COOLR-SYN-0397,27.109436,94.927682,0.475,degraded_forest,sentinel2_synthetic,simulated
COOLR-SYN-0398,26.709383,92.988275,0.337,scrubland,sentinel2_synthetic,simulated
COOLR-SYN-0399,27.586511,88.793293,0.655,dense_forest,sentinel2_synthetic,simulated
COOLR-SYN-0400,25.039514,92.399086,0.649,degraded_forest,sentinel2_synthetic,simulated
COOLR-SYN-0401,25.660488,92.819329,0.408,degraded_forest,sentinel2_synthetic,simulated
COOLR-SYN-0402,25.697971,91.442798,0.625,dense_forest,sentinel2_synthetic,simulated
COOLR-SYN-0403,23.311937,92.70442,0.36,degraded_forest,sentinel2_synthetic,simulated
COOLR-SYN-0404,25.457742,91.389196,0.226,agriculture,sentinel2_synthetic,simulated
COOLR-SYN-0405,22.794008,92.710896,0.384,degraded_forest,sentinel2_synthetic,simulated
COOLR-SYN-0406,27.722245,91.733169,0.09,built_up,sentinel2_synthetic,simulated
COOLR-SYN-0407,24.948219,94.026896,0.265,grassland,sentinel2_synthetic,simulated
COOLR-SYN-0408,25.926748,90.514395,0.681,dense_forest,sentinel2_synthetic,simulated
COOLR-SYN-0409,24.708345,93.642326,0.388,degraded_forest,sentinel2_synthetic,simulated
COOLR-SYN-0410,23.917037,92.773283,0.665,dense_forest,sentinel2_synthetic,simulated
COOLR-SYN-0411,23.126416,92.54227,0.28,scrubland,sentinel2_synthetic,simulated
COOLR-SYN-0412,25.206105,91.888713,0.757,dense_forest,sentinel2_synthetic,simulated
COOLR-SYN-0413,27.161993,92.924412,0.881,dense_forest,sentinel2_synthetic,simulated
COOLR-SYN-0414,25.682166,91.216671,0.794,dense_forest,sentinel2_synthetic,simulated
COOLR-SYN-0415,25.542099,90.917154,0.252,scrubland,sentinel2_synthetic,simulated
COOLR-SYN-0416,24.369156,93.99369,0.098,built_up,sentinel2_synthetic,simulated
COOLR-SYN-0417,25.257396,90.89337,0.61,degraded_forest,sentinel2_synthetic,simulated
COOLR-SYN-0418,27.04203,93.089913,0.114,bare_soil,sentinel2_synthetic,simulated
COOLR-SYN-0419,26.633441,93.702834,0.616,agriculture,sentinel2_synthetic,simulated
COOLR-SYN-0420,26.323508,92.779415,0.438,scrubland,sentinel2_synthetic,simulated
COOLR-SYN-0421,23.833152,91.201635,0.334,grassland,sentinel2_synthetic,simulated
COOLR-SYN-0422,24.788087,94.161728,0.808,dense_forest,sentinel2_synthetic,simulated
COOLR-SYN-0423,23.697613,91.469483,0.063,built_up,sentinel2_synthetic,simulated
COOLR-SYN-0424,25.599841,91.131477,0.242,grassland,sentinel2_synthetic,simulated
COOLR-SYN-0425,26.787905,94.486683,0.422,agriculture,sentinel2_synthetic,simulated
COOLR-SYN-0426,27.572122,88.360768,0.797,dense_forest,sentinel2_synthetic,simulated
COOLR-SYN-0427,26.213622,93.917535,0.281,grassland,sentinel2_synthetic,simulated
COOLR-SYN-0428,27.875127,91.962094,0.441,scrubland,sentinel2_synthetic,simulated
COOLR-SYN-0429,25.273105,94.373269,0.706,dense_forest,sentinel2_synthetic,simulated
COOLR-SYN-0430,24.33189,93.901898,0.368,scrubland,sentinel2_synthetic,simulated
COOLR-SYN-0431,25.352625,91.669664,0.328,scrubland,sentinel2_synthetic,simulated
COOLR-SYN-0432,26.367147,94.037113,0.734,dense_forest,sentinel2_synthetic,simulated
COOLR-SYN-0433,24.223494,93.938192,0.768,dense_forest,sentinel2_synthetic,simulated
COOLR-SYN-0434,28.394788,94.867647,0.088,built_up,sentinel2_synthetic,simulated
COOLR-SYN-0435,25.927932,90.006111,0.704,dense_forest,sentinel2_synthetic,simulated
COOLR-SYN-0436,27.726265,91.883381,0.461,scrubland,sentinel2_synthetic,simulated
COOLR-SYN-0437,23.421764,92.982796,0.091,built_up,sentinel2_synthetic,simulated
COOLR-SYN-0438,25.407859,91.131603,0.431,scrubland,sentinel2_synthetic,simulated
COOLR-SYN-0439,27.161946,92.78918,0.394,degraded_forest,sentinel2_synthetic,simulated
COOLR-SYN-0440,25.560815,90.030035,0.021,bare_soil,sentinel2_synthetic,simulated
COOLR-SYN-0441,27.208221,88.29847,0.219,scrubland,sentinel2_synthetic,simulated
COOLR-SYN-0442,24.315069,93.980165,0.453,degraded_forest,sentinel2_synthetic,simulated
COOLR-SYN-0443,25.695629,90.789538,0.214,scrubland,sentinel2_synthetic,simulated
COOLR-SYN-0444,22.692904,92.509077,0.8,dense_forest,sentinel2_synthetic,simulated
COOLR-SYN-0445,27.041215,88.822841,0.668,dense_forest,sentinel2_synthetic,simulated
COOLR-SYN-0446,27.707093,91.912763,0.82,dense_forest,sentinel2_synthetic,simulated
COOLR-SYN-0447,25.173527,92.10649,0.868,dense_forest,sentinel2_synthetic,simulated
COOLR-SYN-0448,24.790857,94.103368,0.628,degraded_forest,sentinel2_synthetic,simulated
COOLR-SYN-0449,24.576809,94.431726,0.076,bare_soil,sentinel2_synthetic,simulated
COOLR-SYN-0450,26.114987,94.939836,0.203,scrubland,sentinel2_synthetic,simulated
COOLR-SYN-0451,26.136778,94.429648,0.432,scrubland,sentinel2_synthetic,simulated
COOLR-SYN-0452,23.564112,92.249158,0.899,dense_forest,sentinel2_synthetic,simulated
COOLR-SYN-0453,25.100382,91.831161,0.356,degraded_forest,sentinel2_synthetic,simulated
COOLR-SYN-0454,23.094255,92.755249,0.221,grassland,sentinel2_synthetic,simulated
COOLR-SYN-0455,27.488989,88.643104,0.767,dense_forest,sentinel2_synthetic,simulated
COOLR-SYN-0456,25.563703,92.692841,0.661,dense_forest,sentinel2_synthetic,simulated
COOLR-SYN-0457,23.495224,91.402445,0.351,degraded_forest,sentinel2_synthetic,simulated
COOLR-SYN-0458,26.391438,94.267798,0.417,grassland,sentinel2_synthetic,simulated
COOLR-SYN-0459,27.595247,88.736231,0.253,scrubland,sentinel2_synthetic,simulated
COOLR-SYN-0460,27.846185,94.469822,0.52,agriculture,sentinel2_synthetic,simulated
COOLR-SYN-0461,25.36292,91.35614,0.404,degraded_forest,sentinel2_synthetic,simulated
COOLR-SYN-0462,25.578652,90.999086,0.441,agriculture,sentinel2_synthetic,simulated
COOLR-SYN-0463,26.227247,94.266831,0.119,bare_soil,sentinel2_synthetic,simulated
COOLR-SYN-0464,24.431858,93.675549,0.689,dense_forest,sentinel2_synthetic,simulated
COOLR-SYN-0465,26.372052,94.949253,0.497,scrubland,sentinel2_synthetic,simulated
COOLR-SYN-0466,27.58923,91.565785,0.869,dense_forest,sentinel2_synthetic,simulated
COOLR-SYN-0467,26.248443,94.709748,0.897,dense_forest,sentinel2_synthetic,simulated
COOLR-SYN-0468,25.409447,92.20829,0.425,scrubland,sentinel2_synthetic,simulated
COOLR-SYN-0469,25.913958,90.537562,0.393,degraded_forest,sentinel2_synthetic,simulated
COOLR-SYN-0470,23.681463,91.250463,0.274,scrubland,sentinel2_synthetic,simulated
COOLR-SYN-0471,25.195952,91.468073,0.312,scrubland,sentinel2_synthetic,simulated
COOLR-SYN-0472,26.291126,93.677818,0.479,scrubland,sentinel2_synthetic,simulated
COOLR-SYN-0473,27.099095,88.635416,0.03,bare_soil,sentinel2_synthetic,simulated
COOLR-SYN-0474,23.237129,92.438194,0.65,dense_forest,sentinel2_synthetic,simulated
COOLR-SYN-0475,27.002656,88.280667,0.203,scrubland,sentinel2_synthetic,simulated
COOLR-SYN-0476,27.673435,88.576341,0.091,bare_soil,sentinel2_synthetic,simulated
COOLR-SYN-0477,25.729285,90.014014,0.633,dense_forest,sentinel2_synthetic,simulated
COOLR-SYN-0478,24.587585,94.431092,0.82,dense_forest,sentinel2_synthetic,simulated
COOLR-SYN-0479,26.438038,94.416665,0.695,dense_forest,sentinel2_synthetic,simulated
COOLR-SYN-0480,23.598492,91.209514,0.617,dense_forest,sentinel2_synthetic,simulated
COOLR-SYN-0481,25.641216,91.348012,0.389,degraded_forest,sentinel2_synthetic,simulated
COOLR-SYN-0482,27.290106,88.378384,0.273,scrubland,sentinel2_synthetic,simulated
COOLR-SYN-0483,26.22473,94.129387,0.622,dense_forest,sentinel2_synthetic,simulated
COOLR-SYN-0484,25.49238,91.388356,0.779,dense_forest,sentinel2_synthetic,simulated
COOLR-SYN-0485,23.688231,92.863766,0.687,dense_forest,sentinel2_synthetic,simulated
COOLR-SYN-0486,22.648409,92.548587,0.819,dense_forest,sentinel2_synthetic,simulated
COOLR-SYN-0487,24.580766,94.692775,0.211,scrubland,sentinel2_synthetic,simulated
COOLR-SYN-0488,26.026,94.508801,0.476,degraded_forest,sentinel2_synthetic,simulated
COOLR-SYN-0489,23.597673,91.678705,0.372,scrubland,sentinel2_synthetic,simulated
COOLR-SYN-0490,26.625678,92.7984,0.707,dense_forest,sentinel2_synthetic,simulated
COOLR-SYN-0491,27.493038,95.075206,0.279,agriculture,sentinel2_synthetic,simulated
COOLR-SYN-0492,23.508119,91.315061,0.876,dense_forest,sentinel2_synthetic,simulated
COOLR-SYN-0493,26.456554,94.722241,0.325,scrubland,sentinel2_synthetic,simulated
COOLR-SYN-0494,26.593476,94.760096,0.655,dense_forest,sentinel2_synthetic,simulated
COOLR-SYN-0495,26.653341,94.081193,0.548,degraded_forest,sentinel2_synthetic,simulated
COOLR-SYN-0496,26.29703,94.039027,0.643,degraded_forest,sentinel2_synthetic,simulated
COOLR-SYN-0497,23.683806,91.500256,0.499,scrubland,sentinel2_synthetic,simulated
COOLR-SYN-0498,22.741724,92.894884,0.851,dense_forest,sentinel2_synthetic,simulated
COOLR-SYN-0499,23.474075,92.648513,0.576,degraded_forest,sentinel2_synthetic,simulated
COOLR-SYN-0500,24.822649,94.478323,0.629,dense_forest,sentinel2_synthetic,simulated
COOLR-SYN-0501,25.299792,92.135895,0.509,agriculture,sentinel2_synthetic,simulated
COOLR-SYN-0502,26.928579,92.955598,0.778,dense_forest,sentinel2_synthetic,simulated
COOLR-SYN-0503,25.940747,90.297207,0.539,degraded_forest,sentinel2_synthetic,simulated
COOLR-SYN-0504,27.518731,88.263437,0.224,scrubland,sentinel2_synthetic,simulated
COOLR-SYN-0505,26.203139,94.005398,0.358,agriculture,sentinel2_synthetic,simulated
COOLR-SYN-0506,25.176526,92.117398,0.506,degraded_forest,sentinel2_synthetic,simulated
COOLR-SYN-0507,25.307736,92.662364,0.821,dense_forest,sentinel2_synthetic,simulated
COOLR-SYN-0508,22.739424,92.884072,0.71,dense_forest,sentinel2_synthetic,simulated
COOLR-SYN-0509,26.707017,93.293336,0.729,dense_forest,sentinel2_synthetic,simulated
COOLR-SYN-0510,27.430881,91.707405,0.752,dense_forest,sentinel2_synthetic,simulated
COOLR-SYN-0511,27.270764,94.973903,0.472,scrubland,sentinel2_synthetic,simulated
COOLR-SYN-0512,27.134176,95.15828,0.67,dense_forest,sentinel2_synthetic,simulated
COOLR-SYN-0513,25.212854,92.2929,0.356,degraded_forest,sentinel2_synthetic,simulated
COOLR-SYN-0514,27.425359,88.250326,0.655,dense_forest,sentinel2_synthetic,simulated
COOLR-SYN-0515,27.431546,88.345043,0.697,dense_forest,sentinel2_synthetic,simulated
COOLR-SYN-0516,25.932075,93.824429,0.375,scrubland,sentinel2_synthetic,simulated
COOLR-SYN-0517,23.113458,92.585203,0.075,built_up,sentinel2_synthetic,simulated
COOLR-SYN-0518,23.191205,92.539695,0.062,bare_soil,sentinel2_synthetic,simulated
COOLR-SYN-0519,26.220613,94.112277,0.206,grassland,sentinel2_synthetic,simulated
COOLR-SYN-0520,26.184663,94.808357,0.688,dense_forest,sentinel2_synthetic,simulated
COOLR-SYN-0521,27.685934,91.787544,0.708,dense_forest,sentinel2_synthetic,simulated
COOLR-SYN-0522,23.517835,92.59669,0.353,grassland,sentinel2_synthetic,simulated
COOLR-SYN-0523,26.695691,94.253949,0.083,built_up,sentinel2_synthetic,simulated
COOLR-SYN-0524,26.402602,94.502727,0.369,degraded_forest,sentinel2_synthetic,simulated
COOLR-SYN-0525,23.753194,91.825613,0.511,degraded_forest,sentinel2_synthetic,simulated
COOLR-SYN-0526,24.572596,93.683082,0.56,degraded_forest,sentinel2_synthetic,simulated
COOLR-SYN-0527,24.624899,94.390007,0.629,degraded_forest,sentinel2_synthetic,simulated
COOLR-SYN-0528,23.60292,92.431931,0.423,degraded_forest,sentinel2_synthetic,simulated
COOLR-SYN-0529,24.779391,94.043147,0.325,scrubland,sentinel2_synthetic,simulated
COOLR-SYN-0530,27.531819,91.700023,0.681,dense_forest,sentinel2_synthetic,simulated
COOLR-SYN-0531,26.683657,93.982509,0.717,dense_forest,sentinel2_synthetic,simulated
COOLR-SYN-0532,27.760712,91.761075,0.618,degraded_forest,sentinel2_synthetic,simulated
COOLR-SYN-0533,26.765342,94.110247,0.788,dense_forest,sentinel2_synthetic,simulated
COOLR-SYN-0534,27.419989,95.311055,0.355,grassland,sentinel2_synthetic,simulated
COOLR-SYN-0535,23.448768,92.324079,0.476,degraded_forest,sentinel2_synthetic,simulated
COOLR-SYN-0536,23.493399,91.771735,0.876,dense_forest,sentinel2_synthetic,simulated
COOLR-SYN-0537,23.429528,92.227148,0.498,degraded_forest,sentinel2_synthetic,simulated
COOLR-SYN-0538,24.420344,93.718387,0.859,dense_forest,sentinel2_synthetic,simulated
COOLR-SYN-0539,26.341869,93.935319,0.895,dense_forest,sentinel2_synthetic,simulated
COOLR-SYN-0540,27.409343,95.020036,0.204,scrubland,sentinel2_synthetic,simulated
COOLR-SYN-0541,26.1812,93.80042,0.732,dense_forest,sentinel2_synthetic,simulated
COOLR-SYN-0542,24.728373,94.218188,0.649,agriculture,sentinel2_synthetic,simulated
COOLR-SYN-0543,25.722035,91.068251,0.516,degraded_forest,sentinel2_synthetic,simulated
COOLR-SYN-0544,26.214876,93.858994,0.653,agriculture,sentinel2_synthetic,simulated
COOLR-SYN-0545,26.309903,94.461864,0.542,degraded_forest,sentinel2_synthetic,simulated
COOLR-SYN-0546,22.724975,93.099528,0.229,scrubland,sentinel2_synthetic,simulated
COOLR-SYN-0547,23.246717,92.580376,0.378,grassland,sentinel2_synthetic,simulated
COOLR-SYN-0548,24.93817,94.188906,0.698,dense_forest,sentinel2_synthetic,simulated
COOLR-SYN-0549,23.683236,92.679167,0.243,scrubland,sentinel2_synthetic,simulated
COOLR-SYN-0550,27.165817,88.820284,0.818,dense_forest,sentinel2_synthetic,simulated
COOLR-SYN-0551,23.580982,91.061263,0.75,dense_forest,sentinel2_synthetic,simulated
COOLR-SYN-0552,25.981115,90.35332,0.708,dense_forest,sentinel2_synthetic,simulated
COOLR-SYN-0553,25.35624,92.778858,0.649,dense_forest,sentinel2_synthetic,simulated
COOLR-SYN-0554,25.028942,94.201246,0.791,dense_forest,sentinel2_synthetic,simulated
COOLR-SYN-0555,27.218025,88.374463,0.515,degraded_forest,sentinel2_synthetic,simulated
COOLR-SYN-0556,24.263756,93.776376,0.384,agriculture,sentinel2_synthetic,simulated
COOLR-SYN-0557,23.541095,91.174381,0.492,degraded_forest,sentinel2_synthetic,simulated
COOLR-SYN-0558,27.561522,95.465349,0.823,dense_forest,sentinel2_synthetic,simulated
COOLR-SYN-0559,27.786736,92.081999,0.384,degraded_forest,sentinel2_synthetic,simulated
COOLR-SYN-0560,26.07415,94.755254,0.302,grassland,sentinel2_synthetic,simulated
COOLR-SYN-0561,23.328432,92.62192,0.82,dense_forest,sentinel2_synthetic,simulated
COOLR-SYN-0562,25.306038,91.539977,0.452,agriculture,sentinel2_synthetic,simulated
COOLR-SYN-0563,26.999355,88.215394,0.639,degraded_forest,sentinel2_synthetic,simulated
COOLR-SYN-0564,27.301544,88.526854,0.315,scrubland,sentinel2_synthetic,simulated
COOLR-SYN-0565,23.151146,92.828919,0.142,built_up,sentinel2_synthetic,simulated
COOLR-SYN-0566,26.198736,94.733845,0.604,dense_forest,sentinel2_synthetic,simulated
COOLR-SYN-0567,24.822657,93.820907,0.298,grassland,sentinel2_synthetic,simulated
COOLR-SYN-0568,23.606162,92.635478,0.797,dense_forest,sentinel2_synthetic,simulated
COOLR-SYN-0569,26.496275,94.455425,0.863,dense_forest,sentinel2_synthetic,simulated
COOLR-SYN-0570,27.40985,88.865559,0.502,degraded_forest,sentinel2_synthetic,simulated
COOLR-SYN-0571,26.437137,94.240355,0.531,degraded_forest,sentinel2_synthetic,simulated
COOLR-SYN-0572,27.099328,93.286234,0.884,dense_forest,sentinel2_synthetic,simulated
COOLR-SYN-0573,22.786288,93.00703,0.214,agriculture,sentinel2_synthetic,simulated
COOLR-SYN-0574,27.079252,88.35385,0.642,dense_forest,sentinel2_synthetic,simulated
COOLR-SYN-0575,26.584462,94.108131,0.767,dense_forest,sentinel2_synthetic,simulated
COOLR-SYN-0576,27.190282,88.32347,0.829,dense_forest,sentinel2_synthetic,simulated
COOLR-SYN-0577,26.012868,94.757337,0.773,dense_forest,sentinel2_synthetic,simulated
COOLR-SYN-0578,27.533872,88.452709,0.413,degraded_forest,sentinel2_synthetic,simulated
COOLR-SYN-0579,26.371009,94.123531,0.121,bare_soil,sentinel2_synthetic,simulated
COOLR-SYN-0580,23.563457,91.557463,0.218,scrubland,sentinel2_synthetic,simulated
COOLR-SYN-0581,26.160478,94.753478,0.865,dense_forest,sentinel2_synthetic,simulated
COOLR-SYN-0582,27.255664,92.908982,0.396,degraded_forest,sentinel2_synthetic,simulated
COOLR-SYN-0583,27.226418,88.694536,0.651,dense_forest,sentinel2_synthetic,simulated
COOLR-SYN-0584,26.293242,93.048841,0.236,scrubland,sentinel2_synthetic,simulated
COOLR-SYN-0585,28.335975,94.759324,0.587,degraded_forest,sentinel2_synthetic,simulated
COOLR-SYN-0586,26.555074,94.444092,0.494,degraded_forest,sentinel2_synthetic,simulated
COOLR-SYN-0587,27.366209,88.532911,0.084,bare_soil,sentinel2_synthetic,simulated
COOLR-SYN-0588,26.255983,93.777948,0.054,bare_soil,sentinel2_synthetic,simulated
COOLR-SYN-0589,27.15281,94.972588,0.401,scrubland,sentinel2_synthetic,simulated
COOLR-SYN-0590,26.134639,94.257956,0.456,degraded_forest,sentinel2_synthetic,simulated
COOLR-SYN-0591,26.040895,93.760412,0.857,dense_forest,sentinel2_synthetic,simulated
COOLR-SYN-0592,27.189662,88.388451,0.43,agriculture,sentinel2_synthetic,simulated
COOLR-SYN-0593,26.064119,94.60236,0.606,dense_forest,sentinel2_synthetic,simulated
COOLR-SYN-0594,27.349646,91.894349,0.452,degraded_forest,sentinel2_synthetic,simulated
COOLR-SYN-0595,27.071125,88.663972,0.356,grassland,sentinel2_synthetic,simulated
COOLR-SYN-0596,27.470713,88.196699,0.298,grassland,sentinel2_synthetic,simulated
COOLR-SYN-0597,23.491833,91.50168,0.661,dense_forest,sentinel2_synthetic,simulated
COOLR-SYN-0598,27.361511,88.498652,0.432,scrubland,sentinel2_synthetic,simulated
COOLR-SYN-0599,27.014581,93.224798,0.687,dense_forest,sentinel2_synthetic,simulated
COOLR-SYN-0600,25.224041,92.319382,0.826,dense_forest,sentinel2_synthetic,simulated
COOLR-SYN-0601,28.112643,94.685294,0.647,dense_forest,sentinel2_synthetic,simulated
COOLR-SYN-0602,25.572162,91.100001,0.827,dense_forest,sentinel2_synthetic,simulated
COOLR-SYN-0603,25.027207,94.354427,0.635,dense_forest,sentinel2_synthetic,simulated
COOLR-SYN-0604,23.630795,92.278032,0.254,scrubland,sentinel2_synthetic,simulated
COOLR-SYN-0605,23.510938,91.199569,0.625,agriculture,sentinel2_synthetic,simulated
COOLR-SYN-0606,26.71094,94.142614,0.716,dense_forest,sentinel2_synthetic,simulated
COOLR-SYN-0607,25.012653,92.190657,0.779,dense_forest,sentinel2_synthetic,simulated
COOLR-SYN-0608,25.429955,90.308559,0.795,dense_forest,sentinel2_synthetic,simulated
COOLR-SYN-0609,23.755569,91.837982,0.82,dense_forest,sentinel2_synthetic,simulated
COOLR-SYN-0610,27.239779,92.988135,0.685,dense_forest,sentinel2_synthetic,simulated
COOLR-SYN-0611,26.956036,88.433866,0.382,degraded_forest,sentinel2_synthetic,simulated
COOLR-SYN-0612,23.779595,91.566209,0.611,dense_forest,sentinel2_synthetic,simulated
COOLR-SYN-0613,22.669118,92.5582,0.608,dense_forest,sentinel2_synthetic,simulated
COOLR-SYN-0614,25.225025,91.139903,0.408,degraded_forest,sentinel2_synthetic,simulated
COOLR-SYN-0615,23.916243,91.591739,0.14,bare_soil,sentinel2_synthetic,simulated
COOLR-SYN-0616,27.309331,95.144225,0.891,dense_forest,sentinel2_synthetic,simulated
COOLR-SYN-0617,23.840156,92.278599,0.581,degraded_forest,sentinel2_synthetic,simulated
COOLR-SYN-0618,25.807423,93.639864,0.428,scrubland,sentinel2_synthetic,simulated
COOLR-SYN-0619,24.792144,94.374345,0.577,degraded_forest,sentinel2_synthetic,simulated
COOLR-SYN-0620,26.096514,93.836676,0.635,degraded_forest,sentinel2_synthetic,simulated
COOLR-SYN-0621,25.062097,92.105496,-0.087,water,sentinel2_synthetic,simulated
COOLR-SYN-0622,24.650835,94.135455,0.219,scrubland,sentinel2_synthetic,simulated
COOLR-SYN-0623,25.666589,92.4939,0.22,scrubland,sentinel2_synthetic,simulated
COOLR-SYN-0624,25.854687,90.079757,0.361,grassland,sentinel2_synthetic,simulated
COOLR-SYN-0625,24.209733,93.895609,0.463,degraded_forest,sentinel2_synthetic,simulated
COOLR-SYN-0626,23.85158,92.303249,0.304,scrubland,sentinel2_synthetic,simulated
COOLR-SYN-0627,25.964229,93.756573,0.434,scrubland,sentinel2_synthetic,simulated
COOLR-SYN-0628,24.627455,94.211364,0.688,dense_forest,sentinel2_synthetic,simulated
COOLR-SYN-0629,27.574005,95.109408,0.45,scrubland,sentinel2_synthetic,simulated
COOLR-SYN-0630,26.324139,94.993751,0.487,degraded_forest,sentinel2_synthetic,simulated
COOLR-SYN-0631,23.762416,92.512523,0.662,dense_forest,sentinel2_synthetic,simulated
COOLR-SYN-0632,25.686806,90.818702,0.849,dense_forest,sentinel2_synthetic,simulated
COOLR-SYN-0633,23.42553,91.820388,0.605,dense_forest,sentinel2_synthetic,simulated
COOLR-SYN-0634,23.679161,92.850484,0.638,dense_forest,sentinel2_synthetic,simulated
COOLR-SYN-0635,25.857236,93.83565,0.443,scrubland,sentinel2_synthetic,simulated
COOLR-SYN-0636,26.303123,92.85648,0.801,dense_forest,sentinel2_synthetic,simulated
COOLR-SYN-0637,23.745622,92.222176,0.445,agriculture,sentinel2_synthetic,simulated
COOLR-SYN-0638,25.694635,91.113104,0.554,degraded_forest,sentinel2_synthetic,simulated
COOLR-SYN-0639,26.184486,93.078883,0.576,degraded_forest,sentinel2_synthetic,simulated
COOLR-SYN-0640,25.359574,92.66241,0.124,built_up,sentinel2_synthetic,simulated
COOLR-SYN-0641,24.925309,93.898238,0.753,dense_forest,sentinel2_synthetic,simulated
COOLR-SYN-0642,27.806126,94.76396,0.575,degraded_forest,sentinel2_synthetic,simulated
COOLR-SYN-0643,26.011311,94.460117,0.225,scrubland,sentinel2_synthetic,simulated
COOLR-SYN-0644,26.225405,94.013187,0.365,degraded_forest,sentinel2_synthetic,simulated
COOLR-SYN-0645,26.53873,92.55195,0.108,built_up,sentinel2_synthetic,simulated
COOLR-SYN-0646,27.256057,93.02384,0.862,dense_forest,sentinel2_synthetic,simulated
COOLR-SYN-0647,25.390662,92.474974,0.479,degraded_forest,sentinel2_synthetic,simulated
COOLR-SYN-0648,27.41575,95.376631,0.37,grassland,sentinel2_synthetic,simulated
COOLR-SYN-0649,27.029681,88.806993,0.394,scrubland,sentinel2_synthetic,simulated
COOLR-SYN-0650,23.515137,92.328599,0.291,agriculture,sentinel2_synthetic,simulated
COOLR-SYN-0651,26.637152,94.162707,0.487,scrubland,sentinel2_synthetic,simulated
COOLR-SYN-0652,25.338037,92.742987,0.655,dense_forest,sentinel2_synthetic,simulated
COOLR-SYN-0653,25.294123,90.712776,0.374,grassland,sentinel2_synthetic,simulated
COOLR-SYN-0654,25.101144,91.58297,0.095,bare_soil,sentinel2_synthetic,simulated
COOLR-SYN-0655,23.692433,92.795186,0.215,scrubland,sentinel2_synthetic,simulated
COOLR-SYN-0656,25.54132,91.400009,0.419,scrubland,sentinel2_synthetic,simulated
COOLR-SYN-0657,25.407652,91.5164,0.039,bare_soil,sentinel2_synthetic,simulated
COOLR-SYN-0658,25.440759,91.178581,0.287,scrubland,sentinel2_synthetic,simulated
COOLR-SYN-0659,28.333531,94.536014,0.406,scrubland,sentinel2_synthetic,simulated
COOLR-SYN-0660,25.488789,90.406297,0.096,bare_soil,sentinel2_synthetic,simulated
COOLR-SYN-0661,25.081773,93.809236,0.897,dense_forest,sentinel2_synthetic,simulated
COOLR-SYN-0662,25.699153,90.152051,-0.057,water,sentinel2_synthetic,simulated
COOLR-SYN-0663,26.628896,93.860939,0.483,scrubland,sentinel2_synthetic,simulated
COOLR-SYN-0664,27.087398,95.044693,0.592,agriculture,sentinel2_synthetic,simulated
COOLR-SYN-0665,27.798336,88.566384,0.609,dense_forest,sentinel2_synthetic,simulated
COOLR-SYN-0666,25.768995,92.432072,0.535,degraded_forest,sentinel2_synthetic,simulated
COOLR-SYN-0667,26.073928,94.978751,0.879,dense_forest,sentinel2_synthetic,simulated
COOLR-SYN-0668,25.596984,91.235181,0.472,scrubland,sentinel2_synthetic,simulated
COOLR-SYN-0669,25.171143,92.341426,0.733,dense_forest,sentinel2_synthetic,simulated
COOLR-SYN-0670,23.943261,92.317827,0.524,degraded_forest,sentinel2_synthetic,simulated
COOLR-SYN-0671,27.454667,91.797134,0.703,dense_forest,sentinel2_synthetic,simulated
COOLR-SYN-0672,24.514725,93.65635,0.648,agriculture,sentinel2_synthetic,simulated
COOLR-SYN-0673,27.617577,88.541169,0.431,degraded_forest,sentinel2_synthetic,simulated
COOLR-SYN-0674,26.455849,93.993706,0.284,scrubland,sentinel2_synthetic,simulated
COOLR-SYN-0675,26.481837,94.205912,0.474,degraded_forest,sentinel2_synthetic,simulated
COOLR-SYN-0676,27.274312,88.556699,0.612,dense_forest,sentinel2_synthetic,simulated
COOLR-SYN-0677,28.098355,94.660291,0.7,dense_forest,sentinel2_synthetic,simulated
COOLR-SYN-0678,26.598645,93.026599,0.353,degraded_forest,sentinel2_synthetic,simulated
COOLR-SYN-0679,26.723776,93.876239,0.175,grassland,sentinel2_synthetic,simulated
COOLR-SYN-0680,25.451773,90.581618,0.666,dense_forest,sentinel2_synthetic,simulated
COOLR-SYN-0681,25.60803,91.158738,0.691,dense_forest,sentinel2_synthetic,simulated
COOLR-SYN-0682,24.915205,94.19653,0.279,scrubland,sentinel2_synthetic,simulated
COOLR-SYN-0683,26.256115,94.497808,0.398,degraded_forest,sentinel2_synthetic,simulated
COOLR-SYN-0684,25.03973,94.33504,0.292,scrubland,sentinel2_synthetic,simulated
COOLR-SYN-0685,27.585058,91.503298,0.702,dense_forest,sentinel2_synthetic,simulated
COOLR-SYN-0686,23.684849,92.524896,0.821,dense_forest,sentinel2_synthetic,simulated
COOLR-SYN-0687,27.67392,88.364306,0.68,dense_forest,sentinel2_synthetic,simulated
COOLR-SYN-0688,25.307744,91.487033,0.457,degraded_forest,sentinel2_synthetic,simulated
COOLR-SYN-0689,23.531008,92.788484,0.206,scrubland,sentinel2_synthetic,simulated
COOLR-SYN-0690,23.787086,92.629606,0.56,degraded_forest,sentinel2_synthetic,simulated
COOLR-SYN-0691,24.660055,94.286376,0.409,degraded_forest,sentinel2_synthetic,simulated
COOLR-SYN-0692,25.426956,91.058902,0.836,dense_forest,sentinel2_synthetic,simulated
COOLR-SYN-0693,26.78347,93.269074,0.023,built_up,sentinel2_synthetic,simulated
COOLR-SYN-0694,26.000023,94.467365,0.545,degraded_forest,sentinel2_synthetic,simulated
COOLR-SYN-0695,25.977934,93.855268,0.836,dense_forest,sentinel2_synthetic,simulated
COOLR-SYN-0696,25.07301,94.32022,0.684,dense_forest,sentinel2_synthetic,simulated
COOLR-SYN-0697,26.229569,94.076351,0.731,dense_forest,sentinel2_synthetic,simulated
COOLR-SYN-0698,26.063797,93.916287,0.425,degraded_forest,sentinel2_synthetic,simulated
COOLR-SYN-0699,26.974266,92.878625,0.727,dense_forest,sentinel2_synthetic,simulated
COOLR-SYN-0700,27.23715,88.372912,0.45,grassland,sentinel2_synthetic,simulated
COOLR-SYN-0701,22.759373,92.869729,0.168,grassland,sentinel2_synthetic,simulated
COOLR-SYN-0702,24.252785,94.026368,0.779,dense_forest,sentinel2_synthetic,simulated
COOLR-SYN-0703,26.798784,94.285923,0.078,built_up,sentinel2_synthetic,simulated
COOLR-SYN-0704,27.552321,91.68423,0.781,dense_forest,sentinel2_synthetic,simulated
COOLR-SYN-0705,25.754819,92.502423,0.774,dense_forest,sentinel2_synthetic,simulated
COOLR-SYN-0706,24.304366,93.624079,0.427,grassland,sentinel2_synthetic,simulated
COOLR-SYN-0707,25.126151,91.666537,0.404,degraded_forest,sentinel2_synthetic,simulated
COOLR-SYN-0708,26.206049,94.075846,0.208,scrubland,sentinel2_synthetic,simulated
COOLR-SYN-0709,25.693833,91.60594,0.371,degraded_forest,sentinel2_synthetic,simulated
COOLR-SYN-0710,26.708,94.380406,0.654,dense_forest,sentinel2_synthetic,simulated
COOLR-SYN-0711,23.557143,91.272056,0.495,degraded_forest,sentinel2_synthetic,simulated
COOLR-SYN-0712,26.732022,92.928404,0.836,dense_forest,sentinel2_synthetic,simulated
COOLR-SYN-0713,25.1063,91.987151,0.242,agriculture,sentinel2_synthetic,simulated
COOLR-SYN-0714,23.371104,92.718175,0.63,degraded_forest,sentinel2_synthetic,simulated
COOLR-SYN-0715,25.632018,92.812646,0.847,dense_forest,sentinel2_synthetic,simulated
COOLR-SYN-0716,23.273705,92.930438,0.657,dense_forest,sentinel2_synthetic,simulated
COOLR-SYN-0717,24.078651,91.166644,0.355,scrubland,sentinel2_synthetic,simulated
COOLR-SYN-0718,23.148667,92.53794,0.348,agriculture,sentinel2_synthetic,simulated
COOLR-SYN-0719,26.946231,88.33754,0.308,scrubland,sentinel2_synthetic,simulated
COOLR-SYN-0720,24.815499,94.18762,0.491,agriculture,sentinel2_synthetic,simulated
COOLR-SYN-0721,27.233318,88.635414,0.295,grassland,sentinel2_synthetic,simulated
COOLR-SYN-0722,27.205034,93.037761,0.149,bare_soil,sentinel2_synthetic,simulated
COOLR-SYN-0723,27.395799,91.92005,0.675,dense_forest,sentinel2_synthetic,simulated
COOLR-SYN-0724,23.528512,92.864932,0.676,dense_forest,sentinel2_synthetic,simulated
COOLR-SYN-0725,27.086785,88.480958,0.855,dense_forest,sentinel2_synthetic,simulated
COOLR-SYN-0726,27.59599,92.032319,0.464,degraded_forest,sentinel2_synthetic,simulated
COOLR-SYN-0727,27.181694,88.636884,0.898,dense_forest,sentinel2_synthetic,simulated
COOLR-SYN-0728,25.705406,91.022302,0.35,grassland,sentinel2_synthetic,simulated
COOLR-SYN-0729,26.759121,94.049517,0.428,degraded_forest,sentinel2_synthetic,simulated
COOLR-SYN-0730,23.432661,92.457497,0.447,degraded_forest,sentinel2_synthetic,simulated
COOLR-SYN-0731,23.925424,91.130651,0.874,dense_forest,sentinel2_synthetic,simulated
COOLR-SYN-0732,22.991307,92.534658,0.723,dense_forest,sentinel2_synthetic,simulated
COOLR-SYN-0733,27.950072,94.877293,0.096,bare_soil,sentinel2_synthetic,simulated
COOLR-SYN-0734,26.278095,94.607811,0.605,degraded_forest,sentinel2_synthetic,simulated
COOLR-SYN-0735,25.776761,92.508317,0.898,dense_forest,sentinel2_synthetic,simulated
COOLR-SYN-0736,23.083745,92.648916,0.379,degraded_forest,sentinel2_synthetic,simulated
COOLR-SYN-0737,26.696804,94.000759,0.606,degraded_forest,sentinel2_synthetic,simulated
COOLR-SYN-0738,26.510745,93.988676,0.426,agriculture,sentinel2_synthetic,simulated
COOLR-SYN-0739,25.713283,90.490105,0.583,degraded_forest,sentinel2_synthetic,simulated
COOLR-SYN-0740,27.132987,88.789226,0.042,water,sentinel2_synthetic,simulated
COOLR-SYN-0741,24.717595,93.87237,0.622,dense_forest,sentinel2_synthetic,simulated
COOLR-SYN-0742,25.172333,92.141592,0.614,dense_forest,sentinel2_synthetic,simulated
COOLR-SYN-0743,26.118849,94.25937,0.411,scrubland,sentinel2_synthetic,simulated
COOLR-SYN-0744,26.569241,94.983101,0.626,degraded_forest,sentinel2_synthetic,simulated
COOLR-SYN-0745,25.340973,91.824508,0.361,degraded_forest,sentinel2_synthetic,simulated
COOLR-SYN-0746,27.568802,95.006922,0.669,agriculture,sentinel2_synthetic,simulated
COOLR-SYN-0747,27.452755,94.938373,0.386,scrubland,sentinel2_synthetic,simulated
COOLR-SYN-0748,27.08311,93.129381,0.693,agriculture,sentinel2_synthetic,simulated
COOLR-SYN-0749,25.834086,90.214678,0.631,dense_forest,sentinel2_synthetic,simulated
COOLR-SYN-0750,25.322207,92.973936,0.894,dense_forest,sentinel2_synthetic,simulated
COOLR-SYN-0751,27.315862,88.457124,0.044,bare_soil,sentinel2_synthetic,simulated
COOLR-SYN-0752,22.645664,92.5247,0.579,degraded_forest,sentinel2_synthetic,simulated
COOLR-SYN-0753,23.650226,92.445314,0.443,scrubland,sentinel2_synthetic,simulated
COOLR-SYN-0754,27.222189,88.596395,0.417,degraded_forest,sentinel2_synthetic,simulated
COOLR-SYN-0755,26.021257,93.645383,0.393,grassland,sentinel2_synthetic,simulated
COOLR-SYN-0756,25.5492,92.83723,0.777,dense_forest,sentinel2_synthetic,simulated
COOLR-SYN-0757,24.295933,93.949018,0.25,scrubland,sentinel2_synthetic,simulated
COOLR-SYN-0758,27.294949,93.14502,0.41,grassland,sentinel2_synthetic,simulated
COOLR-SYN-0759,26.484774,94.667136,0.855,dense_forest,sentinel2_synthetic,simulated
COOLR-SYN-0760,25.041769,94.42235,0.315,scrubland,sentinel2_synthetic,simulated
COOLR-SYN-0761,27.201672,92.920787,0.184,built_up,sentinel2_synthetic,simulated
COOLR-SYN-0762,24.009326,91.00893,0.029,bare_soil,sentinel2_synthetic,simulated
COOLR-SYN-0763,27.187209,88.397834,0.413,degraded_forest,sentinel2_synthetic,simulated
COOLR-SYN-0764,22.830269,92.906463,0.797,dense_forest,sentinel2_synthetic,simulated
COOLR-SYN-0765,25.230185,92.459567,0.646,degraded_forest,sentinel2_synthetic,simulated
COOLR-SYN-0766,25.178395,94.2647,0.872,dense_forest,sentinel2_synthetic,simulated
COOLR-SYN-0767,27.883201,92.038049,0.844,dense_forest,sentinel2_synthetic,simulated
COOLR-SYN-0768,23.183199,92.861685,0.57,degraded_forest,sentinel2_synthetic,simulated
COOLR-SYN-0769,24.897027,93.863335,0.071,built_up,sentinel2_synthetic,simulated
COOLR-SYN-0770,24.379121,94.0182,0.161,grassland,sentinel2_synthetic,simulated
COOLR-SYN-0771,23.602595,92.535338,0.711,dense_forest,sentinel2_synthetic,simulated
COOLR-SYN-0772,26.854009,93.059304,0.221,agriculture,sentinel2_synthetic,simulated
COOLR-SYN-0773,26.363613,93.774978,0.24,scrubland,sentinel2_synthetic,simulated
COOLR-SYN-0774,23.915312,92.73069,0.133,bare_soil,sentinel2_synthetic,simulated
COOLR-SYN-0775,25.053442,94.520729,0.7,dense_forest,sentinel2_synthetic,simulated
COOLR-SYN-0776,24.898577,94.210466,0.384,scrubland,sentinel2_synthetic,simulated
COOLR-SYN-0777,26.975513,88.268369,0.41,degraded_forest,sentinel2_synthetic,simulated
COOLR-SYN-0778,27.507539,95.466647,-0.081,water,sentinel2_synthetic,simulated
COOLR-SYN-0779,27.626105,88.125079,0.446,degraded_forest,sentinel2_synthetic,simulated
COOLR-SYN-0780,25.494484,91.203946,0.811,dense_forest,sentinel2_synthetic,simulated
COOLR-SYN-0781,27.513137,95.446236,0.663,dense_forest,sentinel2_synthetic,simulated
COOLR-SYN-0782,25.7328,92.76613,0.355,degraded_forest,sentinel2_synthetic,simulated
COOLR-SYN-0783,25.544332,91.478616,0.252,grassland,sentinel2_synthetic,simulated
COOLR-SYN-0784,26.556387,94.481586,0.829,dense_forest,sentinel2_synthetic,simulated
COOLR-SYN-0785,26.52397,94.16026,0.666,dense_forest,sentinel2_synthetic,simulated
COOLR-SYN-0786,26.474298,94.361867,0.315,scrubland,sentinel2_synthetic,simulated
COOLR-SYN-0787,25.47691,92.407977,0.476,degraded_forest,sentinel2_synthetic,simulated
COOLR-SYN-0788,25.569427,90.358427,0.315,grassland,sentinel2_synthetic,simulated
COOLR-SYN-0789,25.155973,93.928757,0.21,scrubland,sentinel2_synthetic,simulated
COOLR-SYN-0790,27.551395,88.479819,0.268,scrubland,sentinel2_synthetic,simulated
COOLR-SYN-0791,28.180034,94.848541,0.702,dense_forest,sentinel2_synthetic,simulated
COOLR-SYN-0792,24.486062,93.924776,0.52,degraded_forest,sentinel2_synthetic,simulated
COOLR-SYN-0793,28.356406,94.702348,0.787,dense_forest,sentinel2_synthetic,simulated
COOLR-SYN-0794,26.299875,93.987593,0.739,dense_forest,sentinel2_synthetic,simulated
COOLR-SYN-0795,26.773672,92.852306,0.684,dense_forest,sentinel2_synthetic,simulated
COOLR-SYN-0796,25.986817,94.605904,0.286,grassland,sentinel2_synthetic,simulated
COOLR-SYN-0797,25.640985,90.260392,0.724,dense_forest,sentinel2_synthetic,simulated
COOLR-SYN-0798,25.231269,91.039511,0.648,dense_forest,sentinel2_synthetic,simulated
COOLR-SYN-0799,23.090915,92.681157,0.077,bare_soil,sentinel2_synthetic,simulated
COOLR-SYN-0800,25.35556,91.229199,0.643,degraded_forest,sentinel2_synthetic,simulated
