event_id,latitude,longitude,date,rainfall_1h,rainfall_6h,rainfall_12h,rainfall_24h,rainfall_48h,rainfall_7d,rainfall_intensity,data_source,data_quality
ISRO-2017-0001,27.269439,95.379299,2017-04-19,0.76,2.37,7.31,14.86,16.7,117.25,0.762,gpm_synthetic,simulated
ISRO-2001-0002,25.475193,90.935399,2001-08-26,0.12,0.13,0.14,0.83,1.1,1.62,0.116,gpm_synthetic,simulated
ISRO-2011-0003,27.081909,95.363816,2011-09-18,2.95,28.96,6.7,54.89,158.45,239.22,2.947,gpm_synthetic,simulated
ISRO-2017-0004,23.547319,92.483361,2017-05-02,0.45,0.21,0.33,10.1,17.52,33.14,0.446,gpm_synthetic,simulated
ISRO-2006-0005,24.43523,93.884778,2006-05-06,1.51,9.3,41.36,63.68,83.8,86.63,1.513,gpm_synthetic,simulated
ISRO-2008-0006,23.966339,91.400133,2008-10-09,0.43,1.51,6.53,8.51,8.55,23.92,0.431,gpm_synthetic,simulated
ISRO-2015-0007,25.319876,92.549954,2015-09-01,0.27,13.15,11.8,15.27,50.05,103.44,0.272,gpm_synthetic,simulated
ISRO-2009-0008,25.734371,90.119898,2009-09-04,0.99,11.59,17.97,136.83,231.09,565.83,0.992,gpm_synthetic,simulated
ISRO-2013-0009,25.72679,90.329604,2013-02-09,0.03,0.49,0.06,1.65,1.75,4.63,0.032,gpm_synthetic,simulated
ISRO-2019-0010,23.36697,91.379151,2019-07-08,21.48,31.49,114.42,159.29,232.27,530.79,21.475,gpm_synthetic,simulated
ISRO-2014-0011,23.453193,91.75701,2014-02-05,0.23,0.47,0.91,1.88,1.91,6.0,0.235,gpm_synthetic,simulated
ISRO-2002-0012,26.200522,94.326156,2002-07-19,4.8,14.38,67.69,90.26,175.48,292.82,4.803,gpm_synthetic,simulated
ISRO-2007-0013,23.193825,92.509003,2007-11-26,0.51,1.12,2.46,5.97,6.37,9.29,0.507,gpm_synthetic,simulated
ISRO-2017-0014,25.608445,92.674681,2017-04-08,1.56,0.3,31.37,43.0,55.68,309.52,1.565,gpm_synthetic,simulated
ISRO-2005-0015,26.23961,94.338386,2005-09-24,2.51,6.25,0.55,51.4,217.43,265.67,2.51,gpm_synthetic,simulated
ISRO-2012-0016,27.074923,92.792222,2012-03-12,0.26,27.01,0.28,35.18,53.31,59.76,0.259,gpm_synthetic,simulated
ISRO-2000-0017,23.743822,92.335296,2000-08-25,1.26,11.72,5.89,15.8,29.59,63.8,1.257,gpm_synthetic,simulated
ISRO-2021-0018,26.991152,93.141368,2021-08-03,4.52,20.86,7.61,40.53,58.16,151.25,4.521,gpm_synthetic,simulated
ISRO-2009-0019,25.583488,90.215784,2009-07-15,0.4,144.48,0.23,97.56,179.81,430.35,0.403,gpm_synthetic,simulated
ISRO-2001-0020,25.727018,90.104288,2001-06-19,0.51,1.57,0.14,15.09,22.39,58.58,0.512,gpm_synthetic,simulated
ISRO-2000-0021,25.608006,91.265107,2000-08-02,21.77,4.61,10.24,97.64,131.86,173.41,21.773,gpm_synthetic,simulated
ISRO-2005-0022,23.72645,91.495459,2005-06-14,4.09,11.0,9.64,29.28,42.42,384.95,4.089,gpm_synthetic,simulated
ISRO-2008-0023,26.346188,94.095839,2008-11-21,0.53,4.89,6.38,9.29,16.04,46.72,0.525,gpm_synthetic,simulated
ISRO-2017-0024,27.680831,91.736829,2017-09-03,0.46,5.84,5.67,15.21,35.38,38.75,0.461,gpm_synthetic,simulated
ISRO-2001-0025,27.765556,91.626642,2001-08-05,0.8,14.03,12.26,46.54,147.39,231.08,0.804,gpm_synthetic,simulated
ISRO-2017-0026,23.735913,91.600371,2017-01-04,2.95,11.23,23.25,34.81,47.2,69.75,2.947,gpm_synthetic,simulated
ISRO-2001-0027,23.503165,91.697131,2001-06-16,0.08,9.01,4.86,13.92,16.45,53.28,0.079,gpm_synthetic,simulated
ISRO-2001-0028,27.111877,88.813781,2001-07-11,2.14,32.09,5.84,46.54,71.18,80.4,2.142,gpm_synthetic,simulated
ISRO-2005-0029,25.712404,90.76243,2005-08-15,1.1,2.68,0.23,34.91,42.07,164.19,1.1,gpm_synthetic,simulated
ISRO-2022-0030,27.648021,92.016512,2022-07-22,3.03,6.45,133.03,109.77,199.34,1062.66,3.026,gpm_synthetic,simulated
ISRO-2018-0031,26.248409,93.76632,2018-08-15,4.34,0.6,0.94,39.87,40.52,44.81,4.338,gpm_synthetic,simulated
ISRO-2007-0032,26.962941,93.075966,2007-07-24,0.11,16.37,0.66,37.73,48.99,64.94,0.115,gpm_synthetic,simulated
ISRO-2018-0033,27.102639,88.383279,2018-05-17,0.03,3.76,38.74,24.39,40.78,58.86,0.034,gpm_synthetic,simulated
ISRO-2021-0034,27.032766,88.19236,2021-05-05,1.63,2.23,44.31,46.38,48.46,197.72,1.634,gpm_synthetic,simulated
ISRO-1999-0035,27.345572,88.690357,1999-07-11,8.44,16.74,186.09,169.84,181.89,334.07,8.444,gpm_synthetic,simulated
ISRO-1999-0036,25.340749,90.868372,1999-08-07,5.72,27.34,325.66,116.67,170.86,225.87,5.719,gpm_synthetic,simulated
ISRO-2011-0037,23.600836,91.466729,2011-11-02,0.81,0.46,8.98,10.84,29.15,47.45,0.811,gpm_synthetic,simulated
ISRO-2022-0038,25.651013,92.839739,2022-09-18,0.07,0.63,2.05,5.14,6.74,26.26,0.073,gpm_synthetic,simulated
ISRO-2019-0039,23.4814,91.542545,2019-06-18,0.67,0.44,7.59,51.03,59.4,211.64,0.673,gpm_synthetic,simulated
ISRO-2003-0040,23.333756,92.633196,2003-07-09,3.96,8.42,20.75,32.22,63.34,64.58,3.959,gpm_synthetic,simulated
ISRO-2020-0041,23.690455,92.414181,2020-10-15,0.19,6.88,24.08,27.24,36.19,54.13,0.191,gpm_synthetic,simulated
ISRO-2013-0042,26.394078,94.117447,2013-09-06,2.4,5.49,21.04,84.41,115.19,131.81,2.402,gpm_synthetic,simulated
ISRO-2000-0043,23.012858,92.592247,2000-05-26,3.8,3.59,0.52,26.6,49.33,61.51,3.804,gpm_synthetic,simulated
ISRO-2017-0044,25.147557,94.323014,2017-08-07,0.05,0.05,1.86,7.14,10.6,14.52,0.046,gpm_synthetic,simulated
ISRO-2012-0045,27.036215,92.982993,2012-09-15,3.54,9.19,33.89,86.78,158.02,217.12,3.545,gpm_synthetic,simulated
ISRO-2021-0046,26.809867,92.808552,2021-09-03,0.36,3.3,88.41,36.53,55.86,105.28,0.357,gpm_synthetic,simulated
ISRO-2006-0047,26.399183,94.631266,2006-07-08,1.18,114.65,273.13,218.73,258.1,878.07,1.182,gpm_synthetic,simulated
ISRO-2021-0048,27.268952,95.14166,2021-08-20,18.02,49.51,7.52,166.29,177.02,1311.75,18.018,gpm_synthetic,simulated
ISRO-2007-0049,27.243316,93.10888,2007-05-26,10.32,12.15,43.63,48.69,49.9,169.0,10.325,gpm_synthetic,simulated
ISRO-2012-0050,25.393048,91.856151,2012-10-13,0.4,0.4,14.84,11.38,16.68,30.53,0.397,gpm_synthetic,simulated
ISRO-2005-0051,27.809221,91.940647,2005-12-03,0.01,6.44,2.69,8.13,9.96,15.78,0.012,gpm_synthetic,simulated
ISRO-2000-0052,28.349552,94.782842,2000-04-18,0.96,2.68,71.31,35.48,48.74,64.23,0.961,gpm_synthetic,simulated
ISRO-2001-0053,25.138384,93.949102,2001-09-25,6.31,12.01,13.7,84.67,341.1,397.73,6.309,gpm_synthetic,simulated
ISRO-2013-0054,27.450741,88.469276,2013-03-23,1.19,0.91,1.39,7.71,18.01,29.5,1.194,gpm_synthetic,simulated
ISRO-2015-0055,27.46899,88.370076,2015-05-06,0.68,13.6,1.96,28.68,60.6,74.59,0.679,gpm_synthetic,simulated
ISRO-2019-0056,27.127606,95.317311,2019-06-06,0.03,9.93,17.9,18.39,43.29,55.74,0.032,gpm_synthetic,simulated
ISRO-1999-0057,25.558154,90.771175,1999-09-24,1.04,1.62,10.64,11.85,15.31,27.75,1.035,gpm_synthetic,simulated
ISRO-2022-0058,24.77928,94.54204,2022-08-18,0.2,0.27,0.13,2.55,4.35,7.71,0.197,gpm_synthetic,simulated
ISRO-2012-0059,24.599888,93.974617,2012-05-26,1.09,1.31,5.99,11.84,13.92,45.52,1.093,gpm_synthetic,simulated
ISRO-2000-0060,26.817047,92.889038,2000-07-09,16.7,33.0,305.25,227.98,369.67,457.85,16.702,gpm_synthetic,simulated
ISRO-2008-0061,26.858814,93.044153,2008-02-09,0.03,1.37,11.89,2.98,6.06,6.35,0.026,gpm_synthetic,simulated
ISRO-2012-0062,27.332886,95.301001,2012-09-18,5.99,9.11,0.98,50.84,61.0,95.85,5.987,gpm_synthetic,simulated
ISRO-2008-0063,26.563006,94.130329,2008-09-14,0.17,6.47,7.37,10.89,15.13,59.7,0.173,gpm_synthetic,simulated
ISRO-2011-0064,26.649935,93.907225,2011-08-23,5.46,49.37,38.17,190.56,215.0,472.43,5.462,gpm_synthetic,simulated
ISRO-1999-0065,27.190306,88.517065,1999-07-05,0.18,0.17,1.75,5.3,8.14,13.71,0.184,gpm_synthetic,simulated
ISRO-2019-0066,26.136131,94.326806,2019-05-17,1.49,8.71,4.73,51.43,78.46,323.62,1.49,gpm_synthetic,simulated
ISRO-2017-0067,24.905481,94.193833,2017-07-20,1.0,90.33,135.43,183.69,396.33,1271.44,1.001,gpm_synthetic,simulated
ISRO-2011-0068,26.331876,93.832953,2011-12-23,0.6,7.6,10.67,14.12,17.52,53.59,0.601,gpm_synthetic,simulated
ISRO-2001-0069,22.874123,92.746286,2001-09-03,1.52,4.58,4.97,25.22,31.65,32.23,1.524,gpm_synthetic,simulated
ISRO-2002-0070,26.303552,93.672325,2002-07-07,5.21,18.25,58.21,165.88,297.4,551.04,5.209,gpm_synthetic,simulated
ISRO-2000-0071,27.471834,91.971794,2000-08-18,2.01,9.43,47.15,35.58,37.59,107.15,2.009,gpm_synthetic,simulated
ISRO-2007-0072,26.219764,94.419228,2007-08-23,4.64,1.13,14.2,73.09,80.24,154.13,4.642,gpm_synthetic,simulated
ISRO-2020-0073,25.043562,94.275137,2020-08-10,1.96,59.26,225.14,178.83,282.24,600.64,1.964,gpm_synthetic,simulated
ISRO-2020-0074,23.565416,91.438753,2020-06-10,11.86,26.86,144.33,137.9,194.2,335.65,11.856,gpm_synthetic,simulated
ISRO-2005-0075,24.549239,93.653657,2005-09-08,5.39,9.9,45.87,66.09,99.62,190.01,5.388,gpm_synthetic,simulated
ISRO-2009-0076,27.630716,88.601664,2009-12-20,0.28,0.78,16.78,25.38,38.0,281.01,0.283,gpm_synthetic,simulated
ISRO-2016-0077,25.470044,91.026552,2016-12-18,1.4,2.32,0.31,12.66,20.76,27.09,1.399,gpm_synthetic,simulated
ISRO-2016-0078,23.423246,91.411935,2016-09-02,5.26,5.35,10.97,32.07,42.85,195.72,5.261,gpm_synthetic,simulated
ISRO-2022-0079,25.355788,91.546841,2022-08-03,0.34,0.88,2.91,12.12,20.34,34.28,0.341,gpm_synthetic,simulated
ISRO-1998-0080,25.436351,92.474349,1998-09-03,7.75,15.87,39.59,125.21,161.02,376.13,7.754,gpm_synthetic,simulated
ISRO-2016-0081,26.650436,93.774482,2016-08-07,25.93,7.43,109.83,137.96,161.46,696.77,25.928,gpm_synthetic,simulated
ISRO-2014-0082,25.264804,92.650678,2014-09-25,1.8,17.59,76.85,71.05,87.63,371.9,1.803,gpm_synthetic,simulated
ISRO-2019-0083,26.199472,94.74516,2019-06-11,6.27,22.36,25.89,48.37,66.54,231.43,6.268,gpm_synthetic,simulated
ISRO-2006-0084,23.80882,92.653716,2006-07-27,1.2,73.15,40.02,159.2,237.97,250.51,1.204,gpm_synthetic,simulated
ISRO-2022-0085,26.500441,92.847606,2022-11-11,1.77,16.87,69.86,57.34,86.71,129.75,1.768,gpm_synthetic,simulated
ISRO-1999-0086,27.15099,94.958834,1999-08-13,2.85,3.36,4.07,30.14,66.08,76.46,2.853,gpm_synthetic,simulated
ISRO-2016-0087,23.520428,91.49227,2016-06-25,1.4,1.0,90.29,76.8,205.14,464.14,1.397,gpm_synthetic,simulated
ISRO-2016-0088,23.545372,91.67672,2016-06-09,0.14,2.52,8.86,29.51,61.79,396.61,0.137,gpm_synthetic,simulated
ISRO-2005-0089,27.630745,91.945987,2005-07-22,0.69,3.26,23.85,36.48,47.95,67.56,0.688,gpm_synthetic,simulated
ISRO-2018-0090,25.701277,92.843795,2018-08-05,3.08,3.47,17.5,34.14,35.94,46.73,3.083,gpm_synthetic,simulated
ISRO-2010-0091,26.266486,94.467921,2010-04-26,0.05,0.25,3.24,4.25,4.4,5.49,0.051,gpm_synthetic,simulated
ISRO-2009-0092,23.508044,91.506285,2009-05-02,0.72,0.03,5.42,12.87,16.64,26.02,0.72,gpm_synthetic,simulated
ISRO-2003-0093,24.901036,94.047063,2003-01-12,0.23,3.35,6.19,23.59,39.73,104.58,0.227,gpm_synthetic,simulated
ISRO-2010-0094,27.294751,95.116547,2010-09-12,3.25,11.04,4.9,29.17,29.37,135.1,3.25,gpm_synthetic,simulated
ISRO-2004-0095,23.389932,92.791629,2004-07-07,6.29,3.16,75.32,126.9,164.63,208.53,6.294,gpm_synthetic,simulated
ISRO-2015-0096,27.325227,88.173687,2015-11-04,0.02,14.37,9.01,17.11,22.87,36.42,0.017,gpm_synthetic,simulated
ISRO-2000-0097,27.060075,92.870819,2000-08-16,2.39,10.17,6.87,30.0,50.36,53.04,2.386,gpm_synthetic,simulated
ISRO-2013-0098,25.331372,91.136469,2013-06-24,0.75,6.37,6.16,30.25,31.25,42.15,0.746,gpm_synthetic,simulated
ISRO-2022-0099,27.130768,88.45658,2022-10-09,0.27,0.34,0.58,5.99,9.82,30.73,0.271,gpm_synthetic,simulated
ISRO-2005-0100,22.689054,92.564917,2005-01-10,0.2,0.01,7.68,17.31,29.63,37.69,0.195,gpm_synthetic,simulated
ISRO-2016-0101,26.008577,94.09501,2016-05-17,5.64,5.39,12.93,33.98,56.07,119.81,5.636,gpm_synthetic,simulated
ISRO-2010-0102,26.545887,94.452004,2010-12-01,0.17,1.01,1.32,12.44,15.01,15.42,0.17,gpm_synthetic,simulated
ISRO-2020-0103,27.3181,95.260896,2020-03-08,0.4,1.33,8.42,17.97,22.57,26.73,0.397,gpm_synthetic,simulated
ISRO-2018-0104,23.25908,91.647857,2018-10-07,2.63,0.87,19.19,20.16,27.65,46.92,2.626,gpm_synthetic,simulated
ISRO-2007-0105,25.58881,91.112885,2007-09-16,5.38,20.52,8.76,48.1,141.72,325.81,5.385,gpm_synthetic,simulated
ISRO-1998-0106,23.948014,91.310115,1998-04-12,0.17,0.27,0.22,1.22,3.31,5.36,0.168,gpm_synthetic,simulated
ISRO-2001-0107,25.530775,91.939221,2001-10-06,1.79,20.61,25.31,51.43,53.82,83.41,1.791,gpm_synthetic,simulated
ISRO-2016-0108,27.689183,88.339526,2016-09-14,0.45,1.46,2.42,14.44,30.69,41.03,0.455,gpm_synthetic,simulated
ISRO-2000-0109,25.201987,94.282786,2000-04-22,8.54,13.27,14.37,57.94,76.93,108.69,8.535,gpm_synthetic,simulated
ISRO-2022-0110,26.438572,94.309656,2022-07-24,5.15,4.58,21.22,32.97,37.95,82.35,5.15,gpm_synthetic,simulated
ISRO-2008-0111,24.550887,94.117691,2008-06-13,4.97,0.05,28.53,94.07,117.65,328.89,4.97,gpm_synthetic,simulated
ISRO-2002-0112,25.492281,91.319739,2002-06-26,0.67,11.48,6.45,18.02,22.52,109.34,0.674,gpm_synthetic,simulated
ISRO-2004-0113,25.251044,91.242883,2004-07-15,0.57,20.65,7.1,48.56,52.69,124.75,0.574,gpm_synthetic,simulated
ISRO-2021-0114,27.37626,95.197753,2021-06-03,2.07,14.14,21.47,49.63,83.27,412.19,2.074,gpm_synthetic,simulated
ISRO-2020-0115,26.542284,94.941183,2020-04-26,0.44,3.42,0.5,17.0,22.39,59.78,0.438,gpm_synthetic,simulated
ISRO-2000-0116,25.172898,94.158378,2000-05-15,1.24,5.16,6.15,19.38,26.97,42.17,1.24,gpm_synthetic,simulated
ISRO-2012-0117,24.917565,94.298016,2012-07-11,1.65,2.31,69.21,76.15,169.36,503.45,1.654,gpm_synthetic,simulated
ISRO-2021-0118,23.210328,92.898061,2021-06-03,0.25,0.84,0.28,2.96,3.66,6.19,0.254,gpm_synthetic,simulated
ISRO-2009-0119,27.972629,94.805123,2009-10-23,0.07,0.27,0.53,2.31,3.6,4.35,0.068,gpm_synthetic,simulated
ISRO-2004-0120,25.230627,91.62001,2004-09-24,0.21,1.69,14.96,14.0,21.54,26.27,0.211,gpm_synthetic,simulated
ISRO-2011-0121,24.467282,93.715877,2011-12-04,0.83,24.97,0.74,13.66,23.91,46.04,0.832,gpm_synthetic,simulated
ISRO-2011-0122,24.653859,94.276592,2011-05-01,0.01,72.34,18.58,117.42,200.4,357.98,0.01,gpm_synthetic,simulated
ISRO-2009-0123,28.050226,94.715943,2009-12-06,0.11,0.24,1.33,9.99,10.22,35.66,0.113,gpm_synthetic,simulated
ISRO-2001-0124,27.510333,88.520694,2001-07-02,1.14,4.82,3.6,23.7,28.78,32.97,1.138,gpm_synthetic,simulated
ISRO-2017-0125,22.755977,93.011892,2017-08-12,2.64,5.16,15.07,95.3,118.37,235.6,2.637,gpm_synthetic,simulated
ISRO-1999-0126,27.479131,88.214515,1999-08-05,5.93,2.66,24.75,48.43,67.89,102.02,5.93,gpm_synthetic,simulated
ISRO-2016-0127,24.48055,93.979976,2016-08-17,8.87,71.76,19.33,105.98,239.41,335.14,8.867,gpm_synthetic,simulated
ISRO-2014-0128,27.473004,94.970127,2014-11-13,0.11,0.51,0.17,1.17,1.72,1.83,0.112,gpm_synthetic,simulated
ISRO-2014-0129,26.40124,94.223768,2014-09-10,2.35,37.73,0.83,36.62,75.38,159.57,2.351,gpm_synthetic,simulated
ISRO-2010-0130,23.603543,92.65965,2010-07-18,0.27,0.88,1.18,5.29,11.64,23.02,0.275,gpm_synthetic,simulated
ISRO-2000-0131,27.383745,88.677759,2000-01-18,6.42,13.4,26.52,20.54,58.13,135.84,6.425,gpm_synthetic,simulated
ISRO-2019-0132,23.67334,91.383925,2019-06-04,0.4,2.15,4.49,10.96,20.97,41.43,0.402,gpm_synthetic,simulated
ISRO-2020-0133,27.051261,88.32104,2020-12-19,0.75,1.21,3.65,8.62,12.76,27.88,0.75,gpm_synthetic,simulated
ISRO-2006-0134,28.338064,94.649838,2006-02-19,0.01,0.01,0.93,0.77,1.1,2.94,0.009,gpm_synthetic,simulated
ISRO-2009-0135,25.017969,94.576992,2009-08-09,2.13,10.8,22.58,68.43,113.96,327.49,2.134,gpm_synthetic,simulated
ISRO-2004-0136,27.506336,88.811937,2004-12-23,0.07,0.17,0.59,3.57,3.76,21.9,0.073,gpm_synthetic,simulated
ISRO-2010-0137,27.278226,95.070113,2010-06-18,4.36,59.49,5.72,189.84,283.63,1167.59,4.355,gpm_synthetic,simulated
ISRO-2003-0138,26.258028,94.080285,2003-01-05,0.01,0.53,1.85,2.45,2.64,5.15,0.012,gpm_synthetic,simulated
ISRO-2001-0139,25.637168,92.507852,2001-12-11,0.23,0.04,0.21,1.1,1.2,6.01,0.235,gpm_synthetic,simulated
ISRO-2013-0140,24.71645,94.140411,2013-05-02,0.55,8.15,13.7,19.9,21.26,49.99,0.546,gpm_synthetic,simulated
ISRO-2014-0141,26.305922,94.366265,2014-07-05,2.9,22.02,3.9,131.08,131.39,146.7,2.903,gpm_synthetic,simulated
ISRO-2014-0142,26.546021,94.949711,2014-04-14,0.01,1.28,3.3,4.47,4.86,5.13,0.011,gpm_synthetic,simulated
ISRO-2009-0143,26.062388,93.67571,2009-07-19,23.44,5.69,146.46,278.15,286.54,568.16,23.444,gpm_synthetic,simulated
ISRO-2008-0144,23.710773,91.42441,2008-08-22,8.49,22.92,2.85,209.37,234.05,241.98,8.486,gpm_synthetic,simulated
ISRO-2000-0145,27.026763,88.31692,2000-03-02,0.01,0.01,0.08,0.89,1.9,3.33,0.012,gpm_synthetic,simulated
ISRO-1998-0146,27.376129,95.361564,1998-05-05,0.26,3.23,17.81,28.45,37.32,151.75,0.258,gpm_synthetic,simulated
ISRO-2018-0147,24.796378,94.047241,2018-06-20,0.07,1.18,9.05,7.43,10.98,11.03,0.071,gpm_synthetic,simulated
ISRO-2009-0148,26.133952,94.359595,2009-09-06,0.4,3.56,88.4,74.65,105.3,360.65,0.395,gpm_synthetic,simulated
ISRO-2002-0149,26.561554,92.749253,2002-05-27,0.07,0.03,1.04,3.07,5.03,6.9,0.071,gpm_synthetic,simulated
ISRO-2019-0150,26.637798,92.986429,2019-06-06,2.06,25.03,88.98,153.87,156.19,234.02,2.06,gpm_synthetic,simulated
ISRO-2012-0151,27.625454,91.964273,2012-02-20,0.26,5.51,9.7,6.65,10.32,13.32,0.263,gpm_synthetic,simulated
ISRO-2004-0152,22.859328,92.928955,2004-08-23,0.71,6.17,0.24,42.25,47.21,181.82,0.707,gpm_synthetic,simulated
ISRO-2005-0153,26.432048,92.888326,2005-01-02,0.07,6.16,3.11,22.57,42.33,135.01,0.07,gpm_synthetic,simulated
ISRO-2002-0154,26.495132,94.684978,2002-12-13,0.3,0.26,8.27,17.23,33.91,49.9,0.299,gpm_synthetic,simulated
ISRO-2002-0155,25.389764,91.957046,2002-06-03,13.1,10.15,178.38,115.94,116.57,375.12,13.101,gpm_synthetic,simulated
ISRO-2019-0156,22.810199,92.730379,2019-07-02,0.24,10.73,44.11,35.4,38.76,96.66,0.242,gpm_synthetic,simulated
ISRO-2020-0157,26.514833,94.499916,2020-05-03,0.01,3.19,2.39,30.8,75.51,118.1,0.012,gpm_synthetic,simulated
ISRO-2016-0158,23.659904,91.61303,2016-03-27,0.04,1.56,0.61,1.82,2.8,13.1,0.04,gpm_synthetic,simulated
ISRO-2012-0159,27.453095,95.035171,2012-08-27,3.02,23.07,31.78,75.94,195.05,292.04,3.018,gpm_synthetic,simulated
ISRO-2007-0160,26.342376,94.514026,2007-06-09,7.69,19.95,173.59,131.89,136.66,545.76,7.693,gpm_synthetic,simulated
ISRO-2006-0161,23.354335,92.66576,2006-11-18,0.56,0.12,10.66,18.62,30.87,56.1,0.559,gpm_synthetic,simulated
ISRO-2009-0162,26.133967,93.880909,2009-08-18,0.93,7.17,19.25,25.23,55.82,80.75,0.93,gpm_synthetic,simulated
ISRO-2000-0163,25.333031,91.111557,2000-06-11,1.71,68.09,39.17,115.99,157.57,422.47,1.709,gpm_synthetic,simulated
ISRO-2018-0164,25.713752,91.048697,2018-03-19,0.14,0.24,0.2,1.42,2.25,9.05,0.141,gpm_synthetic,simulated
ISRO-2012-0165,26.952309,88.069271,2012-08-19,1.06,3.56,102.56,163.18,200.98,498.49,1.062,gpm_synthetic,simulated
ISRO-2010-0166,25.482879,92.452737,2010-07-22,2.18,52.23,24.5,152.63,168.07,426.19,2.181,gpm_synthetic,simulated
ISRO-2004-0167,27.930294,94.837454,2004-08-14,8.97,88.55,81.26,186.02,210.71,376.74,8.971,gpm_synthetic,simulated
ISRO-2002-0168,27.547136,88.589074,2002-04-11,1.3,30.46,31.81,115.41,215.96,349.78,1.299,gpm_synthetic,simulated
ISRO-2022-0169,22.953606,92.76249,2022-07-10,1.5,0.47,14.96,18.71,60.94,61.4,1.502,gpm_synthetic,simulated
ISRO-2005-0170,28.001898,94.887167,2005-08-01,0.35,1.52,42.56,38.42,60.89,98.17,0.354,gpm_synthetic,simulated
ISRO-2014-0171,22.838367,92.859357,2014-07-02,0.27,2.9,1.21,4.22,5.45,11.63,0.271,gpm_synthetic,simulated
ISRO-2002-0172,25.622071,90.098405,2002-07-26,1.67,20.31,17.37,42.76,57.17,95.46,1.671,gpm_synthetic,simulated
ISRO-2014-0173,23.585705,92.767117,2014-07-12,0.72,4.35,1.08,12.15,16.26,51.85,0.715,gpm_synthetic,simulated
ISRO-2021-0174,25.0702,92.202899,2021-11-09,0.22,2.9,9.9,10.15,15.6,51.96,0.223,gpm_synthetic,simulated
ISRO-2000-0175,26.979912,88.467354,2000-08-05,7.74,15.81,52.07,74.33,102.03,180.08,7.741,gpm_synthetic,simulated
ISRO-2009-0176,26.081559,94.934376,2009-06-09,1.08,1.94,0.77,19.68,46.17,50.23,1.082,gpm_synthetic,simulated
ISRO-2019-0177,23.803922,92.66501,2019-10-27,0.3,4.51,0.81,37.26,53.53,132.83,0.3,gpm_synthetic,simulated
ISRO-2011-0178,26.121748,94.099461,2011-09-27,3.43,8.89,6.9,27.33,50.04,50.56,3.429,gpm_synthetic,simulated
ISRO-2007-0179,26.045753,93.694877,2007-09-03,1.33,1.66,18.19,54.36,69.48,137.94,1.33,gpm_synthetic,simulated
ISRO-1998-0180,27.128762,95.05291,1998-06-27,1.06,0.06,0.95,5.66,17.5,21.06,1.065,gpm_synthetic,simulated
ISRO-2003-0181,27.874559,94.526801,2003-06-02,0.65,1.66,10.57,7.67,13.57,35.54,0.654,gpm_synthetic,simulated
ISRO-2013-0182,23.550934,92.650292,2013-10-17,0.42,2.28,5.55,4.01,6.2,7.83,0.419,gpm_synthetic,simulated
ISRO-2003-0183,25.268921,92.322847,2003-09-11,9.33,159.73,3.37,179.84,468.17,596.57,9.327,gpm_synthetic,simulated
ISRO-2014-0184,26.486427,92.76738,2014-09-07,0.53,2.01,8.33,15.23,59.33,60.28,0.534,gpm_synthetic,simulated
ISRO-2000-0185,27.298824,88.609775,2000-07-14,5.08,7.42,27.12,32.29,41.45,105.47,5.083,gpm_synthetic,simulated
ISRO-2008-0186,26.983413,88.346478,2008-08-07,1.32,12.05,22.15,17.6,17.98,82.14,1.324,gpm_synthetic,simulated
ISRO-2020-0187,25.287781,91.880165,2020-08-23,7.02,20.19,235.18,108.51,167.22,781.93,7.024,gpm_synthetic,simulated
ISRO-2019-0188,26.565533,94.123837,2019-09-18,1.9,12.41,14.77,33.14,138.09,259.67,1.903,gpm_synthetic,simulated
ISRO-2018-0189,22.902881,92.918287,2018-06-13,0.95,19.83,109.0,63.91,78.42,217.54,0.954,gpm_synthetic,simulated
ISRO-2013-0190,24.923635,94.597344,2013-05-08,0.54,0.01,0.33,6.57,12.1,18.82,0.544,gpm_synthetic,simulated
ISRO-2005-0191,24.514696,94.091413,2005-09-21,1.76,26.89,57.52,104.72,124.84,204.84,1.758,gpm_synthetic,simulated
ISRO-2001-0192,26.186715,94.604167,2001-08-04,3.41,20.34,12.95,79.29,158.01,178.69,3.414,gpm_synthetic,simulated
ISRO-2017-0193,25.623995,92.857537,2017-10-13,1.13,11.53,2.48,18.86,30.17,116.04,1.128,gpm_synthetic,simulated
ISRO-2009-0194,25.44603,92.570464,2009-07-21,1.47,21.38,10.33,135.68,217.01,245.5,1.469,gpm_synthetic,simulated
ISRO-2005-0195,26.134636,94.367999,2005-12-21,0.24,1.45,31.61,24.69,58.15,75.95,0.241,gpm_synthetic,simulated
ISRO-2022-0196,22.956758,92.99489,2022-10-25,0.0,0.0,0.02,0.04,0.05,0.31,0.001,gpm_synthetic,simulated
ISRO-2009-0197,23.397157,92.653681,2009-08-16,1.46,6.34,94.83,75.61,84.71,136.78,1.461,gpm_synthetic,simulated
ISRO-2017-0198,26.673918,94.447412,2017-11-24,0.44,0.28,0.41,2.42,4.47,5.39,0.438,gpm_synthetic,simulated
ISRO-2013-0199,27.519403,88.52232,2013-07-16,1.11,0.56,217.37,99.11,178.17,412.51,1.112,gpm_synthetic,simulated
ISRO-2021-0200,22.85144,92.96706,2021-06-19,0.07,0.59,7.33,23.13,23.55,112.81,0.067,gpm_synthetic,simulated
ISRO-2020-0201,27.020028,88.388854,2020-06-22,5.13,72.83,2.26,94.15,98.91,402.91,5.13,gpm_synthetic,simulated
ISRO-2008-0202,27.566258,91.676517,2008-09-21,1.84,1.68,10.77,33.68,36.52,75.09,1.842,gpm_synthetic,simulated
ISRO-1998-0203,23.735584,92.747039,1998-06-02,2.84,25.55,21.04,28.46,39.52,48.19,2.84,gpm_synthetic,simulated
ISRO-2007-0204,27.123538,92.935772,2007-06-06,26.67,0.68,51.06,105.87,130.38,419.75,26.674,gpm_synthetic,simulated
ISRO-2014-0205,25.595201,91.241494,2014-07-12,2.57,19.74,42.58,37.91,54.68,71.37,2.57,gpm_synthetic,simulated
ISRO-2016-0206,27.098894,95.184116,2016-06-06,0.39,49.61,26.75,74.8,85.3,165.81,0.392,gpm_synthetic,simulated
ISRO-2020-0207,26.65136,94.083015,2020-06-08,0.22,0.96,5.53,8.06,22.39,42.63,0.22,gpm_synthetic,simulated
ISRO-2003-0208,23.973336,91.249598,2003-05-01,0.6,0.08,1.13,12.96,17.55,53.15,0.599,gpm_synthetic,simulated
ISRO-2020-0209,24.675499,94.07419,2020-03-07,0.62,6.9,0.61,7.32,13.61,29.84,0.622,gpm_synthetic,simulated
ISRO-2016-0210,25.314147,91.140419,2016-09-26,1.19,7.42,11.94,27.79,32.35,66.16,1.188,gpm_synthetic,simulated
ISRO-2016-0211,23.660253,91.724676,2016-05-08,0.09,0.37,1.98,2.24,2.67,6.29,0.09,gpm_synthetic,simulated
ISRO-2012-0212,25.447551,91.143446,2012-06-25,0.17,7.53,5.67,14.76,49.17,54.7,0.167,gpm_synthetic,simulated
ISRO-2002-0213,26.447616,94.930313,2002-11-20,0.34,2.22,1.22,9.32,10.87,42.86,0.337,gpm_synthetic,simulated
ISRO-2009-0214,23.943314,92.296904,2009-10-12,9.2,31.34,2.33,57.14,72.77,131.38,9.199,gpm_synthetic,simulated
ISRO-2022-0215,23.591765,92.60066,2022-07-21,0.94,6.62,27.24,15.64,22.61,64.57,0.942,gpm_synthetic,simulated
ISRO-1998-0216,23.660079,91.405959,1998-08-16,8.05,10.19,120.0,121.92,195.01,340.04,8.049,gpm_synthetic,simulated
ISRO-1998-0217,26.448218,94.222574,1998-09-02,0.05,0.08,0.09,0.33,0.36,0.81,0.053,gpm_synthetic,simulated
ISRO-2020-0218,26.357962,94.015646,2020-06-22,7.49,8.47,100.07,90.98,93.96,223.61,7.492,gpm_synthetic,simulated
ISRO-2015-0219,25.06778,94.221997,2015-08-15,0.42,0.66,1.49,8.32,9.17,14.95,0.425,gpm_synthetic,simulated
ISRO-2020-0220,27.755876,91.724782,2020-05-16,1.55,2.37,10.36,29.84,51.53,102.19,1.555,gpm_synthetic,simulated
ISRO-2006-0221,27.134567,88.455886,2006-05-03,15.71,3.73,85.75,100.16,227.46,661.72,15.713,gpm_synthetic,simulated
ISRO-2001-0222,27.763627,91.84012,2001-08-21,6.04,37.54,40.71,198.8,220.74,1312.94,6.042,gpm_synthetic,simulated
ISRO-2015-0223,23.773696,91.223032,2015-05-13,1.23,3.27,0.76,40.32,61.97,138.05,1.23,gpm_synthetic,simulated
ISRO-2004-0224,26.671035,93.915101,2004-10-19,9.16,9.56,9.05,178.07,428.8,485.39,9.164,gpm_synthetic,simulated
ISRO-2003-0225,26.594451,94.204898,2003-08-08,0.1,1.07,30.05,42.86,58.09,149.28,0.102,gpm_synthetic,simulated
ISRO-2013-0226,25.061773,93.91754,2013-09-19,4.32,53.54,116.22,137.34,166.1,964.16,4.318,gpm_synthetic,simulated
ISRO-2008-0227,27.893356,94.561184,2008-09-12,9.0,19.19,162.42,116.61,190.99,515.04,8.998,gpm_synthetic,simulated
ISRO-2017-0228,27.586278,91.799597,2017-11-17,0.23,1.44,0.72,9.01,13.38,17.26,0.228,gpm_synthetic,simulated
ISRO-2016-0229,23.285925,91.607844,2016-11-14,1.21,2.29,6.76,14.07,40.86,53.07,1.211,gpm_synthetic,simulated
ISRO-2009-0230,25.340442,90.858458,2009-01-03,0.1,2.16,6.85,13.94,15.82,23.67,0.096,gpm_synthetic,simulated
ISRO-1998-0231,26.234991,94.327142,1998-05-26,14.74,46.44,13.93,98.46,137.7,203.95,14.738,gpm_synthetic,simulated
ISRO-2008-0232,25.529822,91.26534,2008-08-25,0.31,0.96,8.0,8.43,11.03,19.18,0.313,gpm_synthetic,simulated
ISRO-2003-0233,26.193446,94.575217,2003-08-08,6.91,191.34,359.81,350.0,596.24,1070.65,6.905,gpm_synthetic,simulated
ISRO-2013-0234,25.579985,91.616467,2013-08-06,0.33,0.48,3.53,14.31,25.57,156.1,0.329,gpm_synthetic,simulated
ISRO-2022-0235,25.742523,92.903053,2022-06-22,0.54,8.65,0.97,47.47,47.66,140.43,0.542,gpm_synthetic,simulated
ISRO-2010-0236,26.468335,92.754162,2010-07-21,0.79,1.74,21.7,38.49,95.17,97.31,0.787,gpm_synthetic,simulated
ISRO-2019-0237,25.473141,90.863934,2019-08-21,0.52,37.06,34.53,86.99,132.98,248.64,0.525,gpm_synthetic,simulated
ISRO-2014-0238,25.387516,92.482473,2014-08-02,3.93,7.87,3.38,67.52,104.92,130.55,3.927,gpm_synthetic,simulated
ISRO-2013-0239,25.472344,90.971426,2013-10-02,0.04,0.66,2.9,5.79,13.9,54.23,0.04,gpm_synthetic,simulated
ISRO-2020-0240,23.424747,92.52502,2020-09-06,1.35,12.22,9.11,40.49,58.36,68.27,1.35,gpm_synthetic,simulated
ISRO-2010-0241,27.400136,88.388616,2010-06-10,0.22,8.86,40.39,120.4,351.72,830.53,0.22,gpm_synthetic,simulated
ISRO-1998-0242,24.769589,94.472005,1998-09-17,6.3,17.66,72.04,271.72,327.18,919.48,6.3,gpm_synthetic,simulated
ISRO-2009-0243,27.551703,88.272783,2009-06-02,0.98,13.94,166.29,117.89,322.85,625.63,0.985,gpm_synthetic,simulated
ISRO-2018-0244,27.212843,92.850674,2018-01-26,0.05,0.42,0.38,3.12,3.49,7.19,0.053,gpm_synthetic,simulated
ISRO-2017-0245,27.735101,88.602951,2017-08-27,0.01,0.99,0.58,1.06,1.32,1.84,0.011,gpm_synthetic,simulated
ISRO-2013-0246,23.758627,91.335921,2013-09-05,9.56,3.73,12.41,66.69,198.89,437.85,9.556,gpm_synthetic,simulated
ISRO-2009-0247,25.504915,90.906107,2009-09-27,0.11,31.58,25.7,56.93,68.77,107.88,0.114,gpm_synthetic,simulated
ISRO-2009-0248,26.421284,94.617073,2009-10-06,0.1,0.07,1.47,4.15,4.43,10.72,0.103,gpm_synthetic,simulated
ISRO-2013-0249,23.613335,92.578947,2013-12-19,0.01,1.27,0.02,1.36,1.69,4.9,0.008,gpm_synthetic,simulated
ISRO-2006-0250,27.285622,88.387653,2006-06-21,5.79,15.59,64.83,73.15,97.15,164.26,5.792,gpm_synthetic,simulated
ISRO-2019-0251,25.373195,91.626488,2019-05-18,1.36,0.97,18.87,28.6,30.43,102.09,1.356,gpm_synthetic,simulated
ISRO-2001-0252,26.193767,93.673686,2001-05-08,1.2,8.79,89.31,62.36,156.83,312.75,1.203,gpm_synthetic,simulated
ISRO-2004-0253,25.266022,92.757193,2004-09-11,1.01,1.7,27.25,22.11,35.8,63.77,1.014,gpm_synthetic,simulated
ISRO-2009-0254,25.347036,91.555151,2009-08-11,0.71,2.59,58.6,32.24,46.99,96.88,0.713,gpm_synthetic,simulated
ISRO-2006-0255,26.46064,93.800144,2006-12-22,0.6,0.0,9.86,4.63,5.86,7.36,0.599,gpm_synthetic,simulated
ISRO-2005-0256,27.343778,88.366178,2005-12-26,0.09,0.34,0.04,3.63,5.27,8.33,0.09,gpm_synthetic,simulated
ISRO-2001-0257,25.418143,91.243824,2001-07-01,1.35,26.88,17.58,49.17,56.21,96.2,1.353,gpm_synthetic,simulated
ISRO-2022-0258,26.987438,92.815461,2022-12-02,0.31,3.24,0.54,9.91,22.42,48.61,0.314,gpm_synthetic,simulated
ISRO-2008-0259,25.915053,90.301206,2008-06-27,5.0,3.24,20.37,51.52,67.23,104.79,5.003,gpm_synthetic,simulated
ISRO-2004-0260,27.177738,92.944945,2004-12-15,0.14,0.4,2.32,4.72,8.23,21.01,0.138,gpm_synthetic,simulated
ISRO-2007-0261,24.350092,93.990017,2007-09-05,3.6,12.32,20.5,29.59,30.71,128.3,3.597,gpm_synthetic,simulated
ISRO-2015-0262,26.083255,93.830649,2015-08-24,0.87,6.21,10.53,72.5,73.22,533.64,0.868,gpm_synthetic,simulated
ISRO-1998-0263,26.4973,93.811969,1998-09-07,6.93,1.91,35.9,36.96,81.81,90.81,6.927,gpm_synthetic,simulated
ISRO-2013-0264,26.60518,94.306793,2013-07-27,1.93,5.88,22.77,96.68,121.66,194.79,1.927,gpm_synthetic,simulated
ISRO-2002-0265,26.356555,94.457062,2002-06-26,17.18,264.59,22.21,158.32,269.67,424.42,17.177,gpm_synthetic,simulated
ISRO-2004-0266,25.166405,91.289677,2004-07-06,2.58,29.14,64.78,141.54,214.72,404.98,2.579,gpm_synthetic,simulated
ISRO-2000-0267,25.162602,91.251057,2000-12-21,1.01,4.85,2.82,18.69,31.83,63.31,1.007,gpm_synthetic,simulated
ISRO-2005-0268,23.93697,91.432378,2005-11-23,0.02,5.08,8.45,17.03,17.1,51.19,0.02,gpm_synthetic,simulated
ISRO-2005-0269,26.714621,93.797171,2005-09-27,1.03,3.11,0.6,29.04,73.0,159.08,1.028,gpm_synthetic,simulated
ISRO-2017-0270,23.849611,92.551205,2017-04-24,0.09,0.32,1.24,5.92,11.68,64.16,0.095,gpm_synthetic,simulated
ISRO-2009-0271,23.582607,92.446368,2009-10-12,12.67,0.19,8.34,120.79,193.5,284.25,12.669,gpm_synthetic,simulated
ISRO-2006-0272,26.501256,93.958872,2006-08-07,7.44,142.98,5.6,117.22,128.47,218.8,7.435,gpm_synthetic,simulated
ISRO-2008-0273,25.861956,90.178361,2008-09-27,1.43,26.12,40.36,156.53,188.33,440.85,1.428,gpm_synthetic,simulated
ISRO-2011-0274,23.634989,91.459114,2011-06-16,0.25,0.09,2.55,9.22,10.68,28.45,0.245,gpm_synthetic,simulated
ISRO-2016-0275,24.579424,94.448928,2016-03-23,0.19,0.21,4.99,19.91,26.6,80.5,0.192,gpm_synthetic,simulated
ISRO-2000-0276,25.018526,94.597364,2000-07-06,2.24,5.81,12.31,54.51,133.66,240.38,2.238,gpm_synthetic,simulated
ISRO-2001-0277,25.102076,92.349883,2001-10-13,0.14,0.83,0.77,6.46,12.43,13.57,0.138,gpm_synthetic,simulated
ISRO-2000-0278,27.414816,88.523747,2000-07-09,0.87,19.83,12.0,38.53,44.27,127.77,0.865,gpm_synthetic,simulated
ISRO-2020-0279,25.576654,90.402636,2020-02-02,0.88,4.96,2.08,26.75,36.58,97.51,0.876,gpm_synthetic,simulated
ISRO-2000-0280,25.224926,94.224257,2000-05-24,0.05,0.25,1.25,1.28,1.68,4.6,0.054,gpm_synthetic,simulated
ISRO-2005-0281,25.080315,92.034439,2005-07-07,0.42,0.18,0.75,14.87,22.87,153.36,0.418,gpm_synthetic,simulated
ISRO-2007-0282,25.322692,91.416953,2007-07-21,2.39,5.23,3.34,54.6,55.55,229.45,2.388,gpm_synthetic,simulated
ISRO-2020-0283,27.146836,92.779359,2020-09-12,0.1,0.52,0.02,2.24,6.35,7.33,0.104,gpm_synthetic,simulated
ISRO-2012-0284,24.813282,94.22576,2012-09-14,0.76,13.28,4.53,51.56,142.55,204.0,0.761,gpm_synthetic,simulated
ISRO-2016-0285,25.171228,94.284527,2016-08-01,1.74,10.84,13.28,50.36,259.84,317.5,1.741,gpm_synthetic,simulated
ISRO-2008-0286,25.144052,92.019512,2008-06-20,0.07,10.41,27.53,13.29,14.86,33.38,0.066,gpm_synthetic,simulated
ISRO-2002-0287,27.196156,95.436035,2002-08-20,8.39,16.14,22.81,89.61,94.55,397.73,8.387,gpm_synthetic,simulated
ISRO-2016-0288,27.871588,94.452429,2016-12-20,0.1,8.65,34.01,30.57,30.79,45.6,0.103,gpm_synthetic,simulated
ISRO-2008-0289,27.412322,88.410857,2008-08-12,2.04,96.4,464.12,209.22,219.26,1018.38,2.039,gpm_synthetic,simulated
ISRO-2007-0290,24.340353,93.82606,2007-06-08,9.43,20.32,80.48,117.02,140.63,293.61,9.431,gpm_synthetic,simulated
ISRO-1998-0291,27.083489,88.551637,1998-06-03,1.02,0.49,1.64,7.75,13.58,48.86,1.023,gpm_synthetic,simulated
ISRO-2012-0292,26.998999,93.040219,2012-10-11,0.11,6.7,14.37,25.53,37.4,75.96,0.113,gpm_synthetic,simulated
ISRO-2019-0293,26.434786,94.233873,2019-06-02,4.52,3.71,23.05,19.74,27.27,146.56,4.524,gpm_synthetic,simulated
ISRO-2016-0294,27.383199,91.981274,2016-04-23,8.94,10.13,6.01,49.77,68.75,104.08,8.942,gpm_synthetic,simulated
ISRO-2003-0295,26.524137,93.963122,2003-08-22,0.42,1.1,1.84,7.35,7.62,44.29,0.417,gpm_synthetic,simulated
ISRO-2018-0296,25.475875,90.288824,2018-09-24,0.27,4.44,6.32,7.09,10.6,13.53,0.272,gpm_synthetic,simulated
ISRO-2007-0297,28.110722,94.681114,2007-07-09,12.09,13.21,26.14,72.88,122.2,160.4,12.088,gpm_synthetic,simulated
ISRO-2019-0298,26.35106,94.516893,2019-10-19,1.78,9.4,9.52,30.55,43.28,78.67,1.776,gpm_synthetic,simulated
ISRO-1999-0299,27.431126,95.443593,1999-09-02,2.24,1.07,0.42,24.17,43.14,113.35,2.242,gpm_synthetic,simulated
ISRO-2006-0300,27.055467,88.647595,2006-06-27,0.23,1.29,1.33,3.64,10.32,15.93,0.226,gpm_synthetic,simulated
ISRO-2012-0301,23.546135,92.826537,2012-10-25,0.12,0.96,5.13,3.09,4.21,8.55,0.122,gpm_synthetic,simulated
ISRO-2006-0302,27.715972,88.490948,2006-07-27,4.18,107.14,43.93,316.69,318.69,361.31,4.183,gpm_synthetic,simulated
ISRO-2003-0303,24.513818,93.683687,2003-05-26,0.07,13.59,6.65,10.78,17.94,24.3,0.068,gpm_synthetic,simulated
ISRO-2020-0304,27.11285,92.78431,2020-08-19,3.31,1.66,19.02,32.7,59.43,97.14,3.312,gpm_synthetic,simulated
ISRO-2012-0305,27.411232,88.498637,2012-08-26,3.93,24.88,28.17,154.2,164.87,773.42,3.932,gpm_synthetic,simulated
ISRO-2022-0306,24.630195,94.251203,2022-08-15,6.38,17.52,164.86,114.0,181.29,961.35,6.376,gpm_synthetic,simulated
ISRO-2012-0307,27.542596,88.478667,2012-08-20,0.31,4.68,12.56,15.73,21.22,31.81,0.309,gpm_synthetic,simulated
ISRO-2013-0308,27.400597,91.686578,2013-10-15,0.72,5.56,33.52,22.27,24.85,40.72,0.72,gpm_synthetic,simulated
ISRO-2003-0309,26.517008,92.96372,2003-08-17,0.66,81.38,71.3,192.32,255.9,500.01,0.659,gpm_synthetic,simulated
ISRO-2016-0310,27.609877,91.734116,2016-05-02,0.2,0.1,2.64,22.47,37.88,55.37,0.197,gpm_synthetic,simulated
ISRO-2010-0311,24.66742,94.202875,2010-10-10,1.94,1.89,3.51,14.94,17.27,44.11,1.945,gpm_synthetic,simulated
ISRO-2000-0312,25.75433,90.529548,2000-03-11,0.83,3.15,4.99,11.63,13.34,55.86,0.829,gpm_synthetic,simulated
ISRO-2011-0313,23.355871,91.759725,2011-02-14,2.05,6.94,17.18,23.27,24.89,36.58,2.05,gpm_synthetic,simulated
ISRO-2004-0314,25.976663,94.720176,2004-08-26,3.18,30.14,117.29,144.39,151.6,473.36,3.182,gpm_synthetic,simulated
ISRO-2000-0315,27.298376,88.266366,2000-05-23,0.26,21.26,31.8,73.55,114.37,501.41,0.258,gpm_synthetic,simulated
ISRO-2002-0316,24.831658,94.334047,2002-11-17,0.19,5.79,5.94,19.53,32.45,37.05,0.187,gpm_synthetic,simulated
ISRO-2018-0317,23.865643,91.360073,2018-09-18,0.09,0.14,5.51,6.8,9.22,49.6,0.093,gpm_synthetic,simulated
ISRO-2017-0318,26.338641,92.556199,2017-08-14,6.29,96.44,153.93,125.38,201.36,474.33,6.285,gpm_synthetic,simulated
ISRO-2011-0319,26.937639,93.234966,2011-07-05,5.53,147.07,339.63,167.84,297.72,1425.48,5.531,gpm_synthetic,simulated
ISRO-2014-0320,27.525001,95.092611,2014-02-19,0.08,0.02,0.45,0.86,0.9,1.75,0.084,gpm_synthetic,simulated
ISRO-2013-0321,27.389155,88.723366,2013-08-14,0.24,32.15,86.37,104.12,180.28,671.9,0.244,gpm_synthetic,simulated
ISRO-2014-0322,25.247778,93.857902,2014-09-16,0.42,9.33,3.15,20.96,21.58,52.58,0.418,gpm_synthetic,simulated
ISRO-2015-0323,25.679483,92.511145,2015-02-26,0.08,0.7,0.52,2.38,4.35,7.42,0.083,gpm_synthetic,simulated
ISRO-1998-0324,24.772628,94.31718,1998-07-05,0.42,1.15,3.65,29.77,52.6,103.66,0.416,gpm_synthetic,simulated
ISRO-2014-0325,26.112205,94.597695,2014-04-25,0.09,11.55,6.87,19.13,74.21,102.42,0.087,gpm_synthetic,simulated
ISRO-2008-0326,25.083698,94.078373,2008-02-21,0.11,0.56,2.19,3.06,3.19,5.12,0.108,gpm_synthetic,simulated
ISRO-2014-0327,26.225611,94.893323,2014-08-23,0.82,4.94,35.71,57.38,88.61,114.13,0.82,gpm_synthetic,simulated
ISRO-2002-0328,26.280443,94.061534,2002-10-25,0.0,1.44,0.63,2.03,2.42,3.62,0.002,gpm_synthetic,simulated
ISRO-2012-0329,27.161248,88.330187,2012-06-10,0.69,0.24,17.96,17.04,27.09,71.85,0.689,gpm_synthetic,simulated
ISRO-2020-0330,27.365076,88.610488,2020-07-12,3.78,8.35,104.57,89.09,89.55,376.8,3.785,gpm_synthetic,simulated
ISRO-2015-0331,26.329993,94.537435,2015-07-24,0.03,3.84,96.93,78.59,144.65,226.96,0.029,gpm_synthetic,simulated
ISRO-2014-0332,27.773172,92.046549,2014-10-12,2.95,25.59,1.81,62.59,140.04,174.83,2.947,gpm_synthetic,simulated
ISRO-2007-0333,26.532733,94.002971,2007-10-07,0.67,1.63,4.84,12.09,20.15,62.28,0.674,gpm_synthetic,simulated
ISRO-2010-0334,26.552908,92.997582,2010-08-02,1.85,2.58,17.08,33.98,40.27,60.69,1.852,gpm_synthetic,simulated
ISRO-2007-0335,26.08594,93.941,2007-08-14,0.09,3.22,5.66,25.23,29.58,73.88,0.086,gpm_synthetic,simulated
ISRO-2018-0336,23.876825,92.326746,2018-06-16,0.89,0.08,30.6,24.24,76.83,138.75,0.892,gpm_synthetic,simulated
ISRO-2004-0337,26.405572,93.024323,2004-10-11,1.29,6.45,74.29,71.08,225.98,256.52,1.294,gpm_synthetic,simulated
ISRO-2018-0338,26.066075,94.646651,2018-09-24,0.03,23.03,6.61,20.15,20.33,76.41,0.033,gpm_synthetic,simulated
ISRO-2015-0339,25.684203,90.496242,2015-06-07,0.03,37.64,12.45,83.3,132.75,274.98,0.034,gpm_synthetic,simulated
ISRO-2004-0340,25.919749,94.080282,2004-08-07,4.45,1.29,4.42,97.92,334.6,404.9,4.454,gpm_synthetic,simulated
ISRO-2010-0341,25.653724,90.927641,2010-05-12,1.37,6.18,48.57,37.78,75.93,104.17,1.367,gpm_synthetic,simulated
ISRO-2007-0342,26.596452,92.551354,2007-08-09,0.31,4.72,2.45,18.72,18.83,23.06,0.312,gpm_synthetic,simulated
ISRO-2002-0343,26.314813,94.803348,2002-04-16,0.33,1.23,0.38,5.34,6.34,14.7,0.332,gpm_synthetic,simulated
ISRO-2007-0344,27.641381,88.253136,2007-08-06,21.53,13.07,40.33,105.2,159.09,437.91,21.53,gpm_synthetic,simulated
ISRO-2018-0345,25.290393,91.191039,2018-10-22,0.58,12.64,1.1,33.27,48.29,65.81,0.581,gpm_synthetic,simulated
ISRO-2014-0346,25.209555,93.900261,2014-04-09,0.58,2.69,12.43,27.84,41.42,73.28,0.58,gpm_synthetic,simulated
ISRO-2019-0347,28.3455,94.530891,2019-11-22,2.24,4.3,13.05,17.92,58.41,133.16,2.237,gpm_synthetic,simulated
ISRO-2014-0348,23.707024,92.379871,2014-05-04,1.16,14.71,4.53,24.97,80.93,83.89,1.16,gpm_synthetic,simulated
ISRO-2003-0349,25.495943,91.493425,2003-12-15,0.4,3.03,0.54,7.61,15.97,30.72,0.396,gpm_synthetic,simulated
ISRO-2016-0350,25.244224,94.273299,2016-08-16,2.01,3.51,1.89,61.93,108.54,329.53,2.006,gpm_synthetic,simulated
ISRO-2022-0351,25.396231,91.180652,2022-05-17,0.05,26.02,12.17,28.38,61.92,399.75,0.054,gpm_synthetic,simulated
ISRO-2002-0352,26.132876,94.472482,2002-09-24,0.03,1.46,2.35,2.58,4.35,16.74,0.034,gpm_synthetic,simulated
ISRO-2005-0353,25.548363,90.967302,2005-06-25,1.99,35.91,62.61,102.75,122.61,326.43,1.993,gpm_synthetic,simulated
ISRO-2022-0354,23.619537,91.582606,2022-10-06,0.08,0.65,0.48,4.27,6.72,7.69,0.082,gpm_synthetic,simulated
ISRO-2009-0355,25.863205,90.391922,2009-08-18,1.19,19.87,0.2,21.81,30.56,53.85,1.187,gpm_synthetic,simulated
ISRO-2017-0356,26.366499,92.769119,2017-06-07,0.02,1.43,0.16,1.72,6.19,9.68,0.022,gpm_synthetic,simulated
ISRO-2017-0357,28.038235,94.640118,2017-10-12,0.79,8.64,32.9,7.84,9.19,10.11,0.792,gpm_synthetic,simulated
ISRO-2014-0358,25.265841,92.223895,2014-07-13,19.07,10.78,11.6,175.25,357.87,506.04,19.07,gpm_synthetic,simulated
ISRO-2008-0359,24.311928,93.855221,2008-12-16,0.26,1.64,3.11,9.7,11.17,13.08,0.259,gpm_synthetic,simulated
ISRO-1998-0360,27.474774,91.609243,1998-06-06,0.09,76.57,217.75,195.67,401.61,559.25,0.086,gpm_synthetic,simulated
ISRO-2002-0361,26.796783,93.024837,2002-08-09,2.99,16.16,16.93,53.91,66.1,349.71,2.985,gpm_synthetic,simulated
ISRO-2000-0362,24.313429,93.723273,2000-08-27,3.55,14.54,68.23,153.26,370.7,530.87,3.553,gpm_synthetic,simulated
ISRO-2022-0363,24.352007,93.961536,2022-07-12,4.21,111.51,16.93,329.71,447.34,516.54,4.214,gpm_synthetic,simulated
ISRO-2007-0364,25.374387,92.333953,2007-11-02,0.09,0.26,3.12,7.22,9.51,43.64,0.09,gpm_synthetic,simulated
ISRO-2011-0365,25.586757,90.978124,2011-06-05,0.24,3.59,1.32,7.24,13.02,76.23,0.244,gpm_synthetic,simulated
ISRO-2022-0366,26.053741,94.530523,2022-03-19,1.45,7.11,9.71,18.46,19.37,26.36,1.452,gpm_synthetic,simulated
ISRO-2007-0367,25.398641,92.147147,2007-08-06,4.19,28.52,0.13,86.56,111.99,172.63,4.195,gpm_synthetic,simulated
ISRO-2006-0368,26.292943,93.872314,2006-12-01,0.19,2.67,0.94,4.57,7.01,8.17,0.188,gpm_synthetic,simulated
ISRO-2005-0369,23.659139,92.412203,2005-12-22,0.41,0.13,1.94,3.29,5.39,12.82,0.406,gpm_synthetic,simulated
ISRO-2001-0370,26.606691,92.808939,2001-05-10,0.4,3.4,29.82,47.31,51.82,74.38,0.398,gpm_synthetic,simulated
ISRO-2017-0371,27.234897,92.800381,2017-06-16,3.26,2.77,0.94,61.38,95.01,126.77,3.26,gpm_synthetic,simulated
ISRO-2012-0372,26.241659,92.784567,2012-05-18,0.38,4.88,1.23,29.23,33.69,155.21,0.383,gpm_synthetic,simulated
ISRO-2014-0373,26.605,94.308065,2014-08-24,6.33,53.3,65.36,178.69,257.72,360.22,6.328,gpm_synthetic,simulated
ISRO-1999-0374,26.370647,93.980354,1999-05-15,0.04,0.09,12.69,19.7,29.3,65.06,0.039,gpm_synthetic,simulated
ISRO-2005-0375,27.024477,93.031505,2005-09-13,0.49,3.73,2.0,15.31,30.83,113.7,0.491,gpm_synthetic,simulated
ISRO-2018-0376,22.947048,92.672427,2018-04-21,0.44,2.5,2.56,11.36,15.72,21.16,0.436,gpm_synthetic,simulated
ISRO-1999-0377,25.525418,91.296468,1999-09-25,0.1,0.12,46.9,80.04,99.2,452.36,0.098,gpm_synthetic,simulated
ISRO-2021-0378,26.09578,94.613081,2021-07-07,8.07,69.19,17.83,107.45,199.14,694.69,8.073,gpm_synthetic,simulated
ISRO-2005-0379,26.220645,92.683467,2005-08-24,0.67,8.51,28.94,350.0,455.52,741.12,0.671,gpm_synthetic,simulated
ISRO-2004-0380,24.665052,94.642682,2004-08-20,0.95,10.63,53.69,124.02,150.95,285.29,0.953,gpm_synthetic,simulated
ISRO-2007-0381,27.41214,88.432362,2007-09-13,0.3,2.1,12.27,21.94,49.61,134.61,0.305,gpm_synthetic,simulated
ISRO-2020-0382,23.574337,92.693279,2020-08-03,0.22,3.75,10.21,14.33,19.77,24.07,0.225,gpm_synthetic,simulated
ISRO-2013-0383,24.825832,93.957785,2013-08-08,0.01,0.27,0.65,1.13,1.48,7.81,0.005,gpm_synthetic,simulated
ISRO-2007-0384,25.373016,91.354851,2007-09-05,0.35,2.94,13.45,15.25,26.7,94.94,0.35,gpm_synthetic,simulated
ISRO-2018-0385,28.21178,94.884546,2018-07-25,0.96,5.25,8.6,48.2,50.12,407.23,0.956,gpm_synthetic,simulated
ISRO-2003-0386,25.306954,92.779657,2003-09-22,7.99,6.83,11.45,36.68,60.12,96.84,7.989,gpm_synthetic,simulated
ISRO-2011-0387,26.709544,94.187412,2011-10-25,0.32,6.35,63.49,28.68,42.71,123.17,0.317,gpm_synthetic,simulated
ISRO-2000-0388,25.445138,92.578844,2000-12-05,0.57,7.02,5.95,28.41,42.5,112.19,0.568,gpm_synthetic,simulated
ISRO-2014-0389,26.188009,93.815737,2014-06-18,0.3,2.74,16.98,8.11,9.47,36.32,0.3,gpm_synthetic,simulated
ISRO-2015-0390,24.878224,94.375649,2015-05-18,0.14,2.0,6.31,11.57,12.11,17.17,0.135,gpm_synthetic,simulated
ISRO-2002-0391,22.816189,92.715626,2002-06-13,0.18,0.23,1.87,2.93,3.96,6.43,0.178,gpm_synthetic,simulated
ISRO-2015-0392,23.121974,92.763398,2015-04-25,0.7,38.61,9.18,73.9,89.0,353.75,0.701,gpm_synthetic,simulated
ISRO-2019-0393,25.478409,90.438454,2019-07-11,1.38,66.72,26.71,96.25,217.91,252.1,1.383,gpm_synthetic,simulated
ISRO-2018-0394,26.169747,94.01754,2018-10-20,1.0,3.83,13.1,11.97,14.3,49.65,0.996,gpm_synthetic,simulated
ISRO-2006-0395,25.911894,93.743069,2006-04-09,2.55,13.42,10.15,43.07,80.73,242.22,2.553,gpm_synthetic,simulated
ISRO-2022-0396,26.532184,94.521286,2022-08-20,3.96,57.12,6.41,72.56,113.2,187.06,3.958,gpm_synthetic,simulated
ISRO-1999-0397,25.752067,90.543296,1999-09-19,0.29,7.34,1.73,13.26,21.52,48.15,0.294,gpm_synthetic,simulated
ISRO-2019-0398,26.932339,92.752182,2019-12-14,0.02,1.33,2.71,5.46,5.89,14.69,0.025,gpm_synthetic,simulated
ISRO-1999-0399,27.390272,91.913505,1999-05-24,0.58,21.31,26.95,19.92,94.96,98.21,0.575,gpm_synthetic,simulated
ISRO-2011-0400,25.599961,92.773939,2011-08-11,0.12,6.79,3.77,3.73,5.77,18.33,0.12,gpm_synthetic,simulated
ISRO-2017-0401,25.71137,91.20834,2017-11-18,0.4,0.42,0.76,12.17,23.08,33.48,0.398,gpm_synthetic,simulated
ISRO-2000-0402,26.297677,94.125851,2000-10-19,0.01,0.05,3.17,2.58,3.55,6.39,0.014,gpm_synthetic,simulated
ISRO-2006-0403,25.256497,92.590294,2006-06-09,0.84,0.72,10.64,30.79,55.68,117.23,0.837,gpm_synthetic,simulated
ISRO-2001-0404,26.553917,92.888588,2001-08-06,0.02,4.45,47.93,30.24,55.86,114.47,0.017,gpm_synthetic,simulated
ISRO-2010-0405,26.799966,92.832127,2010-12-04,1.82,1.45,11.71,20.94,59.36,79.58,1.82,gpm_synthetic,simulated
ISRO-2020-0406,23.731483,92.70958,2020-05-09,0.25,15.29,16.16,14.03,17.95,53.94,0.251,gpm_synthetic,simulated
ISRO-2019-0407,23.386287,92.93568,2019-06-15,22.04,2.73,45.78,138.61,373.8,547.75,22.041,gpm_synthetic,simulated
ISRO-2000-0408,27.204374,95.232658,2000-04-02,0.27,0.08,6.78,3.83,7.33,49.26,0.271,gpm_synthetic,simulated
ISRO-2006-0409,27.16404,88.444389,2006-12-21,0.1,0.15,0.88,2.24,3.37,4.23,0.105,gpm_synthetic,simulated
ISRO-2014-0410,26.504963,92.902059,2014-08-23,0.0,1.44,13.35,26.22,29.82,30.23,0.002,gpm_synthetic,simulated
ISRO-2014-0411,22.666805,92.687818,2014-06-03,0.93,7.0,41.97,36.61,53.64,85.08,0.933,gpm_synthetic,simulated
ISRO-2000-0412,27.566687,91.726372,2000-08-20,3.05,0.8,20.15,26.79,34.39,124.73,3.048,gpm_synthetic,simulated
ISRO-2016-0413,24.79849,94.389611,2016-12-01,0.4,0.21,3.33,3.67,4.28,13.1,0.397,gpm_synthetic,simulated
ISRO-2015-0414,27.073682,94.980943,2015-08-01,1.62,8.91,3.05,47.19,196.36,289.06,1.621,gpm_synthetic,simulated
ISRO-2011-0415,25.558319,90.895947,2011-09-02,0.43,4.54,10.07,21.07,36.95,58.85,0.434,gpm_synthetic,simulated
ISRO-1998-0416,25.367018,91.50384,1998-08-22,10.31,20.63,26.83,49.08,71.69,116.83,10.31,gpm_synthetic,simulated
ISRO-2010-0417,27.061518,88.522073,2010-02-08,1.05,39.59,62.45,49.69,57.26,101.76,1.05,gpm_synthetic,simulated
ISRO-2011-0418,25.591563,91.296169,2011-07-15,0.46,19.93,16.71,47.69,63.08,78.32,0.46,gpm_synthetic,simulated
ISRO-2010-0419,26.285944,94.647763,2010-09-16,0.26,1.07,0.8,7.92,15.63,44.63,0.256,gpm_synthetic,simulated
ISRO-1998-0420,27.114472,88.297746,1998-08-10,7.27,110.67,7.23,182.36,374.0,627.86,7.271,gpm_synthetic,simulated
ISRO-2005-0421,27.423107,88.442574,2005-07-17,5.83,1.55,1.75,42.14,76.92,212.9,5.832,gpm_synthetic,simulated
ISRO-2001-0422,24.470521,94.096353,2001-10-01,0.63,3.88,19.48,17.32,27.04,30.35,0.63,gpm_synthetic,simulated
ISRO-1998-0423,23.607698,92.677463,1998-06-26,1.75,3.78,4.23,14.29,14.72,15.41,1.754,gpm_synthetic,simulated
ISRO-2003-0424,25.592624,91.024489,2003-07-26,0.15,2.47,2.47,4.0,4.52,12.98,0.154,gpm_synthetic,simulated
ISRO-2022-0425,25.264172,92.820223,2022-04-26,0.03,0.27,0.02,0.35,0.4,0.4,0.033,gpm_synthetic,simulated
ISRO-1999-0426,27.667211,88.411712,1999-10-25,0.04,0.31,0.22,1.94,3.75,8.19,0.044,gpm_synthetic,simulated
ISRO-2010-0427,27.300406,88.479423,2010-08-04,0.1,0.97,0.09,5.14,6.48,31.22,0.098,gpm_synthetic,simulated
ISRO-2013-0428,25.143393,93.878651,2013-10-23,0.95,7.61,8.88,16.38,34.46,45.37,0.951,gpm_synthetic,simulated
ISRO-2001-0429,25.414331,91.19318,2001-11-24,0.0,0.37,0.08,1.2,1.31,2.41,0.003,gpm_synthetic,simulated
ISRO-2022-0430,27.073951,88.087974,2022-07-16,4.27,1.41,15.67,77.43,84.65,91.78,4.268,gpm_synthetic,simulated
ISRO-2004-0431,25.243929,91.170216,2004-10-10,0.02,1.61,2.94,7.63,10.99,14.86,0.019,gpm_synthetic,simulated
ISRO-2006-0432,25.66082,92.79594,2006-01-16,0.57,8.61,7.82,22.44,28.82,41.93,0.573,gpm_synthetic,simulated
ISRO-2021-0433,26.301152,93.660221,2021-07-22,0.02,1.91,5.62,49.45,57.27,153.28,0.024,gpm_synthetic,simulated
ISRO-2016-0434,26.64651,94.059857,2016-07-09,1.37,8.95,53.26,138.22,163.72,196.15,1.369,gpm_synthetic,simulated
ISRO-2011-0435,26.254751,94.726336,2011-10-12,4.11,23.01,20.04,71.44,80.33,180.78,4.105,gpm_synthetic,simulated
ISRO-2009-0436,26.20262,94.069162,2009-09-16,0.03,2.61,4.95,17.49,24.12,83.52,0.032,gpm_synthetic,simulated
ISRO-2003-0437,26.299187,94.744134,2003-10-01,0.64,2.58,2.42,10.24,12.19,39.43,0.638,gpm_synthetic,simulated
ISRO-2015-0438,25.62915,92.646021,2015-07-24,29.26,171.19,88.11,301.76,402.61,575.97,29.259,gpm_synthetic,simulated
ISRO-2015-0439,23.533555,91.598279,2015-09-22,0.33,17.11,11.69,47.16,51.16,83.14,0.328,gpm_synthetic,simulated
ISRO-2022-0440,27.235631,93.209455,2022-08-21,7.04,17.21,76.84,78.8,229.38,264.85,7.035,gpm_synthetic,simulated
ISRO-2011-0441,25.68412,90.804828,2011-08-11,2.79,36.49,22.63,163.58,213.37,418.59,2.792,gpm_synthetic,simulated
ISRO-2018-0442,24.792192,94.174361,2018-08-01,5.56,12.24,1.28,29.43,30.42,31.15,5.556,gpm_synthetic,simulated
ISRO-2003-0443,23.446088,92.527222,2003-11-09,0.23,13.86,10.02,19.48,33.72,38.85,0.23,gpm_synthetic,simulated
ISRO-2006-0444,26.985476,92.99004,2006-05-27,0.02,13.75,13.14,24.81,33.73,40.96,0.017,gpm_synthetic,simulated
ISRO-2006-0445,26.109613,93.796234,2006-08-22,2.74,13.95,14.3,71.48,118.02,250.01,2.741,gpm_synthetic,simulated
ISRO-2015-0446,25.501966,91.202253,2015-12-05,1.76,3.92,8.07,10.42,16.52,75.27,1.763,gpm_synthetic,simulated
ISRO-2018-0447,25.603387,90.430974,2018-07-04,7.02,1.39,12.84,83.85,268.5,282.59,7.02,gpm_synthetic,simulated
ISRO-2018-0448,26.878338,93.122641,2018-09-02,0.75,3.11,0.75,9.77,18.8,42.04,0.748,gpm_synthetic,simulated
ISRO-2020-0449,24.650356,93.845223,2020-09-14,2.25,1.29,1.91,20.84,22.68,61.55,2.254,gpm_synthetic,simulated
ISRO-2018-0450,26.2934,93.972199,2018-10-27,23.6,0.26,1.7,89.39,112.73,294.77,23.603,gpm_synthetic,simulated
ISRO-2005-0451,23.515012,92.500605,2005-12-06,0.64,4.54,7.58,7.31,11.4,11.55,0.638,gpm_synthetic,simulated
ISRO-2002-0452,23.262889,92.778024,2002-08-09,2.0,4.94,2.01,12.02,15.1,19.83,1.999,gpm_synthetic,simulated
ISRO-2007-0453,24.829869,94.010292,2007-08-27,1.73,26.11,21.05,115.92,127.64,645.08,1.728,gpm_synthetic,simulated
ISRO-2014-0454,24.530326,94.092581,2014-08-19,1.33,9.14,25.44,56.88,65.89,532.2,1.326,gpm_synthetic,simulated
ISRO-2012-0455,25.457842,91.04451,2012-10-02,0.22,1.66,2.06,4.15,5.84,6.56,0.22,gpm_synthetic,simulated
ISRO-2004-0456,22.665105,92.957917,2004-03-05,0.04,0.03,0.38,0.96,1.09,3.65,0.042,gpm_synthetic,simulated
ISRO-2004-0457,26.279589,93.798665,2004-07-06,1.81,0.92,11.34,29.33,38.79,120.55,1.808,gpm_synthetic,simulated
ISRO-2001-0458,25.458526,91.189733,2001-06-02,8.5,20.43,10.78,69.71,205.25,857.09,8.498,gpm_synthetic,simulated
ISRO-2004-0459,24.459905,93.75561,2004-07-04,17.74,24.11,153.86,245.25,564.69,756.56,17.742,gpm_synthetic,simulated
ISRO-2005-0460,26.422925,94.145337,2005-07-24,0.52,2.0,28.05,79.22,83.96,119.05,0.524,gpm_synthetic,simulated
ISRO-2016-0461,27.935502,94.662856,2016-06-14,1.66,8.43,18.89,21.78,27.51,62.67,1.663,gpm_synthetic,simulated
ISRO-2013-0462,23.340705,92.469455,2013-04-17,0.01,1.03,0.48,5.19,6.46,15.87,0.014,gpm_synthetic,simulated
ISRO-2005-0463,25.873692,93.662389,2005-11-12,0.97,9.36,18.07,32.98,34.98,37.46,0.972,gpm_synthetic,simulated
ISRO-1999-0464,25.32655,90.915638,1999-07-19,1.4,2.65,4.58,41.12,55.63,99.43,1.404,gpm_synthetic,simulated
ISRO-2022-0465,23.927181,91.47609,2022-09-23,1.02,97.06,230.84,263.41,310.14,2013.48,1.022,gpm_synthetic,simulated
ISRO-2013-0466,26.40747,92.975518,2013-10-12,2.0,0.36,3.98,19.31,44.71,186.15,1.999,gpm_synthetic,simulated
ISRO-2015-0467,25.82846,90.518139,2015-08-25,3.62,0.85,0.43,28.53,37.43,76.28,3.62,gpm_synthetic,simulated
ISRO-2004-0468,26.612368,94.347898,2004-06-12,0.63,64.38,107.71,75.36,159.35,483.09,0.63,gpm_synthetic,simulated
ISRO-2000-0469,27.70851,91.675086,2000-07-24,0.22,10.24,3.34,39.73,45.32,97.27,0.224,gpm_synthetic,simulated
ISRO-2009-0470,26.625656,93.982301,2009-06-10,4.93,8.84,34.91,55.69,142.36,504.82,4.932,gpm_synthetic,simulated
ISRO-2022-0471,26.91346,92.794195,2022-03-07,1.46,4.65,11.4,20.95,39.27,77.71,1.455,gpm_synthetic,simulated
ISRO-2014-0472,26.565323,94.419936,2014-09-26,0.11,3.26,24.73,14.3,22.34,24.6,0.112,gpm_synthetic,simulated
ISRO-2015-0473,25.08913,92.229011,2015-04-26,0.08,11.18,21.14,35.85,58.49,59.23,0.076,gpm_synthetic,simulated
ISRO-2011-0474,25.013929,94.630113,2011-07-04,0.08,0.25,1.03,2.88,4.39,4.7,0.078,gpm_synthetic,simulated
ISRO-1998-0475,27.426761,91.831165,1998-08-18,0.58,16.07,2.14,16.63,27.93,144.31,0.577,gpm_synthetic,simulated
ISRO-1998-0476,26.853315,92.906194,1998-02-05,0.14,0.38,2.04,2.9,5.84,6.78,0.145,gpm_synthetic,simulated
ISRO-2021-0477,23.049084,92.833878,2021-08-04,1.84,89.65,3.47,107.71,147.44,1393.52,1.845,gpm_synthetic,simulated
ISRO-2008-0478,23.389913,91.692915,2008-09-23,0.04,0.1,0.33,1.03,1.12,7.79,0.037,gpm_synthetic,simulated
ISRO-2016-0479,25.722491,90.185371,2016-12-09,0.1,3.04,0.24,1.91,2.36,7.93,0.099,gpm_synthetic,simulated
ISRO-2008-0480,26.285091,94.595155,2008-09-12,0.08,0.14,0.29,1.42,2.56,2.79,0.076,gpm_synthetic,simulated
ISRO-2015-0481,24.871363,94.476314,2015-12-17,0.06,1.11,0.14,1.58,2.07,2.12,0.06,gpm_synthetic,simulated
ISRO-2003-0482,25.391653,90.962009,2003-07-08,1.05,21.93,48.79,50.29,75.93,420.08,1.051,gpm_synthetic,simulated
ISRO-2018-0483,24.768768,94.503122,2018-07-03,1.25,11.28,27.77,71.79,160.06,396.52,1.248,gpm_synthetic,simulated
ISRO-2021-0484,26.412062,94.231903,2021-08-07,17.89,9.58,60.38,226.45,232.85,1266.58,17.887,gpm_synthetic,simulated
ISRO-2000-0485,26.20994,93.04952,2000-01-12,0.01,0.12,1.26,0.43,1.35,1.5,0.011,gpm_synthetic,simulated
ISRO-2015-0486,25.0073,94.506443,2015-12-13,0.19,0.28,6.14,6.81,12.04,21.52,0.192,gpm_synthetic,simulated
ISRO-2021-0487,27.177386,88.421229,2021-08-18,5.24,49.59,126.38,203.17,239.92,380.41,5.242,gpm_synthetic,simulated
ISRO-2005-0488,26.450033,93.816748,2005-05-06,0.38,0.64,10.59,17.05,19.42,46.25,0.376,gpm_synthetic,simulated
ISRO-2007-0489,27.384247,95.356453,2007-08-24,0.48,2.34,8.8,7.31,10.75,68.29,0.476,gpm_synthetic,simulated
ISRO-2019-0490,27.243187,88.547956,2019-08-09,0.25,1.1,1.89,6.06,8.8,39.8,0.248,gpm_synthetic,simulated
ISRO-2003-0491,25.483421,92.023,2003-06-25,1.15,8.88,15.85,47.56,48.26,109.39,1.15,gpm_synthetic,simulated
ISRO-2001-0492,27.504969,95.215714,2001-08-16,45.78,148.58,84.2,255.5,628.42,946.52,45.782,gpm_synthetic,simulated
ISRO-2006-0493,25.074551,94.098849,2006-04-03,0.84,1.14,32.07,20.58,34.11,120.5,0.835,gpm_synthetic,simulated
ISRO-2002-0494,27.49086,88.45488,2002-10-03,0.87,2.34,0.5,5.5,5.9,28.67,0.865,gpm_synthetic,simulated
ISRO-2021-0495,23.007458,92.584469,2021-12-17,0.04,6.27,0.88,4.72,10.85,25.93,0.038,gpm_synthetic,simulated
ISRO-2005-0496,25.214864,91.497399,2005-07-08,3.82,8.13,61.62,99.44,155.56,566.97,3.818,gpm_synthetic,simulated
ISRO-2008-0497,26.221671,93.026925,2008-08-04,8.27,8.18,33.11,25.1,49.34,98.48,8.267,gpm_synthetic,simulated
ISRO-1999-0498,27.019699,88.296742,1999-04-18,0.89,0.35,0.29,14.88,17.92,36.07,0.892,gpm_synthetic,simulated
ISRO-2007-0499,27.385917,91.660066,2007-12-13,0.0,0.01,0.26,0.14,0.22,0.39,0.002,gpm_synthetic,simulated
ISRO-2000-0500,26.111787,94.368857,2000-04-01,1.39,28.43,3.09,30.41,55.76,60.49,1.393,gpm_synthetic,simulated
ISRO-2015-0501,22.828558,92.975934,2015-08-07,0.05,0.02,0.16,0.66,0.77,1.02,0.052,gpm_synthetic,simulated
ISRO-2002-0502,24.556112,93.781893,2002-11-05,0.45,0.76,0.86,4.6,6.06,9.14,0.447,gpm_synthetic,simulated
ISRO-2004-0503,22.876386,92.593869,2004-06-20,0.7,2.78,3.93,11.52,23.25,24.88,0.705,gpm_synthetic,simulated
ISRO-2017-0504,26.723446,94.075981,2017-08-18,7.91,4.12,0.35,58.23,63.65,223.35,7.914,gpm_synthetic,simulated
ISRO-2014-0505,26.32307,94.51201,2014-07-11,0.02,1.75,0.05,5.9,6.12,17.76,0.019,gpm_synthetic,simulated
ISRO-2009-0506,27.32675,88.117641,2009-08-25,0.1,43.36,6.78,64.14,87.91,188.29,0.098,gpm_synthetic,simulated
ISRO-2007-0507,25.50876,91.624802,2007-08-19,0.47,5.36,12.72,12.34,14.09,57.42,0.474,gpm_synthetic,simulated
ISRO-2005-0508,26.62671,92.747558,2005-12-22,0.46,1.82,1.16,7.3,9.23,27.16,0.463,gpm_synthetic,simulated
ISRO-2000-0509,26.644571,94.090658,2000-11-19,0.52,2.88,2.29,6.22,8.39,20.82,0.521,gpm_synthetic,simulated
ISRO-2008-0510,23.237409,92.464536,2008-08-11,0.82,3.2,229.67,141.44,203.57,299.64,0.822,gpm_synthetic,simulated
ISRO-2007-0511,26.287101,92.914636,2007-08-09,1.21,2.27,9.41,58.11,63.8,269.96,1.209,gpm_synthetic,simulated
ISRO-1999-0512,26.839067,92.800476,1999-10-21,0.05,0.24,0.59,2.13,2.3,8.83,0.047,gpm_synthetic,simulated
ISRO-2012-0513,26.560898,94.293377,2012-07-25,0.96,15.79,49.18,53.01,137.7,414.52,0.959,gpm_synthetic,simulated
ISRO-2020-0514,25.197742,91.506001,2020-11-20,0.05,0.44,2.95,3.19,4.72,15.74,0.047,gpm_synthetic,simulated
ISRO-2017-0515,27.200158,88.433929,2017-08-08,33.33,103.61,32.26,276.89,335.7,843.7,33.329,gpm_synthetic,simulated
ISRO-2021-0516,26.349106,94.69352,2021-12-11,11.57,32.15,65.86,121.0,174.68,350.68,11.574,gpm_synthetic,simulated
ISRO-2017-0517,25.904309,90.41557,2017-07-17,0.45,0.05,5.71,10.07,26.87,30.49,0.45,gpm_synthetic,simulated
ISRO-2010-0518,27.177985,93.104637,2010-07-22,3.87,9.37,59.7,103.51,111.09,257.46,3.867,gpm_synthetic,simulated
ISRO-2009-0519,25.377604,90.76562,2009-07-19,21.2,23.71,76.61,204.22,301.14,308.45,21.197,gpm_synthetic,simulated
ISRO-2008-0520,25.386992,91.440436,2008-11-01,0.55,1.1,0.25,7.67,14.68,33.46,0.548,gpm_synthetic,simulated
ISRO-2011-0521,23.590115,92.680003,2011-08-11,2.28,9.87,46.08,50.44,88.09,88.24,2.276,gpm_synthetic,simulated
ISRO-2011-0522,24.479774,94.131007,2011-12-20,0.13,1.93,6.02,13.04,24.64,74.04,0.127,gpm_synthetic,simulated
ISRO-2013-0523,25.642927,91.476994,2013-09-25,2.61,20.52,7.02,28.96,52.17,59.81,2.61,gpm_synthetic,simulated
ISRO-2020-0524,25.453417,91.902067,2020-03-04,0.01,0.02,0.03,0.11,0.14,0.15,0.011,gpm_synthetic,simulated
ISRO-2011-0525,23.667943,91.489898,2011-05-15,0.56,59.23,11.54,49.02,73.31,323.94,0.56,gpm_synthetic,simulated
ISRO-2003-0526,23.853116,92.302907,2003-09-17,0.28,0.36,1.27,3.86,8.48,15.74,0.283,gpm_synthetic,simulated
ISRO-2009-0527,25.351243,91.099635,2009-07-10,0.07,0.11,0.04,3.64,4.88,7.32,0.066,gpm_synthetic,simulated
ISRO-2014-0528,27.085584,95.437947,2014-06-19,1.67,2.24,100.04,62.73,69.3,183.48,1.668,gpm_synthetic,simulated
ISRO-2003-0529,27.486375,88.651602,2003-08-05,0.25,5.57,9.72,33.09,33.15,189.0,0.248,gpm_synthetic,simulated
ISRO-2016-0530,25.436499,91.883581,2016-07-05,2.97,26.39,158.94,161.23,409.96,1639.66,2.966,gpm_synthetic,simulated
ISRO-2017-0531,23.064061,92.788142,2017-09-14,2.81,15.35,56.71,41.56,53.43,149.0,2.808,gpm_synthetic,simulated
ISRO-2002-0532,23.6501,91.520129,2002-06-05,11.59,6.3,28.66,73.91,167.4,267.96,11.587,gpm_synthetic,simulated
ISRO-1998-0533,27.282584,88.828094,1998-12-08,0.17,1.51,0.48,13.93,32.59,36.49,0.175,gpm_synthetic,simulated
ISRO-2015-0534,23.805911,91.261458,2015-10-23,0.34,1.37,0.28,14.4,18.79,31.54,0.344,gpm_synthetic,simulated
ISRO-2018-0535,27.181239,92.855801,2018-07-02,0.26,2.79,3.99,14.43,29.96,32.81,0.265,gpm_synthetic,simulated
ISRO-1998-0536,23.427682,91.657758,1998-11-04,1.85,23.6,22.63,47.6,61.84,379.13,1.846,gpm_synthetic,simulated
ISRO-2022-0537,23.452374,92.492172,2022-04-02,4.21,49.78,17.16,42.55,48.28,71.82,4.214,gpm_synthetic,simulated
ISRO-2009-0538,26.544644,94.21652,2009-08-19,7.84,4.91,62.65,117.36,205.21,240.81,7.837,gpm_synthetic,simulated
ISRO-1998-0539,26.012813,94.526757,1998-12-10,8.32,40.41,8.68,63.34,85.98,136.04,8.32,gpm_synthetic,simulated
ISRO-2004-0540,25.659869,92.451531,2004-12-17,0.02,0.03,0.49,0.74,0.97,2.96,0.019,gpm_synthetic,simulated
ISRO-2018-0541,23.425416,92.75927,2018-06-02,0.74,10.54,6.33,21.29,62.42,86.16,0.74,gpm_synthetic,simulated
ISRO-2019-0542,25.010181,94.200884,2019-03-26,0.18,0.33,20.49,19.71,48.32,165.32,0.184,gpm_synthetic,simulated
ISRO-1998-0543,25.262474,92.705635,1998-05-22,3.43,24.39,12.87,31.19,34.11,71.22,3.429,gpm_synthetic,simulated
ISRO-2016-0544,25.724818,91.133017,2016-08-24,2.05,3.77,6.36,20.52,38.06,117.59,2.046,gpm_synthetic,simulated
ISRO-2014-0545,25.975976,94.696241,2014-12-19,3.66,6.83,112.23,32.0,50.45,265.11,3.658,gpm_synthetic,simulated
ISRO-2004-0546,26.220924,94.579734,2004-09-27,0.05,0.85,2.02,6.0,10.53,32.75,0.046,gpm_synthetic,simulated
ISRO-2001-0547,24.965983,93.992003,2001-08-04,5.05,1.23,0.05,43.17,81.15,183.84,5.049,gpm_synthetic,simulated
ISRO-2016-0548,24.847621,94.298143,2016-08-01,4.07,288.5,11.04,291.76,533.88,2415.06,4.072,gpm_synthetic,simulated
ISRO-2019-0549,27.507639,95.101624,2019-09-05,1.6,0.01,4.54,9.74,11.99,31.95,1.6,gpm_synthetic,simulated
ISRO-2010-0550,25.576698,92.62967,2010-06-12,0.05,9.12,2.27,7.1,7.42,13.08,0.054,gpm_synthetic,simulated
ISRO-2017-0551,23.8233,92.259711,2017-07-08,5.75,52.31,166.23,72.27,72.93,118.87,5.753,gpm_synthetic,simulated
ISRO-2019-0552,24.631715,94.33564,2019-09-02,8.2,13.24,42.73,107.69,117.43,458.17,8.205,gpm_synthetic,simulated
ISRO-2011-0553,23.556986,91.051118,2011-07-14,0.46,14.49,3.34,64.25,113.02,224.59,0.455,gpm_synthetic,simulated
ISRO-2012-0554,24.739633,94.243373,2012-06-04,0.73,37.11,50.29,54.65,68.09,141.19,0.727,gpm_synthetic,simulated
ISRO-2018-0555,26.236002,94.737917,2018-10-16,0.01,0.3,0.03,0.34,0.76,0.79,0.009,gpm_synthetic,simulated
ISRO-1999-0556,24.907344,94.288957,1999-04-25,0.04,0.24,0.47,1.37,3.75,4.44,0.037,gpm_synthetic,simulated
ISRO-2011-0557,25.860129,94.071121,2011-09-27,4.19,3.84,60.97,140.72,180.23,365.04,4.191,gpm_synthetic,simulated
ISRO-2001-0558,23.742032,92.272471,2001-07-23,0.01,1.32,6.75,25.15,27.05,138.63,0.008,gpm_synthetic,simulated
ISRO-2002-0559,23.525654,92.332766,2002-12-18,1.08,0.19,4.75,6.41,7.09,10.23,1.077,gpm_synthetic,simulated
ISRO-2014-0560,27.370249,91.797827,2014-08-18,11.98,34.59,20.46,108.81,115.19,148.48,11.984,gpm_synthetic,simulated
ISRO-2009-0561,25.06796,94.245207,2009-10-07,0.37,12.32,10.21,19.56,22.09,29.8,0.368,gpm_synthetic,simulated
ISRO-2005-0562,26.51681,94.012461,2005-12-23,0.07,1.8,2.81,10.15,15.24,25.88,0.068,gpm_synthetic,simulated
ISRO-2009-0563,23.496955,91.778098,2009-01-21,0.09,0.2,0.43,1.79,3.02,8.11,0.094,gpm_synthetic,simulated
ISRO-2001-0564,27.548737,91.755828,2001-09-06,6.78,118.9,558.35,297.04,354.88,1398.56,6.778,gpm_synthetic,simulated
ISRO-2019-0565,27.311007,88.207132,2019-07-09,0.3,0.43,0.23,3.94,4.45,29.08,0.297,gpm_synthetic,simulated
ISRO-2000-0566,26.4569,94.13669,2000-09-23,3.52,1.26,11.69,18.88,26.83,86.82,3.517,gpm_synthetic,simulated
ISRO-2003-0567,27.325379,88.735305,2003-09-09,0.27,1.46,5.97,12.88,19.51,28.77,0.268,gpm_synthetic,simulated
ISRO-2014-0568,27.782844,91.620716,2014-03-10,0.24,5.07,0.25,19.7,41.9,74.01,0.238,gpm_synthetic,simulated
ISRO-2006-0569,26.887439,93.240006,2006-09-07,0.04,36.73,3.56,40.0,58.01,60.39,0.038,gpm_synthetic,simulated
ISRO-1998-0570,25.587874,92.575188,1998-09-21,0.77,8.51,6.48,18.68,26.39,174.78,0.77,gpm_synthetic,simulated
ISRO-2022-0571,22.771313,92.687119,2022-05-22,0.09,1.5,3.16,9.95,19.24,20.25,0.094,gpm_synthetic,simulated
ISRO-2011-0572,22.937939,92.701721,2011-05-24,0.13,0.59,8.56,3.48,4.14,9.22,0.135,gpm_synthetic,simulated
ISRO-2018-0573,25.889535,93.894615,2018-09-03,2.17,2.69,25.21,29.0,65.14,74.14,2.165,gpm_synthetic,simulated
ISRO-2014-0574,23.834531,92.502879,2014-08-25,0.54,5.31,3.07,15.05,16.7,112.45,0.545,gpm_synthetic,simulated
ISRO-2016-0575,23.351361,91.45567,2016-07-27,6.27,13.91,52.11,79.05,252.01,362.34,6.266,gpm_synthetic,simulated
ISRO-2013-0576,25.211507,94.343295,2013-09-18,7.66,39.89,196.5,212.85,352.43,412.56,7.662,gpm_synthetic,simulated
ISRO-2000-0577,26.436628,94.682069,2000-09-09,1.34,0.92,2.57,14.65,20.48,36.08,1.341,gpm_synthetic,simulated
ISRO-2001-0578,23.424659,92.673298,2001-06-14,0.77,1.63,30.86,22.38,23.62,53.53,0.769,gpm_synthetic,simulated
ISRO-2000-0579,25.561425,91.174731,2000-06-09,1.41,21.11,8.07,25.81,42.15,61.31,1.414,gpm_synthetic,simulated
ISRO-2006-0580,22.785637,92.874256,2006-07-02,1.0,7.03,4.77,6.54,7.23,9.34,0.997,gpm_synthetic,simulated
ISRO-2003-0581,25.450463,90.286884,2003-06-02,0.47,3.24,3.34,23.55,57.57,62.17,0.473,gpm_synthetic,simulated
ISRO-2005-0582,26.481852,94.172207,2005-05-22,0.54,0.94,5.77,4.99,6.14,11.39,0.538,gpm_synthetic,simulated
ISRO-2020-0583,24.303683,93.937149,2020-09-05,0.3,48.77,106.71,35.29,50.93,143.65,0.297,gpm_synthetic,simulated
ISRO-2012-0584,24.954258,94.255449,2012-10-10,2.18,16.42,17.33,73.19,158.03,294.25,2.178,gpm_synthetic,simulated
ISRO-1998-0585,23.390623,91.680059,1998-05-04,0.12,3.11,6.45,9.55,17.96,30.77,0.124,gpm_synthetic,simulated
ISRO-2021-0586,25.973281,94.630036,2021-12-20,0.1,0.33,0.41,2.7,4.45,12.9,0.105,gpm_synthetic,simulated
ISRO-2019-0587,24.614297,93.885812,2019-09-07,0.3,0.1,0.29,2.61,3.35,11.69,0.298,gpm_synthetic,simulated
ISRO-2008-0588,24.489247,93.912455,2008-12-21,0.07,0.27,0.77,1.63,1.86,1.92,0.07,gpm_synthetic,simulated
ISRO-2001-0589,25.398469,92.493224,2001-05-12,1.23,5.82,41.33,64.68,77.81,171.26,1.229,gpm_synthetic,simulated
ISRO-2013-0590,25.700591,92.733465,2013-07-06,2.12,40.08,19.4,95.28,107.24,185.5,2.122,gpm_synthetic,simulated
ISRO-2009-0591,24.521533,93.783666,2009-04-17,0.69,3.34,7.67,13.73,21.43,59.54,0.689,gpm_synthetic,simulated
ISRO-2013-0592,28.055015,94.60823,2013-07-25,0.49,19.81,7.62,28.08,67.39,82.59,0.491,gpm_synthetic,simulated
ISRO-2015-0593,26.274767,93.815602,2015-06-18,21.33,28.82,70.69,97.66,324.3,357.85,21.333,gpm_synthetic,simulated
ISRO-1999-0594,25.468216,90.271589,1999-10-17,0.04,0.39,5.19,7.05,16.26,18.97,0.045,gpm_synthetic,simulated
ISRO-2007-0595,27.591269,92.012062,2007-07-15,0.46,5.87,4.65,16.65,22.09,52.18,0.458,gpm_synthetic,simulated
ISRO-2010-0596,25.401878,91.610982,2010-07-14,0.1,0.28,59.07,35.03,40.94,376.38,0.1,gpm_synthetic,simulated
ISRO-2003-0597,26.604706,94.072043,2003-01-11,0.39,2.04,3.53,8.2,10.18,18.15,0.394,gpm_synthetic,simulated
ISRO-2008-0598,25.09096,91.987833,2008-07-18,0.01,0.51,0.08,2.3,4.77,7.58,0.01,gpm_synthetic,simulated
ISRO-2022-0599,24.684009,93.809449,2022-05-21,0.27,3.77,0.84,11.12,33.84,34.02,0.274,gpm_synthetic,simulated
ISRO-2004-0600,26.727691,93.907916,2004-06-05,0.01,2.28,0.22,1.85,2.28,8.03,0.007,gpm_synthetic,simulated
ISRO-2008-0601,25.554363,90.073032,2008-10-13,0.2,0.4,5.18,5.83,8.84,11.09,0.2,gpm_synthetic,simulated
ISRO-2008-0602,25.039508,94.108753,2008-08-19,12.77,39.31,78.24,161.51,199.85,661.75,12.774,gpm_synthetic,simulated
ISRO-2003-0603,26.500303,94.220286,2003-09-15,2.12,3.07,19.51,57.24,158.43,196.11,2.118,gpm_synthetic,simulated
ISRO-2008-0604,23.451085,91.439462,2008-09-12,7.26,32.08,9.97,83.05,114.99,282.79,7.259,gpm_synthetic,simulated
ISRO-2015-0605,28.220073,94.616106,2015-04-23,0.04,1.07,1.28,2.22,2.61,8.03,0.042,gpm_synthetic,simulated
ISRO-2019-0606,27.562491,91.687466,2019-07-12,1.4,11.73,27.44,203.98,304.75,510.14,1.395,gpm_synthetic,simulated
ISRO-2001-0607,25.137712,93.950844,2001-10-20,1.28,3.5,16.53,11.69,25.35,42.97,1.277,gpm_synthetic,simulated
ISRO-2009-0608,25.565118,90.76163,2009-08-08,3.1,6.22,205.24,81.0,93.58,681.83,3.1,gpm_synthetic,simulated
ISRO-2014-0609,27.307635,88.296688,2014-07-07,24.43,20.05,50.23,192.16,194.58,374.58,24.433,gpm_synthetic,simulated
ISRO-2015-0610,25.542236,91.009657,2015-06-15,1.03,3.37,2.47,42.58,61.59,164.33,1.031,gpm_synthetic,simulated
ISRO-2001-0611,23.448419,92.751332,2001-10-10,0.72,4.4,5.82,10.41,12.54,25.75,0.722,gpm_synthetic,simulated
ISRO-2007-0612,27.549857,88.462512,2007-07-08,1.19,12.3,1.54,26.64,43.47,49.37,1.187,gpm_synthetic,simulated
ISRO-2003-0613,28.103187,94.894394,2003-08-22,2.27,8.54,2.33,14.49,16.55,19.51,2.271,gpm_synthetic,simulated
ISRO-2015-0614,27.036082,93.189717,2015-09-04,1.9,4.19,1.99,48.14,64.8,139.75,1.904,gpm_synthetic,simulated
ISRO-2007-0615,28.320587,94.61199,2007-09-23,22.2,85.29,159.11,224.77,363.47,1126.68,22.201,gpm_synthetic,simulated
ISRO-2007-0616,23.330474,91.487881,2007-08-24,11.86,19.22,50.82,159.57,212.59,333.73,11.859,gpm_synthetic,simulated
ISRO-2015-0617,25.293346,91.528858,2015-09-18,0.87,3.38,9.56,31.39,44.0,84.35,0.871,gpm_synthetic,simulated
ISRO-2007-0618,26.41218,94.765834,2007-10-06,0.85,12.43,7.85,32.58,61.01,78.3,0.848,gpm_synthetic,simulated
ISRO-2011-0619,23.950336,91.34759,2011-09-22,6.0,80.7,13.43,64.46,68.31,228.54,6.003,gpm_synthetic,simulated
ISRO-2003-0620,23.14032,92.663894,2003-10-07,0.01,1.77,0.15,23.63,55.54,65.83,0.015,gpm_synthetic,simulated
ISRO-2001-0621,26.329536,94.193179,2001-06-07,8.23,17.86,5.4,59.23,62.24,90.64,8.229,gpm_synthetic,simulated
ISRO-1998-0622,23.460617,92.763328,1998-07-02,0.38,8.5,66.09,53.3,84.88,208.76,0.379,gpm_synthetic,simulated
ISRO-2009-0623,27.95414,94.855941,2009-11-25,0.51,3.49,0.4,7.61,9.63,9.8,0.511,gpm_synthetic,simulated
ISRO-2005-0624,25.416403,92.766553,2005-11-06,0.05,7.16,3.44,31.09,43.32,55.18,0.049,gpm_synthetic,simulated
ISRO-2015-0625,25.42768,92.74775,2015-05-07,0.91,1.4,4.12,7.67,9.57,10.8,0.914,gpm_synthetic,simulated
ISRO-2003-0626,25.481464,91.533431,2003-03-05,0.0,1.1,0.04,5.09,6.08,8.81,0.004,gpm_synthetic,simulated
ISRO-2015-0627,27.25142,88.467473,2015-06-15,4.0,6.77,10.59,96.87,125.95,311.69,4.001,gpm_synthetic,simulated
ISRO-2010-0628,27.493355,88.450425,2010-11-12,0.1,14.06,33.59,26.62,39.75,100.13,0.097,gpm_synthetic,simulated
ISRO-2013-0629,25.454599,91.367442,2013-08-09,0.31,5.36,281.23,250.6,631.53,639.81,0.312,gpm_synthetic,simulated
ISRO-1999-0630,28.112398,94.757494,1999-11-06,0.0,0.04,0.09,0.38,0.62,1.34,0.0,gpm_synthetic,simulated
ISRO-2004-0631,26.825372,92.908116,2004-06-11,0.48,1.15,4.54,7.17,8.02,13.59,0.475,gpm_synthetic,simulated
ISRO-2001-0632,23.740122,91.462762,2001-08-12,0.02,3.93,9.19,44.04,60.05,73.22,0.016,gpm_synthetic,simulated
ISRO-2011-0633,28.124817,94.75132,2011-05-02,0.28,4.85,7.62,3.31,5.1,5.32,0.279,gpm_synthetic,simulated
ISRO-2021-0634,26.506477,94.261788,2021-06-10,0.02,0.04,0.07,0.63,1.02,3.98,0.016,gpm_synthetic,simulated
ISRO-2009-0635,26.502867,94.442157,2009-08-07,3.07,3.61,6.68,41.6,45.23,167.14,3.066,gpm_synthetic,simulated
ISRO-2002-0636,27.340676,88.558351,2002-12-02,0.03,1.96,0.67,12.68,13.0,16.21,0.033,gpm_synthetic,simulated
ISRO-2021-0637,26.395235,93.956115,2021-07-21,1.07,24.23,51.02,91.88,114.8,846.76,1.071,gpm_synthetic,simulated
ISRO-2015-0638,27.671731,91.963962,2015-08-24,1.2,6.8,4.96,26.43,31.88,111.57,1.201,gpm_synthetic,simulated
ISRO-2018-0639,26.47527,93.832353,2018-08-08,2.27,32.96,36.74,142.07,186.98,283.92,2.27,gpm_synthetic,simulated
ISRO-2016-0640,26.718024,93.808352,2016-08-26,4.61,9.96,95.02,242.99,369.08,2024.0,4.611,gpm_synthetic,simulated
ISRO-2013-0641,26.103417,94.465825,2013-08-15,0.87,1.62,17.94,87.58,102.84,189.03,0.869,gpm_synthetic,simulated
ISRO-2020-0642,26.53829,94.599823,2020-06-05,0.64,7.22,69.17,27.27,29.38,79.33,0.639,gpm_synthetic,simulated
ISRO-1999-0643,25.269943,90.863695,1999-08-23,1.23,13.12,10.93,71.68,128.82,185.4,1.233,gpm_synthetic,simulated
ISRO-2006-0644,25.667472,92.897952,2006-11-14,1.26,30.48,53.16,68.42,97.44,160.58,1.259,gpm_synthetic,simulated
ISRO-2009-0645,23.358666,91.381382,2009-07-01,0.71,10.85,33.43,39.75,59.5,126.14,0.713,gpm_synthetic,simulated
ISRO-2022-0646,23.719763,91.412827,2022-08-12,0.21,3.09,12.33,8.8,9.79,14.08,0.212,gpm_synthetic,simulated
ISRO-2001-0647,25.415906,92.808217,2001-10-17,0.89,0.97,5.62,36.4,182.58,191.92,0.89,gpm_synthetic,simulated
ISRO-2002-0648,25.252141,92.702105,2002-09-15,3.34,7.14,19.34,25.98,79.73,90.07,3.337,gpm_synthetic,simulated
ISRO-1999-0649,25.583085,91.161327,1999-11-15,0.2,0.72,1.2,17.34,27.85,33.51,0.199,gpm_synthetic,simulated
ISRO-2001-0650,26.587464,94.190177,2001-07-27,2.31,4.53,127.63,131.65,224.09,261.94,2.314,gpm_synthetic,simulated
ISRO-2004-0651,23.336079,91.435115,2004-06-13,0.72,2.43,1.51,18.58,25.9,84.29,0.723,gpm_synthetic,simulated
ISRO-1999-0652,26.18659,92.775594,1999-12-07,1.55,6.78,10.58,49.68,50.43,211.55,1.554,gpm_synthetic,simulated
ISRO-2007-0653,25.268933,92.596423,2007-04-04,0.0,0.03,0.01,0.04,0.05,0.11,0.003,gpm_synthetic,simulated
ISRO-2010-0654,24.971141,93.918817,2010-06-01,0.51,3.52,17.22,17.49,25.78,60.78,0.506,gpm_synthetic,simulated
ISRO-2008-0655,26.452513,94.306241,2008-06-17,0.06,0.12,0.88,6.59,13.62,32.38,0.056,gpm_synthetic,simulated
ISRO-2001-0656,25.996637,93.802971,2001-07-08,1.85,2.78,19.73,29.51,38.83,65.43,1.847,gpm_synthetic,simulated
ISRO-2000-0657,25.860935,90.289652,2000-06-02,24.77,0.86,139.22,188.25,268.58,1198.88,24.77,gpm_synthetic,simulated
ISRO-2013-0658,23.461453,91.563317,2013-09-06,0.94,1.07,9.61,24.13,32.4,60.65,0.944,gpm_synthetic,simulated
ISRO-2007-0659,27.074869,88.51394,2007-11-24,0.09,2.19,0.3,2.68,5.43,6.33,0.088,gpm_synthetic,simulated
ISRO-2018-0660,23.579855,92.640938,2018-08-21,0.09,0.66,5.23,3.27,3.3,9.21,0.089,gpm_synthetic,simulated
ISRO-2021-0661,26.401332,94.243081,2021-06-11,1.84,25.07,6.72,65.44,85.47,96.29,1.844,gpm_synthetic,simulated
ISRO-2005-0662,27.554225,88.316051,2005-10-13,0.07,0.75,40.59,40.35,58.17,96.97,0.075,gpm_synthetic,simulated
ISRO-2022-0663,25.970705,93.781146,2022-08-03,0.07,3.67,1.63,8.12,12.41,21.36,0.069,gpm_synthetic,simulated
ISRO-1998-0664,26.466115,93.049348,1998-06-08,3.09,0.99,4.45,14.5,22.44,47.98,3.09,gpm_synthetic,simulated
ISRO-2006-0665,23.569103,91.522514,2006-03-11,0.06,1.22,6.25,8.3,8.55,21.74,0.061,gpm_synthetic,simulated
ISRO-2000-0666,25.367092,92.281912,2000-05-02,2.15,1.64,3.57,32.02,60.37,140.71,2.15,gpm_synthetic,simulated
ISRO-2008-0667,26.221903,94.83292,2008-06-21,5.05,7.4,33.55,161.62,233.28,308.9,5.054,gpm_synthetic,simulated
ISRO-2015-0668,25.482927,91.564714,2015-07-08,11.84,3.43,52.52,190.93,216.61,465.88,11.841,gpm_synthetic,simulated
ISRO-2005-0669,27.284708,88.511705,2005-09-21,0.0,0.02,0.01,0.13,0.31,0.69,0.002,gpm_synthetic,simulated
ISRO-2014-0670,25.575472,91.202179,2014-08-26,0.19,12.17,142.22,108.87,113.53,139.54,0.191,gpm_synthetic,simulated
ISRO-2014-0671,24.288633,93.721093,2014-11-25,0.35,7.06,8.02,10.2,38.81,76.06,0.352,gpm_synthetic,simulated
ISRO-2018-0672,28.007848,94.522669,2018-02-27,4.26,10.07,17.34,45.64,62.94,79.79,4.258,gpm_synthetic,simulated
ISRO-2004-0673,26.21079,93.7582,2004-06-23,0.01,0.1,1.79,1.6,2.15,3.3,0.01,gpm_synthetic,simulated
ISRO-2003-0674,26.239552,93.692999,2003-07-06,0.12,7.39,0.91,12.77,14.48,22.4,0.125,gpm_synthetic,simulated
ISRO-2022-0675,27.281856,88.566867,2022-07-12,5.04,43.95,35.04,79.89,95.06,127.74,5.037,gpm_synthetic,simulated
ISRO-2015-0676,25.350602,90.942104,2015-08-04,0.23,0.87,0.4,2.72,5.51,13.36,0.233,gpm_synthetic,simulated
ISRO-2003-0677,26.659056,93.883824,2003-07-21,0.2,2.54,3.11,5.91,6.2,8.04,0.201,gpm_synthetic,simulated
ISRO-1998-0678,25.629971,91.223877,1998-07-10,5.32,0.34,12.16,44.85,77.68,222.76,5.319,gpm_synthetic,simulated
ISRO-2021-0679,27.272995,88.525324,2021-11-23,0.0,0.3,0.17,1.04,1.38,2.52,0.003,gpm_synthetic,simulated
ISRO-2014-0680,27.263466,88.715836,2014-10-03,0.1,0.02,0.22,1.77,2.23,3.29,0.104,gpm_synthetic,simulated
ISRO-2001-0681,28.255938,94.859351,2001-12-20,7.75,10.65,18.75,34.64,35.09,81.83,7.755,gpm_synthetic,simulated
ISRO-2011-0682,26.4728,93.752925,2011-09-16,0.06,43.38,0.09,24.32,38.64,45.6,0.061,gpm_synthetic,simulated
ISRO-2002-0683,26.472974,92.645961,2002-09-02,15.06,6.55,115.61,252.63,337.26,816.48,15.06,gpm_synthetic,simulated
ISRO-1999-0684,26.254885,94.048074,1999-08-04,0.05,0.83,0.0,1.64,2.02,5.49,0.052,gpm_synthetic,simulated
ISRO-2021-0685,23.253865,92.791447,2021-06-04,0.26,0.57,1.27,1.43,2.77,9.31,0.261,gpm_synthetic,simulated
ISRO-1998-0686,26.250157,93.925184,1998-11-10,0.61,5.52,9.74,28.77,35.16,60.0,0.607,gpm_synthetic,simulated
ISRO-2008-0687,23.022943,92.706306,2008-06-18,0.72,10.03,6.59,21.43,83.87,148.58,0.723,gpm_synthetic,simulated
ISRO-2022-0688,27.10313,88.061764,2022-06-07,1.29,0.65,6.04,18.16,20.92,49.81,1.287,gpm_synthetic,simulated
ISRO-2019-0689,25.331259,91.234246,2019-09-11,2.84,99.73,28.91,124.54,131.47,187.23,2.836,gpm_synthetic,simulated
ISRO-2009-0690,27.213556,95.00508,2009-06-27,0.88,1.89,3.95,23.16,86.89,103.82,0.877,gpm_synthetic,simulated
ISRO-2009-0691,22.774779,92.764712,2009-06-19,0.72,8.35,7.92,34.41,45.66,50.43,0.718,gpm_synthetic,simulated
ISRO-2021-0692,27.15528,92.921569,2021-08-23,1.7,26.34,165.47,156.82,268.31,516.44,1.705,gpm_synthetic,simulated
ISRO-2005-0693,25.053339,94.034695,2005-12-01,0.16,4.31,9.63,33.15,37.77,188.63,0.164,gpm_synthetic,simulated
ISRO-2011-0694,27.995024,94.935788,2011-09-17,2.83,21.13,31.02,84.99,190.36,698.01,2.833,gpm_synthetic,simulated
ISRO-2006-0695,25.238049,91.481044,2006-07-24,14.96,181.18,216.4,324.52,336.74,1889.27,14.965,gpm_synthetic,simulated
ISRO-2021-0696,25.431923,92.5006,2021-12-05,0.1,0.29,0.48,2.56,3.55,5.77,0.099,gpm_synthetic,simulated
ISRO-2002-0697,26.689619,93.824017,2002-08-01,0.57,8.47,19.78,15.77,30.65,60.36,0.575,gpm_synthetic,simulated
ISRO-2022-0698,27.388369,95.375345,2022-09-21,0.4,2.95,14.81,42.43,58.49,171.96,0.397,gpm_synthetic,simulated
ISRO-2015-0699,26.725294,94.03433,2015-08-08,0.6,11.44,29.25,31.83,42.95,126.68,0.601,gpm_synthetic,simulated
ISRO-2012-0700,25.854718,93.93492,2012-11-18,4.04,9.33,22.79,63.78,68.88,119.34,4.043,gpm_synthetic,simulated
ISRO-2011-0701,23.283652,91.798642,2011-08-25,1.62,16.95,76.61,219.4,244.17,321.89,1.62,gpm_synthetic,simulated
ISRO-2008-0702,25.804522,90.073562,2008-06-20,0.06,83.6,334.72,220.37,220.75,315.44,0.06,gpm_synthetic,simulated
ISRO-2009-0703,27.167817,93.052796,2009-07-02,1.73,1.03,19.75,37.83,103.82,144.41,1.734,gpm_synthetic,simulated
ISRO-1998-0704,23.853848,91.417425,1998-03-21,0.35,3.11,1.27,4.41,5.85,7.94,0.353,gpm_synthetic,simulated
ISRO-2008-0705,23.285565,91.406609,2008-06-19,1.82,0.58,1.97,12.12,18.68,96.72,1.819,gpm_synthetic,simulated
ISRO-2007-0706,26.548486,92.941976,2007-08-11,0.77,2.67,29.79,12.07,40.27,70.85,0.766,gpm_synthetic,simulated
ISRO-2008-0707,23.341364,91.791691,2008-08-13,2.21,18.45,9.42,199.62,256.27,295.38,2.205,gpm_synthetic,simulated
ISRO-2020-0708,26.349733,94.316631,2020-07-21,0.57,1.89,68.41,165.72,344.61,360.89,0.57,gpm_synthetic,simulated
ISRO-2003-0709,28.19802,94.578571,2003-09-25,1.02,18.24,1.9,55.27,56.19,631.19,1.025,gpm_synthetic,simulated
ISRO-2007-0710,23.72457,92.507945,2007-05-25,5.86,15.02,104.47,67.18,71.79,102.64,5.864,gpm_synthetic,simulated
ISRO-2019-0711,27.236507,88.436654,2019-07-16,1.16,7.3,33.86,62.72,95.47,171.39,1.162,gpm_synthetic,simulated
ISRO-2017-0712,23.69602,91.62282,2017-08-03,0.98,3.19,1.01,18.5,24.88,41.53,0.98,gpm_synthetic,simulated
ISRO-2001-0713,26.600341,92.977044,2001-10-02,0.01,0.32,0.35,9.68,10.04,22.51,0.014,gpm_synthetic,simulated
ISRO-2011-0714,23.657274,92.701931,2011-03-23,0.08,0.26,0.41,0.87,2.13,2.99,0.083,gpm_synthetic,simulated
ISRO-2022-0715,25.493024,91.202072,2022-10-06,0.96,2.56,0.23,76.5,100.91,265.51,0.961,gpm_synthetic,simulated
ISRO-2017-0716,26.282177,93.78428,2017-10-24,3.84,9.6,13.35,44.62,127.79,153.72,3.837,gpm_synthetic,simulated
ISRO-2020-0717,24.399362,93.787755,2020-09-24,1.21,4.31,11.42,15.35,20.1,20.57,1.206,gpm_synthetic,simulated
ISRO-2013-0718,27.284018,88.50703,2013-09-11,1.82,13.96,12.89,45.11,52.99,70.5,1.816,gpm_synthetic,simulated
ISRO-2015-0719,24.58382,94.24157,2015-12-26,0.17,0.59,2.89,6.74,14.44,54.4,0.17,gpm_synthetic,simulated
ISRO-2016-0720,26.226443,93.692954,2016-05-17,1.21,0.26,2.65,19.73,27.99,32.19,1.214,gpm_synthetic,simulated
ISRO-2000-0721,23.905446,92.622323,2000-07-26,0.18,0.69,1.03,4.91,9.89,16.28,0.181,gpm_synthetic,simulated
ISRO-2006-0722,23.023137,92.950659,2006-06-24,0.38,7.0,10.76,17.54,20.48,46.35,0.378,gpm_synthetic,simulated
ISRO-2015-0723,23.724491,92.611964,2015-12-03,0.0,1.51,5.92,22.02,50.64,94.31,0.002,gpm_synthetic,simulated
ISRO-2004-0724,25.618783,91.189613,2004-10-22,0.0,0.14,0.6,5.04,5.39,11.97,0.003,gpm_synthetic,simulated
ISRO-2001-0725,25.207092,91.535961,2001-08-17,9.3,97.75,31.69,126.54,358.97,526.48,9.302,gpm_synthetic,simulated
ISRO-2008-0726,27.252622,88.430138,2008-08-16,1.33,2.24,10.35,49.02,57.21,64.87,1.328,gpm_synthetic,simulated
ISRO-1999-0727,24.927476,94.40688,1999-09-03,3.58,59.5,8.98,138.19,339.82,644.81,3.577,gpm_synthetic,simulated
ISRO-2005-0728,25.350954,92.625367,2005-09-12,0.91,0.63,1.18,12.1,20.31,38.96,0.907,gpm_synthetic,simulated
ISRO-2007-0729,24.829207,94.193362,2007-08-07,1.57,11.94,8.98,69.19,259.25,454.5,1.572,gpm_synthetic,simulated
ISRO-2006-0730,27.376682,88.624734,2006-10-03,1.21,3.04,12.27,25.04,36.38,56.7,1.214,gpm_synthetic,simulated
ISRO-2007-0731,26.016412,93.785368,2007-07-16,0.27,2.74,8.5,36.09,122.03,160.01,0.273,gpm_synthetic,simulated
ISRO-2000-0732,26.342669,94.747431,2000-02-24,2.53,1.94,3.09,9.59,10.13,10.27,2.528,gpm_synthetic,simulated
ISRO-2012-0733,27.306859,88.627225,2012-08-07,0.65,4.86,15.41,10.82,13.28,69.36,0.654,gpm_synthetic,simulated
ISRO-2014-0734,23.416059,91.763131,2014-05-20,1.55,1.65,3.64,12.91,15.57,166.72,1.548,gpm_synthetic,simulated
ISRO-2000-0735,25.527484,90.132809,2000-08-13,10.52,3.49,456.69,270.19,447.77,1683.17,10.52,gpm_synthetic,simulated
ISRO-2005-0736,26.361749,94.342603,2005-08-26,0.52,9.12,4.84,13.79,28.93,45.44,0.521,gpm_synthetic,simulated
ISRO-2019-0737,26.292427,94.233238,2019-08-16,6.51,38.15,20.96,76.34,97.18,198.16,6.506,gpm_synthetic,simulated
ISRO-2000-0738,26.270389,93.914588,2000-10-02,0.44,30.97,13.05,33.25,57.51,156.07,0.438,gpm_synthetic,simulated
ISRO-2009-0739,27.490694,88.667715,2009-07-17,13.89,1.05,0.39,182.91,273.14,490.65,13.894,gpm_synthetic,simulated
ISRO-2011-0740,25.586284,90.18207,2011-10-17,0.66,8.87,35.81,62.96,167.7,266.91,0.659,gpm_synthetic,simulated
ISRO-2009-0741,25.254667,91.123429,2009-08-09,0.92,70.92,75.78,198.63,250.01,583.34,0.923,gpm_synthetic,simulated
ISRO-2019-0742,22.672968,93.046229,2019-07-07,1.08,14.09,224.72,97.23,154.52,169.49,1.085,gpm_synthetic,simulated
ISRO-2003-0743,27.546886,91.877803,2003-09-23,5.19,17.16,2.61,34.43,76.82,107.69,5.188,gpm_synthetic,simulated
ISRO-1998-0744,27.082096,88.078529,1998-07-19,1.37,9.17,141.86,87.88,189.49,618.29,1.368,gpm_synthetic,simulated
ISRO-2009-0745,25.27279,90.965113,2009-08-18,0.18,0.83,11.51,56.68,71.94,147.87,0.18,gpm_synthetic,simulated
ISRO-1998-0746,27.327798,88.39878,1998-09-09,2.43,13.5,4.71,34.94,49.71,59.86,2.426,gpm_synthetic,simulated
ISRO-2013-0747,24.949608,94.342778,2013-08-02,0.42,6.32,30.55,30.96,52.63,65.83,0.418,gpm_synthetic,simulated
ISRO-2016-0748,23.622476,92.330136,2016-08-18,0.84,6.34,2.59,16.79,17.28,18.75,0.841,gpm_synthetic,simulated
ISRO-2014-0749,22.833096,92.571362,2014-12-11,0.09,1.3,0.71,8.21,13.15,23.27,0.092,gpm_synthetic,simulated
ISRO-2022-0750,23.903973,92.53598,2022-08-11,0.22,1.3,7.2,9.81,14.25,24.11,0.219,gpm_synthetic,simulated
ISRO-2009-0751,25.309429,91.034587,2009-03-05,0.02,2.61,2.97,9.28,12.7,18.95,0.024,gpm_synthetic,simulated
ISRO-2017-0752,24.97862,94.530034,2017-01-19,2.53,0.33,3.53,11.67,12.49,24.43,2.535,gpm_synthetic,simulated
ISRO-2001-0753,23.661646,91.721925,2001-12-26,0.97,0.44,18.5,27.62,29.93,75.1,0.966,gpm_synthetic,simulated
ISRO-2018-0754,27.185543,92.825843,2018-11-04,1.34,6.53,23.65,29.56,44.35,65.05,1.342,gpm_synthetic,simulated
ISRO-2001-0755,25.260317,92.947045,2001-11-24,0.07,3.45,1.93,4.48,5.02,15.7,0.068,gpm_synthetic,simulated
ISRO-2009-0756,24.2528,94.039627,2009-08-27,9.47,67.46,63.84,218.0,333.68,583.34,9.469,gpm_synthetic,simulated
ISRO-2004-0757,25.401066,91.365924,2004-10-15,0.19,2.58,9.79,12.65,15.49,32.06,0.191,gpm_synthetic,simulated
ISRO-2001-0758,23.835241,91.454092,2001-08-24,0.96,0.82,0.3,4.28,11.49,21.5,0.964,gpm_synthetic,simulated
ISRO-2006-0759,27.485013,88.59336,2006-06-07,0.55,21.15,5.92,29.14,46.61,84.52,0.554,gpm_synthetic,simulated
ISRO-1998-0760,24.841494,94.255437,1998-08-15,4.97,8.32,53.26,123.62,223.11,288.23,4.97,gpm_synthetic,simulated
ISRO-2002-0761,27.86653,94.736352,2002-04-03,0.53,0.65,2.46,3.74,6.29,18.04,0.526,gpm_synthetic,simulated
ISRO-2006-0762,27.61462,88.183177,2006-08-04,5.24,39.1,13.12,164.22,165.65,210.29,5.239,gpm_synthetic,simulated
ISRO-1999-0763,25.018769,94.169173,1999-08-04,0.06,1.05,0.29,4.84,7.13,8.75,0.064,gpm_synthetic,simulated
ISRO-2008-0764,26.433372,94.739887,2008-07-04,0.23,0.14,0.38,2.33,5.69,7.17,0.23,gpm_synthetic,simulated
ISRO-2004-0765,25.526025,92.055793,2004-07-21,4.25,19.75,24.31,99.45,157.91,239.13,4.254,gpm_synthetic,simulated
ISRO-1999-0766,26.432192,94.293449,1999-03-10,0.06,2.11,1.81,2.42,2.91,6.31,0.061,gpm_synthetic,simulated
ISRO-2011-0767,23.608323,91.193748,2011-09-18,0.86,1.0,77.72,59.09,86.58,139.09,0.859,gpm_synthetic,simulated
ISRO-2021-0768,25.94526,93.74159,2021-06-13,2.08,3.19,0.14,57.32,81.12,211.5,2.081,gpm_synthetic,simulated
ISRO-2013-0769,25.575081,92.83665,2013-11-09,0.41,14.51,40.87,20.19,48.03,56.18,0.406,gpm_synthetic,simulated
ISRO-2006-0770,26.391516,94.161259,2006-07-03,0.46,5.09,27.81,52.98,63.73,327.54,0.464,gpm_synthetic,simulated
ISRO-2015-0771,27.030923,92.920551,2015-11-16,0.63,1.12,1.94,8.22,17.35,22.61,0.629,gpm_synthetic,simulated
ISRO-2006-0772,23.599274,91.84049,2006-07-12,1.4,14.76,30.81,78.81,124.53,285.07,1.398,gpm_synthetic,simulated
ISRO-2015-0773,25.429592,90.935751,2015-02-12,0.17,1.91,2.59,3.8,5.81,14.03,0.171,gpm_synthetic,simulated
ISRO-2002-0774,23.814017,92.609729,2002-08-08,0.53,2.42,14.46,12.96,13.03,45.87,0.529,gpm_synthetic,simulated
ISRO-2002-0775,27.492985,88.172073,2002-09-12,0.28,25.04,19.94,43.47,97.02,195.67,0.279,gpm_synthetic,simulated
ISRO-2010-0776,28.099162,94.729397,2010-05-06,2.49,14.6,49.42,69.13,129.73,356.34,2.487,gpm_synthetic,simulated
ISRO-1998-0777,23.973025,91.066164,1998-07-21,3.08,57.86,23.12,49.35,78.42,174.99,3.079,gpm_synthetic,simulated
ISRO-2011-0778,23.797809,92.347747,2011-07-12,1.25,2.83,9.89,31.66,70.14,108.48,1.252,gpm_synthetic,simulated
ISRO-2010-0779,25.506716,90.292771,2010-07-09,0.6,2.76,8.96,189.73,252.02,387.23,0.602,gpm_synthetic,simulated
ISRO-2018-0780,23.362826,91.526041,2018-07-03,0.29,32.16,150.47,86.56,110.46,284.41,0.289,gpm_synthetic,simulated
ISRO-2014-0781,23.338634,91.368603,2014-05-22,0.58,19.96,5.44,30.35,33.68,76.01,0.577,gpm_synthetic,simulated
ISRO-2013-0782,24.739319,94.56662,2013-07-06,0.88,21.08,85.43,120.24,124.68,436.73,0.884,gpm_synthetic,simulated
ISRO-2014-0783,23.30537,91.591096,2014-11-07,0.48,9.14,6.91,11.8,12.07,53.88,0.478,gpm_synthetic,simulated
ISRO-2009-0784,26.369182,94.287315,2009-02-22,0.23,1.98,18.44,17.87,18.2,60.78,0.23,gpm_synthetic,simulated
ISRO-2012-0785,22.662908,92.567695,2012-06-20,0.98,5.34,1.18,16.49,22.57,43.97,0.978,gpm_synthetic,simulated
ISRO-2017-0786,24.384211,93.844773,2017-10-03,0.63,6.98,9.9,14.89,34.18,34.28,0.635,gpm_synthetic,simulated
ISRO-2006-0787,25.69539,92.809844,2006-11-26,0.13,1.16,2.74,13.3,13.39,25.89,0.132,gpm_synthetic,simulated
ISRO-2018-0788,25.472187,91.28943,2018-06-27,2.74,6.23,4.04,35.02,59.62,135.83,2.736,gpm_synthetic,simulated
ISRO-2016-0789,25.194434,91.496549,2016-07-23,0.44,5.82,15.98,19.8,20.68,23.62,0.438,gpm_synthetic,simulated
ISRO-2021-0790,27.926347,94.79593,2021-08-14,11.55,45.77,38.89,227.33,244.5,2286.62,11.546,gpm_synthetic,simulated
ISRO-2003-0791,23.439253,91.78262,2003-08-03,0.55,1.13,1.84,7.87,9.22,19.82,0.548,gpm_synthetic,simulated
ISRO-2008-0792,25.374912,92.668422,2008-08-26,4.01,27.02,27.93,149.58,174.26,522.48,4.014,gpm_synthetic,simulated
ISRO-2008-0793,25.418474,92.52546,2008-10-20,0.03,19.13,6.34,87.82,139.9,185.52,0.028,gpm_synthetic,simulated
ISRO-2005-0794,24.568962,94.127352,2005-08-20,0.12,0.29,3.26,3.4,3.81,23.53,0.12,gpm_synthetic,simulated
ISRO-2017-0795,27.266595,95.086803,2017-07-14,0.54,18.66,47.71,118.62,137.31,240.72,0.543,gpm_synthetic,simulated
ISRO-2006-0796,25.769703,90.310026,2006-10-04,3.44,4.93,31.06,22.42,29.54,34.86,3.439,gpm_synthetic,simulated
ISRO-2011-0797,24.901028,94.590583,2011-12-02,0.32,10.23,4.31,7.3,12.62,27.95,0.318,gpm_synthetic,simulated
ISRO-2005-0798,24.987863,94.295695,2005-09-13,0.36,1.09,8.4,16.08,42.46,75.34,0.364,gpm_synthetic,simulated
ISRO-2002-0799,23.588704,92.58786,2002-12-04,0.46,1.69,9.05,4.24,6.19,15.7,0.462,gpm_synthetic,simulated
ISRO-2005-0800,23.316675,91.650561,2005-10-21,0.47,0.36,1.29,11.26,11.77,11.84,0.469,gpm_synthetic,simulated
ISRO-2002-0801,27.353841,88.151206,2002-06-15,0.13,0.3,0.92,2.74,3.18,8.0,0.126,gpm_synthetic,simulated
ISRO-2014-0802,24.855917,93.859003,2014-07-21,4.38,4.4,80.41,138.52,218.69,274.43,4.376,gpm_synthetic,simulated
ISRO-2009-0803,27.151446,95.389015,2009-07-19,15.67,8.27,261.69,159.46,182.98,461.04,15.669,gpm_synthetic,simulated
ISRO-2000-0804,25.261259,92.507226,2000-07-11,9.22,3.75,27.1,96.09,168.59,383.46,9.22,gpm_synthetic,simulated
ISRO-2000-0805,25.60833,91.449573,2000-08-11,1.25,5.03,4.35,52.74,54.27,191.49,1.249,gpm_synthetic,simulated
ISRO-2010-0806,26.705443,94.16899,2010-06-22,2.74,24.86,5.19,48.98,56.26,144.33,2.743,gpm_synthetic,simulated
ISRO-2015-0807,27.730314,91.697657,2015-08-08,2.81,1.53,10.63,48.09,54.61,64.88,2.809,gpm_synthetic,simulated
ISRO-2009-0808,26.6119,94.005219,2009-06-20,0.36,13.5,56.93,56.54,149.96,210.83,0.361,gpm_synthetic,simulated
ISRO-2011-0809,28.277656,94.574761,2011-12-20,0.87,0.43,2.56,14.0,16.32,93.96,0.875,gpm_synthetic,simulated
ISRO-2022-0810,26.534219,93.807514,2022-10-02,0.03,3.37,15.76,12.99,77.79,177.43,0.03,gpm_synthetic,simulated
ISRO-2016-0811,26.182624,94.68425,2016-12-20,2.57,11.55,16.67,32.26,37.65,53.75,2.569,gpm_synthetic,simulated
ISRO-1998-0812,25.245553,93.980503,1998-10-18,0.24,2.64,0.64,3.22,4.21,12.5,0.24,gpm_synthetic,simulated
ISRO-2009-0813,23.686019,92.437045,2009-11-16,0.03,0.3,2.05,1.35,1.37,2.08,0.027,gpm_synthetic,simulated
ISRO-2017-0814,26.970367,88.521395,2017-08-02,1.14,4.88,13.37,13.08,24.08,65.28,1.138,gpm_synthetic,simulated
ISRO-2002-0815,26.426053,94.524752,2002-09-13,0.76,14.28,210.56,119.16,127.17,377.24,0.759,gpm_synthetic,simulated
ISRO-2022-0816,28.074335,94.472229,2022-07-06,0.11,1.38,9.19,11.28,22.41,31.67,0.109,gpm_synthetic,simulated
ISRO-2010-0817,27.391803,91.687034,2010-09-27,11.02,109.22,124.64,141.99,190.0,963.3,11.016,gpm_synthetic,simulated
ISRO-2001-0818,25.343533,92.102828,2001-11-21,0.9,2.65,11.35,10.58,14.98,16.87,0.897,gpm_synthetic,simulated
ISRO-2004-0819,23.872893,92.267765,2004-09-16,10.17,38.99,2.41,175.59,589.74,1049.0,10.17,gpm_synthetic,simulated
ISRO-2018-0820,27.089272,95.029964,2018-10-11,1.08,52.73,68.86,79.33,244.8,263.61,1.077,gpm_synthetic,simulated
ISRO-2009-0821,26.926367,92.809063,2009-07-26,14.78,24.52,94.47,108.66,121.97,122.21,14.777,gpm_synthetic,simulated
ISRO-2013-0822,23.099171,92.899656,2013-08-15,0.2,4.84,28.25,28.43,64.74,85.88,0.201,gpm_synthetic,simulated
ISRO-2009-0823,26.628807,94.434456,2009-10-26,0.1,13.65,41.48,23.16,32.4,130.52,0.102,gpm_synthetic,simulated
ISRO-2009-0824,25.278652,91.151747,2009-10-27,0.11,0.05,0.4,0.63,1.33,1.55,0.107,gpm_synthetic,simulated
ISRO-2008-0825,24.651675,94.149759,2008-06-10,1.13,0.86,36.56,60.39,106.55,165.93,1.129,gpm_synthetic,simulated
ISRO-1998-0826,25.507198,90.185848,1998-09-05,0.52,0.5,18.03,30.87,39.86,40.22,0.52,gpm_synthetic,simulated
ISRO-2000-0827,25.455053,90.407603,2000-08-07,0.16,10.2,9.98,42.26,63.79,98.39,0.165,gpm_synthetic,simulated
ISRO-2008-0828,26.275825,93.772443,2008-10-08,0.01,1.27,5.36,10.13,10.32,29.35,0.008,gpm_synthetic,simulated
ISRO-1998-0829,23.104896,92.870907,1998-06-16,2.68,12.9,26.74,79.63,132.38,315.57,2.679,gpm_synthetic,simulated
ISRO-2020-0830,22.939707,92.946233,2020-05-08,2.47,2.53,9.35,30.16,43.57,173.77,2.475,gpm_synthetic,simulated
ISRO-1998-0831,23.059127,92.653047,1998-08-10,2.33,0.34,3.41,27.1,65.82,199.62,2.334,gpm_synthetic,simulated
ISRO-2020-0832,23.705691,91.380329,2020-09-27,0.29,2.1,0.44,6.09,6.81,21.79,0.295,gpm_synthetic,simulated
ISRO-2012-0833,27.229396,93.144022,2012-07-12,0.36,0.04,3.0,7.67,9.55,10.43,0.358,gpm_synthetic,simulated
ISRO-2004-0834,23.907815,91.45311,2004-06-13,6.78,48.09,44.33,197.59,370.11,948.65,6.784,gpm_synthetic,simulated
ISRO-2010-0835,22.867543,92.891526,2010-07-04,6.33,8.28,0.42,92.76,180.61,540.65,6.33,gpm_synthetic,simulated
ISRO-2014-0836,23.593856,92.746893,2014-06-23,5.04,3.78,50.15,85.17,107.24,116.08,5.036,gpm_synthetic,simulated
ISRO-2011-0837,24.787744,94.375534,2011-11-02,0.03,0.15,0.15,0.62,1.05,3.37,0.034,gpm_synthetic,simulated
ISRO-2006-0838,26.01158,94.610895,2006-06-16,1.18,45.51,47.18,82.55,142.87,158.12,1.184,gpm_synthetic,simulated
ISRO-2009-0839,25.397079,91.233399,2009-08-15,0.57,6.33,31.95,36.24,59.08,337.38,0.574,gpm_synthetic,simulated
ISRO-2005-0840,27.565167,88.463387,2005-09-23,16.15,59.5,190.18,300.04,969.1,1181.59,16.154,gpm_synthetic,simulated
ISRO-2007-0841,27.239515,88.559197,2007-07-04,0.63,19.96,17.61,22.35,45.81,52.48,0.626,gpm_synthetic,simulated
ISRO-2016-0842,27.038973,93.153084,2016-10-15,0.15,19.84,1.06,31.91,77.34,81.71,0.148,gpm_synthetic,simulated
ISRO-1998-0843,27.048419,93.146256,1998-08-09,0.03,0.01,0.44,0.57,0.58,2.78,0.033,gpm_synthetic,simulated
ISRO-2000-0844,23.599205,91.355445,2000-07-15,3.19,0.05,2.23,60.42,65.83,116.8,3.194,gpm_synthetic,simulated
ISRO-2017-0845,27.804989,91.769168,2017-10-03,3.62,5.64,14.43,16.69,23.53,34.3,3.615,gpm_synthetic,simulated
ISRO-1999-0846,23.545541,91.804935,1999-07-19,24.53,39.86,107.06,218.39,598.51,729.29,24.528,gpm_synthetic,simulated
ISRO-2018-0847,25.245955,92.024253,2018-07-16,1.67,0.92,0.86,13.21,15.23,20.49,1.674,gpm_synthetic,simulated
ISRO-2007-0848,27.32397,88.527456,2007-07-20,3.65,25.7,27.15,143.41,611.44,797.88,3.651,gpm_synthetic,simulated
ISRO-2014-0849,23.402486,92.676513,2014-09-20,9.91,80.12,15.08,217.05,226.54,430.91,9.914,gpm_synthetic,simulated
ISRO-2015-0850,28.140902,94.765901,2015-09-15,4.37,66.92,11.74,152.43,157.95,271.46,4.37,gpm_synthetic,simulated
ISRO-2008-0851,25.381997,92.096536,2008-11-11,0.38,7.03,1.86,24.04,56.31,123.17,0.377,gpm_synthetic,simulated
ISRO-2008-0852,23.844036,92.333968,2008-07-08,1.47,45.43,159.56,164.85,196.5,335.8,1.468,gpm_synthetic,simulated
ISRO-2013-0853,26.145046,94.511753,2013-09-27,0.95,10.21,90.82,120.09,174.58,447.54,0.949,gpm_synthetic,simulated
ISRO-2012-0854,26.529164,93.757488,2012-08-24,1.46,3.67,5.53,39.01,62.14,91.9,1.457,gpm_synthetic,simulated
ISRO-2004-0855,27.236879,92.95036,2004-03-05,0.1,0.38,0.45,2.98,3.16,10.48,0.098,gpm_synthetic,simulated
ISRO-2015-0856,26.445299,94.611414,2015-08-10,44.8,8.79,148.25,269.06,697.41,1374.19,44.796,gpm_synthetic,simulated
ISRO-2003-0857,23.626751,92.947799,2003-09-11,1.07,5.28,26.61,59.12,77.33,338.25,1.066,gpm_synthetic,simulated
ISRO-2003-0858,26.214039,94.557511,2003-06-04,0.72,4.14,11.86,16.18,25.25,53.46,0.717,gpm_synthetic,simulated
ISRO-2011-0859,25.227256,92.108804,2011-08-02,8.92,26.2,167.35,175.52,446.51,593.23,8.923,gpm_synthetic,simulated
ISRO-2008-0860,25.325071,91.263218,2008-02-14,0.21,10.3,5.21,7.89,15.2,27.19,0.21,gpm_synthetic,simulated
ISRO-1999-0861,23.576089,91.548887,1999-12-22,0.43,1.54,3.32,6.59,12.03,31.0,0.434,gpm_synthetic,simulated
ISRO-2013-0862,26.364096,94.761172,2013-03-09,1.57,4.27,1.12,14.68,27.19,112.6,1.571,gpm_synthetic,simulated
ISRO-2021-0863,27.056924,88.650929,2021-07-26,3.92,4.2,13.3,39.04,43.51,43.62,3.923,gpm_synthetic,simulated
ISRO-2009-0864,28.258551,94.822678,2009-12-22,0.22,2.57,1.63,3.25,6.23,10.15,0.222,gpm_synthetic,simulated
ISRO-2014-0865,25.819937,90.424866,2014-07-24,2.33,4.0,57.03,47.13,47.46,119.46,2.329,gpm_synthetic,simulated
ISRO-2016-0866,23.545501,92.660062,2016-07-14,3.37,9.46,28.94,79.87,164.68,295.51,3.373,gpm_synthetic,simulated
ISRO-2005-0867,27.53738,95.070739,2005-08-20,28.71,154.9,79.73,157.67,176.01,616.37,28.715,gpm_synthetic,simulated
ISRO-2020-0868,27.631735,91.583924,2020-09-08,1.18,6.44,2.3,27.41,63.6,65.05,1.176,gpm_synthetic,simulated
ISRO-2007-0869,23.936948,91.411767,2007-09-20,1.03,0.18,5.61,36.08,79.51,171.8,1.029,gpm_synthetic,simulated
ISRO-2000-0870,24.865979,94.508463,2000-06-13,0.02,0.19,0.1,0.65,0.81,0.98,0.02,gpm_synthetic,simulated
ISRO-2006-0871,25.937853,93.938195,2006-04-11,0.38,0.93,1.69,4.73,5.49,12.83,0.377,gpm_synthetic,simulated
ISRO-2012-0872,25.533679,91.136806,2012-06-10,0.25,4.07,0.98,9.21,13.52,13.77,0.248,gpm_synthetic,simulated
ISRO-2018-0873,26.048379,94.643018,2018-12-20,0.39,6.26,1.47,17.6,18.48,142.06,0.391,gpm_synthetic,simulated
ISRO-2005-0874,23.564599,91.648873,2005-01-02,0.51,5.86,3.13,24.18,34.26,109.28,0.512,gpm_synthetic,simulated
ISRO-2020-0875,26.509316,94.148446,2020-09-23,2.49,48.61,16.35,59.8,67.71,75.37,2.488,gpm_synthetic,simulated
ISRO-2016-0876,24.700787,93.949332,2016-11-15,0.42,8.82,1.32,17.78,47.43,64.95,0.418,gpm_synthetic,simulated
ISRO-1998-0877,25.514146,92.486806,1998-01-27,0.17,2.25,2.63,22.56,33.46,95.08,0.17,gpm_synthetic,simulated
ISRO-2007-0878,25.263642,90.763468,2007-12-15,0.16,0.24,4.7,4.31,5.44,11.71,0.159,gpm_synthetic,simulated
ISRO-2000-0879,23.411088,92.749851,2000-08-07,0.76,7.43,6.71,23.09,46.93,70.52,0.76,gpm_synthetic,simulated
ISRO-2003-0880,25.311943,92.533051,2003-04-17,0.4,5.94,6.49,8.29,19.47,27.82,0.399,gpm_synthetic,simulated
ISRO-2014-0881,27.148698,94.992648,2014-12-07,0.33,16.59,20.51,11.62,15.1,39.1,0.333,gpm_synthetic,simulated
ISRO-2010-0882,24.395844,94.139831,2010-07-06,1.58,3.2,53.85,72.44,73.25,466.32,1.585,gpm_synthetic,simulated
ISRO-2019-0883,25.220181,91.442011,2019-06-11,0.46,0.09,7.0,8.04,19.85,24.9,0.459,gpm_synthetic,simulated
ISRO-2007-0884,24.955105,94.509843,2007-07-26,3.0,13.48,170.88,147.11,160.0,854.67,2.996,gpm_synthetic,simulated
ISRO-2005-0885,23.414915,92.848329,2005-06-13,2.31,6.04,2.4,26.08,30.64,41.81,2.305,gpm_synthetic,simulated
ISRO-2018-0886,26.669447,94.147459,2018-08-06,10.51,5.06,2.73,95.35,114.98,119.43,10.507,gpm_synthetic,simulated
ISRO-2002-0887,26.914061,92.989922,2002-10-16,0.29,13.33,6.18,30.12,52.16,100.65,0.289,gpm_synthetic,simulated
ISRO-2009-0888,22.817718,92.667464,2009-07-01,28.44,76.91,91.05,148.34,180.29,748.64,28.436,gpm_synthetic,simulated
ISRO-2004-0889,26.072385,94.770709,2004-07-16,2.19,5.71,91.86,42.0,60.26,190.43,2.19,gpm_synthetic,simulated
ISRO-2014-0890,26.215674,94.653267,2014-07-25,0.02,3.16,1.19,4.1,4.44,4.54,0.022,gpm_synthetic,simulated
ISRO-2007-0891,26.253391,94.227764,2007-07-24,0.06,0.29,6.05,18.36,24.87,26.37,0.059,gpm_synthetic,simulated
ISRO-2019-0892,27.202298,88.57527,2019-05-18,0.04,1.33,9.49,10.91,20.05,26.08,0.035,gpm_synthetic,simulated
ISRO-2001-0893,25.566366,90.405688,2001-07-05,4.5,5.12,3.8,81.56,328.3,519.83,4.498,gpm_synthetic,simulated
ISRO-2019-0894,26.411986,94.619647,2019-09-21,4.07,201.48,375.78,267.6,307.75,752.33,4.073,gpm_synthetic,simulated
ISRO-2022-0895,27.639276,91.954359,2022-10-21,3.74,18.43,9.79,54.44,81.91,124.22,3.737,gpm_synthetic,simulated
ISRO-2012-0896,23.474648,91.635361,2012-12-22,0.01,0.17,0.14,3.53,3.82,12.26,0.007,gpm_synthetic,simulated
ISRO-2011-0897,25.060902,92.101875,2011-09-15,1.56,1.48,88.38,33.77,35.35,206.25,1.559,gpm_synthetic,simulated
ISRO-2000-0898,25.03653,94.611167,2000-06-09,0.79,11.85,8.76,41.29,51.67,113.2,0.792,gpm_synthetic,simulated
ISRO-1999-0899,26.451398,94.080294,1999-05-09,0.15,1.03,3.02,10.7,11.85,18.92,0.149,gpm_synthetic,simulated
ISRO-2011-0900,23.696354,92.647987,2011-05-26,0.98,8.01,16.59,52.04,76.41,152.61,0.976,gpm_synthetic,simulated
ISRO-2007-0901,27.221954,94.95282,2007-08-27,0.47,5.68,18.75,16.77,18.15,18.89,0.474,gpm_synthetic,simulated
ISRO-2002-0902,27.26168,88.307131,2002-09-22,1.52,1.97,195.89,66.79,79.33,198.55,1.521,gpm_synthetic,simulated
ISRO-2015-0903,27.307795,88.187582,2015-06-06,15.14,2.61,15.89,110.87,134.36,179.17,15.143,gpm_synthetic,simulated
ISRO-2014-0904,25.302539,90.763445,2014-06-09,5.57,8.48,26.63,131.32,208.49,564.45,5.57,gpm_synthetic,simulated
ISRO-2002-0905,26.436926,94.052924,2002-07-22,0.07,0.03,0.11,0.55,0.61,1.91,0.069,gpm_synthetic,simulated
ISRO-2012-0906,23.694946,91.401794,2012-07-23,3.03,10.73,99.14,92.95,413.5,562.82,3.031,gpm_synthetic,simulated
ISRO-2017-0907,27.550476,88.417406,2017-10-14,0.42,1.42,4.0,14.0,15.61,35.44,0.417,gpm_synthetic,simulated
ISRO-2009-0908,25.604021,91.505868,2009-11-02,2.56,2.01,27.19,30.69,30.9,85.9,2.559,gpm_synthetic,simulated
ISRO-2012-0909,26.277295,93.910189,2012-11-17,0.0,0.08,0.61,0.7,0.96,1.36,0.003,gpm_synthetic,simulated
ISRO-1998-0910,25.269714,91.504931,1998-07-21,1.1,5.97,13.33,85.62,116.41,458.63,1.099,gpm_synthetic,simulated
ISRO-2015-0911,26.192935,92.629125,2015-12-04,0.12,0.03,4.97,5.25,5.55,13.54,0.123,gpm_synthetic,simulated
ISRO-2012-0912,25.243615,91.334192,2012-10-08,0.64,26.18,23.61,53.63,53.93,77.85,0.638,gpm_synthetic,simulated
ISRO-2015-0913,22.689617,93.003925,2015-07-18,0.66,3.86,17.96,119.71,459.13,567.08,0.656,gpm_synthetic,simulated
ISRO-2011-0914,25.376224,91.186296,2011-05-22,0.83,3.04,6.63,12.76,14.46,48.51,0.825,gpm_synthetic,simulated
ISRO-2008-0915,27.059005,92.905694,2008-10-05,2.12,15.11,41.37,63.27,90.36,91.21,2.12,gpm_synthetic,simulated
ISRO-1999-0916,26.268426,94.146441,1999-09-26,1.33,4.14,12.46,10.88,24.35,45.71,1.325,gpm_synthetic,simulated
ISRO-2004-0917,26.963177,92.855772,2004-07-24,3.31,40.9,77.57,193.41,324.07,848.65,3.313,gpm_synthetic,simulated
ISRO-2014-0918,26.494126,94.016071,2014-08-25,0.53,8.02,9.58,9.51,12.93,52.67,0.531,gpm_synthetic,simulated
ISRO-2005-0919,24.818414,94.319907,2005-06-13,1.03,2.4,36.01,23.45,32.54,71.19,1.035,gpm_synthetic,simulated
ISRO-2021-0920,25.737702,90.29448,2021-09-11,1.55,20.69,28.31,37.56,71.89,247.68,1.546,gpm_synthetic,simulated
ISRO-2009-0921,25.835046,90.498555,2009-06-23,6.83,13.53,9.18,75.56,86.32,454.84,6.825,gpm_synthetic,simulated
ISRO-2020-0922,25.212724,93.999108,2020-08-23,1.34,1.92,34.46,29.87,80.34,182.1,1.34,gpm_synthetic,simulated
ISRO-1999-0923,28.32861,94.662901,1999-07-10,0.26,1.34,3.85,7.97,9.28,17.52,0.263,gpm_synthetic,simulated
ISRO-2000-0924,25.644826,91.024705,2000-02-04,3.15,6.23,20.91,17.38,22.84,53.29,3.153,gpm_synthetic,simulated
ISRO-2003-0925,27.119159,93.177717,2003-07-25,0.16,15.2,0.33,222.95,236.31,282.73,0.161,gpm_synthetic,simulated
ISRO-2011-0926,23.677386,91.210653,2011-08-14,0.57,5.16,10.66,25.42,42.45,190.03,0.566,gpm_synthetic,simulated
ISRO-2012-0927,27.055736,88.432494,2012-04-20,1.14,0.07,23.67,13.68,21.76,80.66,1.142,gpm_synthetic,simulated
ISRO-2003-0928,25.188817,94.080741,2003-04-03,0.79,0.46,0.3,4.21,5.84,11.99,0.792,gpm_synthetic,simulated
ISRO-2016-0929,26.843363,93.246326,2016-08-05,1.53,2.05,5.56,19.7,20.64,31.11,1.535,gpm_synthetic,simulated
ISRO-2015-0930,26.317103,93.754832,2015-04-12,2.18,13.43,45.94,61.0,75.94,76.36,2.178,gpm_synthetic,simulated
ISRO-2020-0931,24.659471,94.006972,2020-03-05,0.02,0.54,0.41,2.59,3.56,3.7,0.022,gpm_synthetic,simulated
ISRO-2009-0932,23.394575,92.569964,2009-07-09,0.11,6.59,12.59,22.87,45.55,48.65,0.109,gpm_synthetic,simulated
ISRO-2016-0933,25.653501,90.806754,2016-08-18,9.08,123.05,14.75,121.84,171.0,221.72,9.081,gpm_synthetic,simulated
ISRO-2021-0934,25.451741,90.156396,2021-09-05,2.83,9.21,71.22,76.6,83.07,110.46,2.83,gpm_synthetic,simulated
ISRO-2006-0935,24.780428,94.343653,2006-08-15,2.09,2.66,5.82,31.59,36.48,43.5,2.092,gpm_synthetic,simulated
ISRO-2010-0936,25.708193,91.025064,2010-07-21,0.09,3.75,17.61,84.58,139.36,235.28,0.092,gpm_synthetic,simulated
ISRO-2002-0937,25.060826,92.323531,2002-09-27,0.43,16.51,12.96,18.92,48.07,53.2,0.428,gpm_synthetic,simulated
ISRO-2006-0938,23.801139,91.38088,2006-08-01,1.21,10.56,24.09,46.59,94.9,201.24,1.207,gpm_synthetic,simulated
ISRO-2011-0939,23.617783,91.832227,2011-08-23,1.65,121.74,318.55,226.85,261.77,358.36,1.652,gpm_synthetic,simulated
ISRO-1999-0940,25.499148,91.508168,1999-10-14,0.05,13.01,2.88,25.14,37.57,54.31,0.053,gpm_synthetic,simulated
ISRO-1999-0941,27.125899,88.281053,1999-06-05,10.57,25.71,17.71,97.44,136.7,344.75,10.571,gpm_synthetic,simulated
ISRO-2007-0942,26.036182,94.305454,2007-07-03,15.86,163.9,198.76,327.81,742.09,751.94,15.857,gpm_synthetic,simulated
ISRO-2010-0943,23.561322,92.514633,2010-12-08,0.48,0.22,0.46,6.83,17.28,46.15,0.477,gpm_synthetic,simulated
ISRO-2011-0944,25.202673,92.115974,2011-05-02,0.16,4.73,5.4,11.64,15.81,71.92,0.164,gpm_synthetic,simulated
ISRO-2005-0945,23.560581,92.591538,2005-07-25,7.98,64.97,30.47,58.27,68.37,228.37,7.98,gpm_synthetic,simulated
ISRO-2020-0946,27.396577,88.210156,2020-07-12,0.01,0.16,2.53,2.16,6.01,7.89,0.006,gpm_synthetic,simulated
ISRO-2020-0947,27.238335,93.075065,2020-04-26,0.49,1.27,3.8,6.27,9.87,20.51,0.493,gpm_synthetic,simulated
ISRO-2020-0948,25.264026,90.759066,2020-06-10,0.16,0.96,11.31,32.29,43.14,112.33,0.163,gpm_synthetic,simulated
ISRO-2011-0949,24.438696,93.72286,2011-08-27,3.0,26.12,13.41,96.34,109.41,142.38,3.002,gpm_synthetic,simulated
ISRO-2018-0950,27.355593,88.358099,2018-07-24,1.14,7.67,8.0,34.17,69.25,202.53,1.144,gpm_synthetic,simulated
ISRO-2022-0951,27.842262,91.80631,2022-11-16,0.99,6.91,3.82,21.85,36.09,50.48,0.985,gpm_synthetic,simulated
ISRO-2006-0952,24.698281,94.034176,2006-09-21,0.19,0.37,17.63,9.09,37.57,53.63,0.187,gpm_synthetic,simulated
ISRO-2005-0953,25.492416,91.513104,2005-07-23,0.1,1.77,26.04,15.72,29.37,75.52,0.097,gpm_synthetic,simulated
ISRO-2008-0954,23.277613,91.823849,2008-03-25,0.39,0.07,7.74,6.27,7.1,13.59,0.393,gpm_synthetic,simulated
ISRO-2020-0955,23.838487,91.108164,2020-08-01,6.05,7.32,0.67,148.35,287.18,293.96,6.047,gpm_synthetic,simulated
ISRO-1998-0956,27.50749,95.113578,1998-09-20,8.38,5.95,94.02,152.69,183.82,250.34,8.375,gpm_synthetic,simulated
ISRO-2005-0957,23.600128,91.759891,2005-08-07,0.77,17.03,57.05,142.19,185.77,234.72,0.77,gpm_synthetic,simulated
ISRO-2017-0958,26.638202,94.021194,2017-07-15,0.24,104.12,57.87,120.06,248.74,367.15,0.238,gpm_synthetic,simulated
ISRO-2001-0959,25.275437,92.235804,2001-08-10,0.68,13.26,7.81,34.68,46.47,76.48,0.68,gpm_synthetic,simulated
ISRO-2021-0960,26.250785,94.683996,2021-06-15,0.01,0.05,0.18,0.37,0.56,1.15,0.009,gpm_synthetic,simulated
ISRO-2022-0961,24.8849,94.375843,2022-02-23,0.01,0.71,0.66,3.53,4.86,6.83,0.007,gpm_synthetic,simulated
ISRO-2007-0962,23.634312,92.265859,2007-07-12,8.01,20.86,31.62,64.48,100.53,189.81,8.009,gpm_synthetic,simulated
ISRO-2005-0963,25.565126,91.205693,2005-05-16,0.39,1.86,0.16,6.43,6.85,7.55,0.389,gpm_synthetic,simulated
ISRO-2008-0964,27.604737,91.640476,2008-07-13,0.03,0.07,0.94,0.38,0.84,1.41,0.029,gpm_synthetic,simulated
ISRO-2008-0965,26.067886,94.386844,2008-08-02,3.03,24.72,74.76,95.67,192.04,565.46,3.033,gpm_synthetic,simulated
ISRO-2002-0966,25.181742,93.878391,2002-10-11,2.92,3.91,32.85,62.12,106.37,305.52,2.923,gpm_synthetic,simulated
ISRO-2013-0967,23.626018,91.377468,2013-07-12,2.46,3.11,13.62,32.53,56.3,90.09,2.456,gpm_synthetic,simulated
ISRO-2016-0968,25.670178,90.095934,2016-08-12,1.49,23.61,51.35,34.92,41.06,70.23,1.491,gpm_synthetic,simulated
ISRO-2017-0969,26.541391,94.220725,2017-06-18,5.03,16.84,22.26,67.22,71.24,290.8,5.031,gpm_synthetic,simulated
ISRO-2020-0970,26.674366,94.162243,2020-05-25,1.93,2.78,57.71,41.51,63.1,72.3,1.932,gpm_synthetic,simulated
ISRO-2006-0971,27.521034,88.477355,2006-08-08,3.28,74.24,97.11,112.55,154.13,409.96,3.281,gpm_synthetic,simulated
ISRO-2022-0972,25.595709,92.476107,2022-04-03,0.52,4.83,0.59,7.89,13.13,42.65,0.525,gpm_synthetic,simulated
ISRO-2003-0973,25.18682,93.950778,2003-09-20,0.29,9.03,3.69,30.14,50.27,61.61,0.291,gpm_synthetic,simulated
ISRO-2007-0974,25.732567,92.796569,2007-08-23,2.18,17.0,77.89,46.09,101.78,154.17,2.184,gpm_synthetic,simulated
ISRO-2002-0975,27.456215,88.46742,2002-06-20,1.16,34.0,4.42,49.71,149.24,222.63,1.157,gpm_synthetic,simulated
ISRO-2002-0976,23.652086,91.527082,2002-06-14,5.06,26.44,12.35,66.56,125.82,171.13,5.064,gpm_synthetic,simulated
ISRO-2021-0977,25.865305,93.716472,2021-09-16,2.96,5.98,26.29,158.6,210.46,594.19,2.958,gpm_synthetic,simulated
ISRO-2011-0978,27.679664,92.036404,2011-08-13,25.3,108.29,159.19,218.72,424.97,1105.81,25.302,gpm_synthetic,simulated
ISRO-2022-0979,25.553426,90.445138,2022-10-04,0.5,0.61,52.68,39.03,72.5,175.15,0.497,gpm_synthetic,simulated
ISRO-2000-0980,24.896589,94.45181,2000-06-10,1.12,16.71,13.98,33.15,45.73,53.68,1.117,gpm_synthetic,simulated
ISRO-2019-0981,23.684414,91.084932,2019-04-17,0.1,2.43,1.4,4.5,4.9,5.87,0.104,gpm_synthetic,simulated
ISRO-2003-0982,25.101593,94.1235,2003-08-23,2.21,0.52,76.74,43.63,50.35,74.56,2.206,gpm_synthetic,simulated
ISRO-2002-0983,25.271114,91.570794,2002-08-21,0.47,18.28,8.64,37.12,43.67,286.86,0.467,gpm_synthetic,simulated
ISRO-2016-0984,27.28205,94.958647,2016-08-05,5.28,133.45,161.26,236.45,310.96,463.28,5.278,gpm_synthetic,simulated
ISRO-2004-0985,23.291751,91.620973,2004-08-04,3.56,303.2,593.25,350.0,621.77,1245.56,3.558,gpm_synthetic,simulated
ISRO-2004-0986,26.764705,92.914706,2004-03-20,0.04,0.45,3.43,3.52,5.01,5.76,0.037,gpm_synthetic,simulated
ISRO-2015-0987,25.579549,92.717747,2015-04-25,0.18,27.98,33.75,85.72,133.41,473.34,0.18,gpm_synthetic,simulated
ISRO-2012-0988,25.087021,92.329212,2012-07-09,2.27,9.18,65.8,167.27,435.95,440.2,2.266,gpm_synthetic,simulated
ISRO-2021-0989,25.343796,91.059405,2021-08-23,0.94,60.61,7.16,50.53,69.73,131.42,0.943,gpm_synthetic,simulated
ISRO-2008-0990,26.386687,94.70024,2008-11-27,0.04,0.03,5.29,9.9,13.71,63.37,0.037,gpm_synthetic,simulated
ISRO-2014-0991,25.647138,90.456834,2014-10-16,1.38,6.21,5.73,15.54,35.12,43.75,1.38,gpm_synthetic,simulated
ISRO-1998-0992,26.596426,94.098027,1998-04-16,0.59,2.43,0.48,8.05,13.57,61.14,0.588,gpm_synthetic,simulated
ISRO-2003-0993,26.864423,92.85741,2003-05-17,0.37,4.77,10.99,22.78,24.44,73.08,0.365,gpm_synthetic,simulated
ISRO-2012-0994,25.375453,91.216357,2012-06-12,0.41,16.8,50.36,141.81,172.6,401.72,0.411,gpm_synthetic,simulated
ISRO-2020-0995,25.87927,94.06884,2020-07-19,1.78,8.29,11.18,18.33,35.07,90.2,1.781,gpm_synthetic,simulated
ISRO-2001-0996,26.079719,94.595554,2001-05-20,0.39,4.06,7.39,11.93,14.63,31.64,0.388,gpm_synthetic,simulated
ISRO-2000-0997,27.071415,88.668495,2000-08-05,2.89,0.81,0.86,14.65,17.66,22.32,2.885,gpm_synthetic,simulated
ISRO-2018-0998,27.529176,88.801548,2018-07-12,22.53,61.83,16.64,304.45,982.29,2777.35,22.532,gpm_synthetic,simulated
ISRO-2017-0999,23.250994,92.922477,2017-09-26,4.71,11.97,97.45,67.34,128.12,254.56,4.708,gpm_synthetic,simulated
ISRO-2000-1000,25.681982,92.477752,2000-05-10,0.79,39.89,68.48,76.23,99.02,208.13,0.79,gpm_synthetic,simulated
ISRO-2011-1001,23.698865,91.489029,2011-09-01,0.39,2.47,3.79,8.88,46.09,48.54,0.388,gpm_synthetic,simulated
ISRO-2019-1002,24.543952,94.132964,2019-09-20,0.47,0.46,4.45,13.93,27.73,67.03,0.471,gpm_synthetic,simulated
ISRO-2017-1003,25.604936,90.915511,2017-06-17,0.13,0.43,5.73,4.13,7.81,12.72,0.129,gpm_synthetic,simulated
ISRO-2004-1004,24.993554,94.043508,2004-12-20,0.81,7.4,0.4,21.68,26.51,103.04,0.809,gpm_synthetic,simulated
ISRO-2012-1005,26.909664,92.750546,2012-07-24,0.24,3.34,0.72,13.7,21.07,46.62,0.243,gpm_synthetic,simulated
ISRO-2002-1006,25.655311,90.470133,2002-12-13,0.34,8.51,59.93,33.92,67.66,96.14,0.341,gpm_synthetic,simulated
ISRO-2011-1007,26.196092,93.846613,2011-11-21,0.42,3.71,0.94,20.31,40.85,86.42,0.415,gpm_synthetic,simulated
ISRO-2012-1008,27.502314,91.904814,2012-08-24,0.68,63.7,22.94,77.48,145.29,392.48,0.681,gpm_synthetic,simulated
ISRO-2021-1009,24.828298,93.913749,2021-05-12,0.02,0.16,1.55,1.72,2.05,3.19,0.023,gpm_synthetic,simulated
ISRO-2003-1010,23.474563,91.842347,2003-01-14,2.36,27.5,68.35,56.85,152.4,164.74,2.361,gpm_synthetic,simulated
ISRO-2003-1011,23.457632,92.488454,2003-05-16,0.22,7.39,1.42,7.64,8.33,20.26,0.224,gpm_synthetic,simulated
ISRO-2009-1012,25.501021,90.21957,2009-06-02,0.51,1.05,2.96,7.69,9.2,34.55,0.507,gpm_synthetic,simulated
ISRO-1999-1013,25.014498,94.07606,1999-06-26,0.11,1.3,0.3,2.22,3.08,8.98,0.111,gpm_synthetic,simulated
ISRO-2015-1014,26.263064,94.07998,2015-08-23,0.34,27.94,0.55,21.39,27.09,52.92,0.336,gpm_synthetic,simulated
ISRO-2021-1015,27.313878,88.113433,2021-08-26,0.05,0.92,7.82,8.6,9.71,91.93,0.046,gpm_synthetic,simulated
ISRO-2007-1016,24.839372,94.50525,2007-12-06,0.04,0.96,1.56,1.98,3.21,6.02,0.045,gpm_synthetic,simulated
ISRO-2013-1017,26.47006,94.274871,2013-10-25,3.63,21.69,4.39,25.07,45.43,80.27,3.633,gpm_synthetic,simulated
ISRO-2011-1018,25.872095,94.034896,2011-06-09,4.34,13.3,3.87,32.22,40.54,390.51,4.342,gpm_synthetic,simulated
ISRO-2013-1019,26.541783,93.877856,2013-10-06,5.07,0.32,19.03,52.44,55.76,391.72,5.067,gpm_synthetic,simulated
ISRO-2012-1020,23.892825,92.561957,2012-10-27,0.01,0.0,0.0,0.07,0.13,0.34,0.008,gpm_synthetic,simulated
ISRO-2007-1021,23.726498,92.366256,2007-07-07,4.23,10.47,41.6,71.41,173.7,180.49,4.231,gpm_synthetic,simulated
ISRO-2003-1022,27.14643,88.532339,2003-08-19,1.35,5.05,17.7,24.66,42.26,111.86,1.353,gpm_synthetic,simulated
ISRO-2013-1023,23.735834,92.51975,2013-06-11,2.08,5.02,2.48,24.25,39.28,154.2,2.079,gpm_synthetic,simulated
ISRO-2007-1024,25.714302,90.936947,2007-08-12,2.17,35.3,8.34,34.76,62.39,94.02,2.169,gpm_synthetic,simulated
ISRO-2000-1025,28.312296,94.901961,2000-08-15,17.29,31.03,135.24,229.09,264.82,520.67,17.289,gpm_synthetic,simulated
ISRO-1998-1026,25.640452,91.279573,1998-07-17,0.98,9.58,82.51,90.2,128.72,224.28,0.978,gpm_synthetic,simulated
ISRO-2013-1027,27.530468,88.564317,2013-09-27,3.03,1.56,55.61,37.6,69.96,127.39,3.028,gpm_synthetic,simulated
ISRO-2019-1028,26.236991,94.457207,2019-07-22,2.39,2.64,94.29,113.35,156.73,289.43,2.394,gpm_synthetic,simulated
ISRO-2004-1029,26.318777,94.299048,2004-12-05,0.51,11.99,36.0,37.86,108.54,240.47,0.509,gpm_synthetic,simulated
ISRO-2021-1030,23.453929,92.896868,2021-11-03,0.24,0.93,0.59,5.44,6.18,8.24,0.24,gpm_synthetic,simulated
ISRO-1999-1031,27.428986,88.547299,1999-12-10,0.46,4.68,2.69,12.82,13.09,74.58,0.463,gpm_synthetic,simulated
ISRO-2007-1032,25.076151,92.047329,2007-09-04,0.91,2.12,0.05,19.37,23.26,33.6,0.908,gpm_synthetic,simulated
ISRO-2017-1033,25.37475,91.129744,2017-07-16,0.53,19.81,26.66,22.16,30.12,31.15,0.529,gpm_synthetic,simulated
ISRO-2014-1034,24.032271,91.517056,2014-09-06,0.68,4.37,18.99,34.9,37.67,407.16,0.684,gpm_synthetic,simulated
ISRO-2022-1035,25.513069,91.283454,2022-07-11,99.94,329.94,20.89,350.0,745.36,2061.48,99.938,gpm_synthetic,simulated
ISRO-2009-1036,25.546604,90.946672,2009-04-14,1.51,4.39,0.32,16.64,18.66,37.39,1.51,gpm_synthetic,simulated
ISRO-2006-1037,27.974896,94.821431,2006-07-26,1.82,39.81,1.34,136.51,234.66,354.02,1.818,gpm_synthetic,simulated
ISRO-2014-1038,27.388858,88.151204,2014-09-10,6.24,10.46,8.56,129.92,215.49,568.55,6.237,gpm_synthetic,simulated
ISRO-2016-1039,26.309717,94.095876,2016-07-19,0.9,0.07,3.75,19.07,27.25,63.63,0.899,gpm_synthetic,simulated
ISRO-1998-1040,25.304152,91.252361,1998-11-15,0.43,2.34,2.12,8.41,10.74,18.81,0.426,gpm_synthetic,simulated
ISRO-1998-1041,23.522082,91.381684,1998-10-26,0.39,1.79,0.66,4.0,5.51,14.07,0.39,gpm_synthetic,simulated
ISRO-2018-1042,23.687826,92.345886,2018-04-18,4.52,2.96,21.02,58.35,89.23,151.94,4.517,gpm_synthetic,simulated
ISRO-2018-1043,25.904762,93.850134,2018-05-20,0.01,4.22,3.38,21.01,33.71,93.93,0.006,gpm_synthetic,simulated
ISRO-2018-1044,25.705329,90.363497,2018-02-04,0.49,6.3,37.83,28.59,63.35,122.98,0.495,gpm_synthetic,simulated
ISRO-2018-1045,26.049806,94.512729,2018-09-22,28.08,20.66,26.2,80.02,81.58,339.23,28.084,gpm_synthetic,simulated
ISRO-2002-1046,26.500504,94.692308,2002-08-11,11.73,35.03,121.44,159.78,185.27,519.55,11.731,gpm_synthetic,simulated
ISRO-2006-1047,25.508525,90.260967,2006-06-15,0.14,5.6,26.12,12.4,17.52,54.94,0.139,gpm_synthetic,simulated
ISRO-2016-1048,26.668202,94.15457,2016-08-12,0.43,33.63,11.11,42.54,54.38,113.44,0.427,gpm_synthetic,simulated
ISRO-2002-1049,23.342926,92.936677,2002-07-16,3.46,5.24,24.81,72.01,100.3,594.67,3.459,gpm_synthetic,simulated
ISRO-2009-1050,24.900701,94.180431,2009-08-15,3.57,0.64,14.66,41.7,89.0,166.2,3.567,gpm_synthetic,simulated
ISRO-2010-1051,24.834727,94.14413,2010-12-23,0.44,1.13,9.49,21.94,35.02,66.94,0.437,gpm_synthetic,simulated
ISRO-2020-1052,27.590508,88.492876,2020-08-14,3.56,23.86,17.72,72.31,152.75,176.37,3.556,gpm_synthetic,simulated
ISRO-2021-1053,23.878411,92.416957,2021-06-03,1.74,58.85,76.98,244.97,298.46,440.96,1.736,gpm_synthetic,simulated
ISRO-2006-1054,27.025736,93.145019,2006-12-07,0.03,0.09,0.33,0.34,0.49,1.04,0.027,gpm_synthetic,simulated
ISRO-2020-1055,25.072641,94.231536,2020-07-22,1.55,1.67,6.65,10.06,15.95,33.87,1.553,gpm_synthetic,simulated
ISRO-2017-1056,26.103896,94.410747,2017-10-12,2.23,4.84,33.96,52.74,91.9,204.77,2.226,gpm_synthetic,simulated
ISRO-2000-1057,26.246127,94.120951,2000-05-03,0.54,3.48,1.81,22.25,23.44,90.55,0.541,gpm_synthetic,simulated
ISRO-2021-1058,25.596311,91.477863,2021-11-15,1.85,0.54,25.2,17.57,50.84,83.82,1.848,gpm_synthetic,simulated
ISRO-2014-1059,26.501838,94.144861,2014-08-14,2.4,79.17,16.6,192.21,379.99,654.11,2.401,gpm_synthetic,simulated
ISRO-2008-1060,27.06278,88.49151,2008-10-07,0.34,26.61,7.55,33.51,35.54,100.19,0.336,gpm_synthetic,simulated
ISRO-1998-1061,27.137125,95.363477,1998-09-15,0.13,17.84,25.76,49.54,61.1,96.05,0.128,gpm_synthetic,simulated
ISRO-2017-1062,26.204383,93.753513,2017-07-26,0.5,32.49,0.96,101.71,146.46,179.87,0.499,gpm_synthetic,simulated
ISRO-2001-1063,27.807164,91.828331,2001-01-01,0.43,6.31,2.01,11.06,17.25,20.56,0.431,gpm_synthetic,simulated
ISRO-2015-1064,24.389683,93.934657,2015-12-07,0.08,2.22,1.5,3.84,6.97,25.82,0.082,gpm_synthetic,simulated
ISRO-2010-1065,26.530012,94.647014,2010-11-16,0.59,1.41,17.22,40.6,61.5,78.39,0.588,gpm_synthetic,simulated
ISRO-2013-1066,25.232842,92.333818,2013-05-12,1.9,5.17,34.76,38.23,62.54,122.71,1.902,gpm_synthetic,simulated
ISRO-2016-1067,23.682358,91.371027,2016-06-02,11.0,11.73,14.13,88.02,134.92,739.31,10.997,gpm_synthetic,simulated
ISRO-2000-1068,27.52446,88.406094,2000-06-07,0.72,2.19,5.61,15.85,18.82,53.67,0.723,gpm_synthetic,simulated
ISRO-2006-1069,27.302152,88.722968,2006-09-15,6.51,2.3,4.0,97.32,233.01,400.84,6.507,gpm_synthetic,simulated
ISRO-2017-1070,25.605096,92.845887,2017-09-04,1.3,19.49,4.43,47.11,141.29,225.63,1.299,gpm_synthetic,simulated
ISRO-2005-1071,27.071916,88.483548,2005-07-07,4.03,4.75,157.76,268.0,338.59,1115.67,4.033,gpm_synthetic,simulated
ISRO-2015-1072,27.447019,88.663952,2015-10-26,0.44,14.39,3.08,33.99,92.65,139.3,0.436,gpm_synthetic,simulated
ISRO-1998-1073,23.580007,92.560865,1998-08-05,13.7,0.91,46.11,75.25,82.37,202.48,13.704,gpm_synthetic,simulated
ISRO-2019-1074,25.430963,90.820079,2019-08-12,18.36,73.47,312.79,350.0,585.65,884.63,18.36,gpm_synthetic,simulated
ISRO-2019-1075,24.478254,93.688494,2019-09-21,3.55,5.5,7.13,14.29,20.3,68.18,3.545,gpm_synthetic,simulated
ISRO-2011-1076,27.275297,88.299479,2011-09-27,0.12,26.57,88.52,100.57,120.12,202.82,0.118,gpm_synthetic,simulated
ISRO-2004-1077,22.731185,92.627257,2004-08-20,10.1,32.84,86.85,135.98,176.37,519.37,10.095,gpm_synthetic,simulated
ISRO-2012-1078,26.593,93.839019,2012-12-20,0.14,2.64,9.2,5.72,6.6,62.58,0.138,gpm_synthetic,simulated
ISRO-2006-1079,23.474644,92.401169,2006-07-25,3.49,30.02,140.06,131.4,163.74,1161.93,3.487,gpm_synthetic,simulated
ISRO-1998-1080,24.868552,94.203907,1998-06-13,0.62,30.22,30.5,53.15,57.21,188.27,0.624,gpm_synthetic,simulated
ISRO-2005-1081,27.244806,92.7787,2005-07-09,0.15,3.52,49.14,68.37,100.04,284.49,0.153,gpm_synthetic,simulated
ISRO-2009-1082,24.572432,93.811161,2009-12-26,0.8,4.05,4.94,15.08,25.29,27.21,0.804,gpm_synthetic,simulated
ISRO-2002-1083,26.99549,93.031914,2002-06-12,0.43,6.86,6.27,10.78,12.6,32.83,0.427,gpm_synthetic,simulated
ISRO-1999-1084,27.578275,88.378439,1999-08-19,9.53,154.17,114.67,314.71,474.97,1434.7,9.531,gpm_synthetic,simulated
ISRO-2022-1085,23.241143,92.513667,2022-09-20,0.56,3.44,147.28,74.1,199.42,231.34,0.563,gpm_synthetic,simulated
ISRO-2001-1086,26.454111,92.938438,2001-06-24,0.37,1.0,12.93,9.47,10.93,48.13,0.373,gpm_synthetic,simulated
ISRO-1998-1087,26.562607,92.802996,1998-01-09,1.01,4.34,5.15,31.51,51.65,103.8,1.01,gpm_synthetic,simulated
ISRO-2001-1088,26.429253,94.032653,2001-06-04,0.05,2.22,8.02,8.54,11.5,12.5,0.049,gpm_synthetic,simulated
ISRO-2009-1089,25.360015,91.214314,2009-02-02,0.81,9.13,5.01,28.63,78.88,81.8,0.807,gpm_synthetic,simulated
ISRO-2017-1090,24.607837,93.651972,2017-06-01,0.47,0.82,2.39,15.44,15.84,33.54,0.474,gpm_synthetic,simulated
ISRO-2018-1091,24.996481,94.213977,2018-08-21,1.96,12.48,100.88,145.08,228.38,443.07,1.964,gpm_synthetic,simulated
ISRO-2001-1092,27.231619,95.061677,2001-07-15,0.15,2.18,1.41,9.83,13.83,42.79,0.152,gpm_synthetic,simulated
ISRO-2011-1093,26.417581,94.14248,2011-01-18,0.3,9.41,12.12,18.48,26.07,73.59,0.3,gpm_synthetic,simulated
ISRO-2012-1094,27.450741,88.497033,2012-09-24,27.31,23.08,32.49,110.84,261.19,297.19,27.31,gpm_synthetic,simulated
ISRO-2017-1095,26.464526,94.518647,2017-06-07,0.17,1.24,6.79,21.79,40.98,43.05,0.168,gpm_synthetic,simulated
ISRO-2012-1096,27.000808,88.18496,2012-07-18,0.79,7.5,46.44,39.69,74.33,111.81,0.793,gpm_synthetic,simulated
ISRO-2012-1097,27.089534,95.001451,2012-09-27,0.71,0.49,2.42,13.57,15.34,15.61,0.714,gpm_synthetic,simulated
ISRO-2009-1098,25.64904,91.183181,2009-08-07,1.74,9.55,96.98,45.29,68.36,171.21,1.743,gpm_synthetic,simulated
ISRO-2016-1099,25.165556,92.158027,2016-07-18,1.59,39.43,7.55,58.92,71.25,210.58,1.59,gpm_synthetic,simulated
ISRO-2006-1100,26.52217,92.829745,2006-08-17,3.77,13.68,66.81,69.4,80.55,173.32,3.766,gpm_synthetic,simulated
ISRO-2002-1101,26.290053,92.613907,2002-09-06,1.04,40.44,166.93,83.8,99.8,424.32,1.036,gpm_synthetic,simulated
ISRO-2020-1102,25.690215,92.861508,2020-08-27,29.85,45.62,96.85,124.24,258.13,489.67,29.847,gpm_synthetic,simulated
ISRO-2019-1103,25.646236,91.137899,2019-07-25,24.73,26.46,16.23,159.91,175.33,577.37,24.727,gpm_synthetic,simulated
ISRO-2019-1104,23.687923,91.71067,2019-06-26,0.0,3.54,6.09,19.95,29.16,54.7,0.002,gpm_synthetic,simulated
ISRO-2000-1105,25.734,90.245055,2000-08-03,1.71,12.34,38.31,98.25,144.98,241.55,1.708,gpm_synthetic,simulated
ISRO-2002-1106,27.418698,91.623682,2002-09-17,4.31,9.17,5.47,71.24,73.13,96.02,4.314,gpm_synthetic,simulated
ISRO-2017-1107,26.738261,93.94548,2017-05-05,4.41,0.71,1.52,16.68,23.81,32.74,4.406,gpm_synthetic,simulated
ISRO-2020-1108,26.328374,93.776608,2020-06-06,0.59,1.46,0.76,9.26,17.91,31.94,0.588,gpm_synthetic,simulated
ISRO-1999-1109,27.58649,91.595166,1999-07-11,9.0,2.23,35.26,129.69,187.41,1004.19,8.995,gpm_synthetic,simulated
ISRO-1998-1110,26.236999,93.661329,1998-10-09,0.02,1.51,2.2,15.71,28.83,35.92,0.018,gpm_synthetic,simulated
ISRO-2016-1111,27.218672,93.067161,2016-08-01,2.98,48.53,18.89,77.25,85.74,376.52,2.978,gpm_synthetic,simulated
ISRO-2017-1112,27.06803,88.741795,2017-09-20,10.72,2.39,75.49,33.05,41.43,98.99,10.722,gpm_synthetic,simulated
ISRO-2003-1113,25.601395,90.209718,2003-06-05,0.66,4.41,10.95,92.37,146.7,749.02,0.658,gpm_synthetic,simulated
ISRO-2021-1114,25.269461,91.35341,2021-07-22,0.07,0.11,1.12,42.71,61.09,297.48,0.066,gpm_synthetic,simulated
ISRO-2013-1115,25.452803,92.665652,2013-08-08,1.72,8.38,3.47,22.43,23.91,49.21,1.718,gpm_synthetic,simulated
ISRO-2008-1116,25.423614,91.853498,2008-07-10,13.69,36.02,30.19,142.75,333.86,460.3,13.688,gpm_synthetic,simulated
ISRO-2007-1117,27.2253,88.655258,2007-05-08,0.51,1.0,4.77,16.97,24.78,38.47,0.512,gpm_synthetic,simulated
ISRO-2003-1118,23.558905,91.268631,2003-05-26,0.03,0.42,3.37,5.27,5.65,12.47,0.029,gpm_synthetic,simulated
ISRO-2017-1119,27.597688,88.176646,2017-07-20,4.47,3.48,45.95,64.38,65.77,195.62,4.473,gpm_synthetic,simulated
ISRO-2006-1120,25.534875,92.087371,2006-09-11,1.13,3.5,2.68,82.2,138.32,151.01,1.134,gpm_synthetic,simulated
ISRO-2004-1121,24.437617,94.003174,2004-07-16,5.63,7.72,1.58,77.73,96.08,370.59,5.631,gpm_synthetic,simulated
ISRO-2020-1122,26.217173,94.682982,2020-10-11,0.91,20.89,65.09,57.45,94.96,198.64,0.912,gpm_synthetic,simulated
ISRO-1998-1123,27.509431,95.308434,1998-08-17,10.87,32.39,61.22,137.18,164.83,196.09,10.868,gpm_synthetic,simulated
ISRO-2012-1124,25.42429,91.990489,2012-02-27,0.02,2.83,3.2,6.13,13.69,19.5,0.022,gpm_synthetic,simulated
ISRO-2001-1125,27.232715,88.564097,2001-10-26,0.41,3.05,5.72,5.06,11.17,35.26,0.411,gpm_synthetic,simulated
ISRO-2019-1126,26.073028,94.494482,2019-01-01,0.81,7.28,1.76,16.32,28.29,75.05,0.806,gpm_synthetic,simulated
ISRO-2015-1127,27.266117,88.374371,2015-11-19,0.59,4.73,14.0,14.71,32.19,52.86,0.594,gpm_synthetic,simulated
ISRO-2014-1128,26.445963,94.305555,2014-07-23,0.25,9.64,14.66,101.8,131.04,415.34,0.247,gpm_synthetic,simulated
ISRO-2016-1129,27.312004,88.730465,2016-02-23,0.5,4.37,20.54,28.25,29.59,46.54,0.5,gpm_synthetic,simulated
ISRO-2007-1130,25.493756,92.081217,2007-11-08,0.14,3.67,24.22,11.44,13.02,13.42,0.144,gpm_synthetic,simulated
ISRO-2000-1131,27.019655,88.232418,2000-07-17,0.19,3.82,0.17,9.48,10.9,22.29,0.195,gpm_synthetic,simulated
ISRO-2022-1132,24.946493,93.894598,2022-11-16,4.66,2.13,4.65,45.43,63.32,221.35,4.659,gpm_synthetic,simulated
ISRO-2013-1133,25.747461,90.766641,2013-10-23,5.15,26.54,9.32,30.69,54.25,158.08,5.153,gpm_synthetic,simulated
ISRO-2002-1134,25.451565,91.329323,2002-09-17,8.84,96.08,12.31,99.58,146.83,180.84,8.841,gpm_synthetic,simulated
ISRO-2014-1135,23.788437,92.620658,2014-10-04,0.77,1.28,8.77,11.4,12.15,46.11,0.768,gpm_synthetic,simulated
ISRO-2009-1136,26.230309,94.508708,2009-02-06,0.04,0.12,0.18,0.61,0.65,3.16,0.043,gpm_synthetic,simulated
ISRO-2011-1137,27.562249,91.881081,2011-05-15,0.27,2.48,4.42,19.76,23.7,51.51,0.273,gpm_synthetic,simulated
ISRO-2009-1138,27.243793,88.62832,2009-07-27,11.44,5.0,95.8,167.79,268.19,470.78,11.442,gpm_synthetic,simulated
ISRO-2016-1139,25.814535,90.15076,2016-10-13,0.12,0.09,2.16,10.26,12.64,20.33,0.124,gpm_synthetic,simulated
ISRO-2010-1140,26.487263,93.966832,2010-05-23,0.66,1.08,8.98,40.25,41.26,262.19,0.658,gpm_synthetic,simulated
ISRO-2013-1141,23.63001,92.886084,2013-10-10,0.07,0.55,3.83,7.95,9.95,14.8,0.072,gpm_synthetic,simulated
ISRO-2005-1142,24.574784,93.696821,2005-07-20,0.47,4.65,8.9,22.6,23.16,87.35,0.47,gpm_synthetic,simulated
ISRO-2010-1143,27.362626,95.107834,2010-07-04,1.19,1.3,13.03,14.91,15.39,49.75,1.185,gpm_synthetic,simulated
ISRO-1999-1144,25.80905,90.169219,1999-07-13,1.2,11.13,8.46,350.0,468.04,517.81,1.201,gpm_synthetic,simulated
ISRO-2011-1145,23.936176,92.485009,2011-07-25,4.17,99.18,146.15,206.31,315.68,461.96,4.172,gpm_synthetic,simulated
ISRO-2006-1146,28.282915,94.789323,2006-08-16,0.3,70.89,70.84,111.59,143.9,258.42,0.297,gpm_synthetic,simulated
ISRO-2002-1147,27.101558,88.135592,2002-02-19,0.08,0.19,2.32,4.27,4.8,14.47,0.084,gpm_synthetic,simulated
ISRO-2010-1148,27.297685,95.336699,2010-07-01,0.68,0.76,12.06,11.91,28.45,69.78,0.684,gpm_synthetic,simulated
ISRO-2016-1149,26.742523,94.323024,2016-09-17,0.82,6.3,4.0,8.05,9.34,27.63,0.818,gpm_synthetic,simulated
ISRO-2011-1150,23.679247,91.293338,2011-08-04,4.71,4.54,42.24,94.82,105.37,134.49,4.71,gpm_synthetic,simulated
ISRO-2002-1151,25.53119,92.073472,2002-02-10,0.48,0.57,0.34,3.43,4.36,7.29,0.479,gpm_synthetic,simulated
ISRO-2004-1152,25.622569,92.922737,2004-05-11,0.34,7.2,16.25,72.54,113.34,169.97,0.34,gpm_synthetic,simulated
ISRO-2022-1153,27.446409,88.442099,2022-12-05,0.41,3.77,13.19,10.16,16.48,88.82,0.408,gpm_synthetic,simulated
ISRO-1999-1154,24.962885,94.648649,1999-09-21,1.23,10.02,11.81,35.51,73.9,98.86,1.234,gpm_synthetic,simulated
ISRO-2012-1155,26.504669,94.507981,2012-07-09,0.2,1.06,5.02,5.29,6.32,20.34,0.197,gpm_synthetic,simulated
ISRO-2005-1156,27.596818,91.56448,2005-07-07,0.23,4.55,21.41,21.84,34.13,156.54,0.234,gpm_synthetic,simulated
ISRO-2013-1157,24.664308,93.770841,2013-09-10,4.49,14.43,141.59,125.88,348.43,407.35,4.493,gpm_synthetic,simulated
ISRO-2011-1158,25.000006,94.345975,2011-12-12,2.01,3.25,26.98,35.4,42.02,48.01,2.014,gpm_synthetic,simulated
ISRO-2001-1159,24.607227,93.884869,2001-11-24,0.16,0.57,30.3,12.96,24.48,94.32,0.161,gpm_synthetic,simulated
ISRO-2021-1160,23.860674,91.350438,2021-10-02,0.31,18.36,38.18,69.38,236.3,468.61,0.313,gpm_synthetic,simulated
ISRO-2021-1161,25.94595,90.288201,2021-08-05,1.04,0.85,1.77,28.68,58.71,58.87,1.043,gpm_synthetic,simulated
ISRO-2008-1162,23.589765,91.25262,2008-09-24,0.16,4.51,5.76,11.45,15.35,34.76,0.162,gpm_synthetic,simulated
ISRO-2000-1163,26.717021,94.076146,2000-09-03,3.63,4.19,141.07,109.9,136.81,616.62,3.627,gpm_synthetic,simulated
ISRO-1998-1164,24.982699,94.271902,1998-07-26,0.1,4.95,24.18,32.27,43.79,46.18,0.097,gpm_synthetic,simulated
ISRO-2004-1165,27.335678,95.035861,2004-11-26,1.42,9.6,4.3,34.55,38.31,50.38,1.417,gpm_synthetic,simulated
ISRO-2016-1166,26.89123,92.817821,2016-07-19,0.44,8.35,15.81,24.19,24.48,30.47,0.437,gpm_synthetic,simulated
ISRO-1999-1167,25.550584,91.061932,1999-07-02,1.41,2.79,20.45,43.32,91.69,135.64,1.412,gpm_synthetic,simulated
ISRO-2008-1168,24.524129,93.93928,2008-03-09,0.12,2.4,0.92,6.98,8.6,14.64,0.122,gpm_synthetic,simulated
ISRO-2013-1169,26.238524,94.449817,2013-09-23,4.36,24.57,13.2,82.16,92.29,225.72,4.359,gpm_synthetic,simulated
ISRO-2006-1170,23.813442,92.593033,2006-12-09,0.19,1.1,0.75,2.42,4.18,5.69,0.186,gpm_synthetic,simulated
ISRO-2004-1171,26.473487,94.065313,2004-09-14,2.71,3.03,4.36,47.75,49.35,173.85,2.713,gpm_synthetic,simulated
ISRO-2017-1172,23.935423,91.494254,2017-09-03,2.19,50.25,56.4,52.68,106.06,176.42,2.187,gpm_synthetic,simulated
ISRO-2022-1173,25.537339,90.217779,2022-07-05,0.13,20.44,5.83,92.91,98.89,462.98,0.131,gpm_synthetic,simulated
ISRO-2009-1174,27.607313,91.993341,2009-06-23,3.5,2.74,17.97,32.9,152.65,177.98,3.498,gpm_synthetic,simulated
ISRO-2011-1175,25.355588,92.820678,2011-08-19,5.14,21.65,6.06,78.98,122.8,217.76,5.143,gpm_synthetic,simulated
ISRO-2014-1176,26.481101,92.812582,2014-09-13,2.02,21.07,15.73,31.19,52.35,227.22,2.019,gpm_synthetic,simulated
ISRO-2015-1177,24.572999,93.821124,2015-06-10,0.12,3.74,0.4,9.59,35.98,36.44,0.12,gpm_synthetic,simulated
ISRO-2008-1178,26.418413,94.713864,2008-03-27,11.23,32.92,21.34,75.87,240.69,448.52,11.233,gpm_synthetic,simulated
ISRO-2013-1179,26.240712,93.719055,2013-09-12,26.73,21.02,26.98,102.3,139.18,354.28,26.725,gpm_synthetic,simulated
ISRO-2012-1180,26.477259,94.135963,2012-06-16,0.35,21.49,4.64,16.45,16.66,120.26,0.354,gpm_synthetic,simulated
ISRO-2012-1181,26.62416,92.902758,2012-09-09,6.37,46.07,136.89,195.02,291.13,746.26,6.373,gpm_synthetic,simulated
ISRO-2004-1182,25.423941,92.921091,2004-10-07,0.6,6.5,15.39,32.61,92.03,104.49,0.6,gpm_synthetic,simulated
ISRO-2003-1183,23.239489,92.743397,2003-10-27,0.05,16.31,1.7,15.97,17.79,129.19,0.052,gpm_synthetic,simulated
ISRO-2022-1184,24.667805,94.250657,2022-08-17,0.24,0.36,0.67,15.16,23.33,37.55,0.238,gpm_synthetic,simulated
ISRO-1998-1185,26.191207,92.732434,1998-08-27,0.3,49.73,28.77,131.77,149.81,245.45,0.296,gpm_synthetic,simulated
ISRO-2022-1186,23.72888,91.54953,2022-09-18,0.04,0.3,3.39,8.21,10.95,12.66,0.042,gpm_synthetic,simulated
ISRO-2021-1187,27.202338,92.948336,2021-11-26,0.58,11.28,1.31,35.48,61.67,112.31,0.584,gpm_synthetic,simulated
ISRO-1999-1188,26.103997,94.938476,1999-09-06,2.05,22.49,64.06,155.09,243.66,1301.67,2.048,gpm_synthetic,simulated
ISRO-2012-1189,23.862769,91.335203,2012-09-06,1.79,27.09,57.9,69.09,147.76,295.8,1.791,gpm_synthetic,simulated
ISRO-2004-1190,27.153694,92.837946,2004-11-26,0.06,0.27,0.81,2.99,4.41,19.42,0.057,gpm_synthetic,simulated
ISRO-2020-1191,27.563766,88.165892,2020-04-14,0.41,1.44,0.5,5.4,6.41,17.42,0.409,gpm_synthetic,simulated
ISRO-2018-1192,25.381159,91.020742,2018-12-18,0.64,5.5,1.73,8.34,20.28,28.05,0.638,gpm_synthetic,simulated
ISRO-2019-1193,24.867913,94.20374,2019-12-03,0.21,0.9,20.47,14.54,19.3,28.01,0.207,gpm_synthetic,simulated
ISRO-2012-1194,27.487519,91.887236,2012-08-19,4.65,19.65,122.33,199.68,219.44,557.0,4.646,gpm_synthetic,simulated
ISRO-2013-1195,26.201544,92.62305,2013-07-01,2.11,8.31,50.67,139.46,166.82,554.67,2.11,gpm_synthetic,simulated
ISRO-2014-1196,22.720087,92.578669,2014-09-17,0.08,0.0,0.09,0.88,1.31,2.53,0.081,gpm_synthetic,simulated
ISRO-1999-1197,25.466156,91.210206,1999-07-18,0.0,0.07,0.07,0.28,0.3,0.9,0.002,gpm_synthetic,simulated
ISRO-2001-1198,23.491191,92.509978,2001-09-02,0.28,45.14,28.72,66.51,85.36,157.61,0.281,gpm_synthetic,simulated
ISRO-2018-1199,23.677063,91.51305,2018-09-15,2.69,10.21,42.8,71.47,133.52,424.03,2.694,gpm_synthetic,simulated
ISRO-2020-1200,27.368655,95.196653,2020-06-14,4.19,3.01,2.73,26.52,37.45,56.9,4.194,gpm_synthetic,simulated
COOLR-SYN-0001,23.839055,91.30715,2015-12-27,0.17,3.06,0.06,6.77,7.73,10.82,0.167,gpm_synthetic,simulated
COOLR-SYN-0002,25.732707,90.280514,2008-11-17,1.15,3.29,0.22,23.86,28.58,171.13,1.145,gpm_synthetic,simulated
COOLR-SYN-0003,25.262163,91.310009,2013-11-19,0.31,12.64,1.17,9.36,19.14,30.18,0.31,gpm_synthetic,simulated
COOLR-SYN-0004,26.179193,94.821555,2008-10-13,1.47,7.16,44.25,49.14,96.81,163.79,1.472,gpm_synthetic,simulated
COOLR-SYN-0005,27.359479,88.693411,2016-08-25,1.85,7.18,55.58,29.94,42.26,178.87,1.848,gpm_synthetic,simulated
COOLR-SYN-0006,27.857116,94.467878,2011-08-08,1.23,8.64,4.49,33.69,33.98,199.72,1.229,gpm_synthetic,simulated
COOLR-SYN-0007,25.199104,91.94177,2022-09-09,0.67,28.47,10.28,58.99,64.66,173.57,0.67,gpm_synthetic,simulated
COOLR-SYN-0008,26.167711,94.946664,2015-09-16,4.03,12.92,1.09,32.97,56.58,57.96,4.032,gpm_synthetic,simulated
COOLR-SYN-0009,25.346182,91.122756,2019-07-14,7.83,47.71,109.33,167.05,234.97,729.19,7.833,gpm_synthetic,simulated
COOLR-SYN-0010,27.09322,93.12341,2020-03-06,0.15,13.72,14.21,18.93,20.14,59.5,0.145,gpm_synthetic,simulated
COOLR-SYN-0011,26.352878,93.938236,2013-09-12,2.79,75.42,11.45,75.03,106.74,320.97,2.792,gpm_synthetic,simulated
COOLR-SYN-0012,25.995842,90.512315,2015-08-20,0.01,0.01,2.14,2.83,4.04,12.05,0.008,gpm_synthetic,simulated
COOLR-SYN-0013,24.583995,94.123938,2020-07-01,1.44,6.17,13.77,27.83,90.85,99.87,1.444,gpm_synthetic,simulated
COOLR-SYN-0014,27.447858,88.300629,2014-07-23,0.35,4.33,46.15,19.85,87.32,169.97,0.355,gpm_synthetic,simulated
COOLR-SYN-0015,26.354805,94.009372,2009-07-06,1.2,26.07,35.12,54.2,58.85,77.48,1.198,gpm_synthetic,simulated
COOLR-SYN-0016,23.579625,91.225923,2016-08-09,0.94,2.05,14.27,12.03,16.46,58.47,0.937,gpm_synthetic,simulated
COOLR-SYN-0017,26.267916,92.798373,2015-07-10,1.31,5.82,13.43,88.96,118.62,549.54,1.31,gpm_synthetic,simulated
COOLR-SYN-0018,25.268988,92.868275,2017-06-27,0.31,40.87,133.09,179.24,205.25,562.68,0.311,gpm_synthetic,simulated
COOLR-SYN-0019,25.353371,92.802101,2016-07-16,18.53,40.92,33.49,127.63,141.53,271.56,18.531,gpm_synthetic,simulated
COOLR-SYN-0020,25.316211,91.99994,2019-08-09,0.22,0.06,2.29,2.13,2.56,13.42,0.222,gpm_synthetic,simulated
COOLR-SYN-0021,27.56998,91.608479,2007-10-03,1.22,11.43,8.92,29.97,44.73,108.75,1.218,gpm_synthetic,simulated
COOLR-SYN-0022,27.00684,88.828015,2014-06-12,3.71,2.6,29.39,90.73,121.27,465.34,3.714,gpm_synthetic,simulated
COOLR-SYN-0023,25.731431,91.275015,2020-06-23,0.03,0.15,0.72,0.67,0.79,3.41,0.026,gpm_synthetic,simulated
COOLR-SYN-0024,28.02464,94.801961,2019-06-22,1.27,0.82,21.84,26.48,31.7,115.7,1.275,gpm_synthetic,simulated
COOLR-SYN-0025,25.308887,92.34653,2021-07-24,1.76,18.24,37.37,83.97,84.29,356.45,1.764,gpm_synthetic,simulated
COOLR-SYN-0026,24.935123,94.16868,2010-08-26,11.91,18.62,0.66,67.21,107.13,318.27,11.912,gpm_synthetic,simulated
COOLR-SYN-0027,23.444228,91.720122,2022-07-18,0.05,4.48,8.5,23.02,25.95,27.6,0.052,gpm_synthetic,simulated
COOLR-SYN-0028,26.374556,92.709577,2009-07-09,2.27,6.97,18.79,35.21,49.51,127.91,2.269,gpm_synthetic,simulated
COOLR-SYN-0029,22.957572,92.97562,2018-04-14,0.17,5.19,30.2,81.01,106.54,190.8,0.168,gpm_synthetic,simulated
COOLR-SYN-0030,25.513543,92.617845,2009-09-20,0.97,0.64,25.4,64.1,84.9,129.41,0.969,gpm_synthetic,simulated
COOLR-SYN-0031,26.904968,93.101818,2017-09-18,1.56,33.81,23.54,63.25,92.24,125.05,1.558,gpm_synthetic,simulated
COOLR-SYN-0032,25.041131,94.123945,2017-07-22,29.05,57.46,191.64,134.74,271.87,340.06,29.048,gpm_synthetic,simulated
COOLR-SYN-0033,24.636913,93.956661,2018-06-18,0.71,2.74,56.08,24.99,30.93,232.93,0.711,gpm_synthetic,simulated
COOLR-SYN-0034,26.658992,94.146035,2021-09-07,0.29,3.06,15.05,22.14,35.78,129.63,0.285,gpm_synthetic,simulated
COOLR-SYN-0035,26.283638,94.029361,2011-06-26,1.7,1.88,24.71,53.1,105.7,269.37,1.699,gpm_synthetic,simulated
COOLR-SYN-0036,22.955186,93.079746,2010-03-05,0.22,0.15,0.06,2.18,2.87,6.03,0.224,gpm_synthetic,simulated
COOLR-SYN-0037,27.375304,88.018328,2012-08-23,17.59,5.56,19.99,111.67,177.65,326.62,17.592,gpm_synthetic,simulated
COOLR-SYN-0038,25.473047,91.46878,2008-07-15,0.35,1.87,0.74,9.63,11.53,45.98,0.349,gpm_synthetic,simulated
COOLR-SYN-0039,26.550587,94.498696,2019-05-12,0.81,18.27,169.58,88.74,132.61,142.82,0.811,gpm_synthetic,simulated
COOLR-SYN-0040,27.875081,91.945881,2017-09-07,6.29,49.65,53.74,164.66,404.26,594.07,6.294,gpm_synthetic,simulated
COOLR-SYN-0041,23.281091,92.959221,2014-08-22,0.25,0.94,1.17,7.2,8.63,36.78,0.25,gpm_synthetic,simulated
COOLR-SYN-0042,26.167605,92.851852,2021-12-15,0.23,6.93,4.61,4.79,6.79,9.15,0.23,gpm_synthetic,simulated
COOLR-SYN-0043,28.389951,94.89823,2014-04-02,0.04,0.17,0.34,1.23,2.0,2.25,0.038,gpm_synthetic,simulated
COOLR-SYN-0044,26.489235,94.961801,2020-05-26,0.05,11.85,12.86,60.37,61.52,65.22,0.046,gpm_synthetic,simulated
COOLR-SYN-0045,27.710056,88.338914,2017-10-17,0.23,0.47,18.31,8.56,15.37,18.14,0.227,gpm_synthetic,simulated
COOLR-SYN-0046,22.688349,93.085358,2015-10-19,0.16,0.04,0.36,0.85,2.08,4.19,0.163,gpm_synthetic,simulated
COOLR-SYN-0047,27.428542,91.951016,2017-08-05,0.97,0.23,8.99,19.67,25.88,43.29,0.975,gpm_synthetic,simulated
COOLR-SYN-0048,27.349422,88.117505,2013-01-15,0.36,7.21,0.91,9.1,10.25,19.43,0.357,gpm_synthetic,simulated
COOLR-SYN-0049,23.721759,91.75229,2012-08-23,1.43,12.44,19.17,113.46,157.73,260.43,1.429,gpm_synthetic,simulated
COOLR-SYN-0050,25.583592,90.486285,2008-04-03,0.23,8.94,27.51,25.04,25.43,242.88,0.232,gpm_synthetic,simulated
COOLR-SYN-0051,27.046261,95.274911,2011-08-19,0.64,7.4,3.44,126.47,201.25,399.34,0.637,gpm_synthetic,simulated
COOLR-SYN-0052,23.453347,91.640622,2014-07-19,0.29,3.69,6.48,68.29,160.25,629.67,0.29,gpm_synthetic,simulated
COOLR-SYN-0053,24.910985,94.665585,2014-11-03,2.21,7.16,9.84,17.24,20.15,25.58,2.212,gpm_synthetic,simulated
COOLR-SYN-0054,25.322694,91.998986,2007-08-14,6.68,9.02,42.74,84.19,111.05,311.71,6.684,gpm_synthetic,simulated
COOLR-SYN-0055,27.597259,88.514357,2012-12-21,0.0,0.18,0.85,7.52,7.75,33.43,0.004,gpm_synthetic,simulated
COOLR-SYN-0056,25.388237,92.411634,2016-12-11,0.1,0.3,4.49,12.54,32.93,36.52,0.104,gpm_synthetic,simulated
COOLR-SYN-0057,27.375029,95.059365,2015-09-19,1.3,8.64,7.29,21.85,26.73,28.16,1.3,gpm_synthetic,simulated
COOLR-SYN-0058,27.156433,88.071376,2013-09-05,0.24,0.65,1.18,4.04,8.57,10.81,0.242,gpm_synthetic,simulated
COOLR-SYN-0059,25.161418,93.964741,2022-12-27,0.03,0.19,1.9,1.93,5.93,8.01,0.026,gpm_synthetic,simulated
COOLR-SYN-0060,26.636049,93.983477,2014-07-13,2.85,32.94,5.37,180.42,468.2,1506.71,2.855,gpm_synthetic,simulated
COOLR-SYN-0061,26.722872,93.707938,2009-05-22,1.86,5.3,16.13,26.31,27.42,178.93,1.859,gpm_synthetic,simulated
COOLR-SYN-0062,27.029527,88.42718,2009-04-22,0.12,12.26,0.81,17.77,24.14,36.94,0.123,gpm_synthetic,simulated
COOLR-SYN-0063,25.654129,92.577063,2016-10-05,6.8,5.13,10.31,122.65,124.72,167.03,6.804,gpm_synthetic,simulated
COOLR-SYN-0064,26.679202,92.818057,2018-09-22,1.13,10.96,19.02,40.9,81.78,148.03,1.126,gpm_synthetic,simulated
COOLR-SYN-0065,24.39486,94.076364,2013-07-19,0.03,29.23,135.06,128.51,147.26,339.93,0.029,gpm_synthetic,simulated
COOLR-SYN-0066,26.678141,94.278574,2019-06-06,0.16,0.46,0.42,3.17,4.08,7.79,0.161,gpm_synthetic,simulated
COOLR-SYN-0067,27.489484,91.897464,2008-09-06,1.89,59.54,34.69,66.35,143.87,234.29,1.891,gpm_synthetic,simulated
COOLR-SYN-0068,22.793359,92.862636,2019-04-24,0.06,6.91,27.44,39.09,41.27,110.74,0.059,gpm_synthetic,simulated
COOLR-SYN-0069,24.994389,94.053008,2014-09-23,3.18,14.48,3.28,148.11,426.12,459.64,3.183,gpm_synthetic,simulated
COOLR-SYN-0070,25.67581,92.902645,2011-07-07,0.87,10.51,112.47,70.51,478.87,675.81,0.868,gpm_synthetic,simulated
COOLR-SYN-0071,27.160749,95.423582,2011-06-14,2.26,0.88,4.34,14.01,25.32,57.86,2.264,gpm_synthetic,simulated
COOLR-SYN-0072,27.46759,95.044953,2020-11-05,0.79,40.98,36.56,34.53,102.56,106.13,0.789,gpm_synthetic,simulated
COOLR-SYN-0073,23.312205,91.697654,2014-12-26,0.05,2.51,0.31,9.79,24.27,78.03,0.047,gpm_synthetic,simulated
COOLR-SYN-0074,27.695666,91.709101,2022-10-27,0.27,15.8,13.85,69.72,94.53,98.09,0.272,gpm_synthetic,simulated
COOLR-SYN-0075,22.859405,92.887289,2021-08-04,0.19,0.1,21.02,22.33,28.68,59.9,0.189,gpm_synthetic,simulated
COOLR-SYN-0076,26.146315,93.014719,2007-09-01,2.16,33.27,97.77,117.95,190.25,288.38,2.156,gpm_synthetic,simulated
COOLR-SYN-0077,25.080945,92.08286,2016-06-05,0.01,0.5,0.04,1.15,2.6,5.2,0.012,gpm_synthetic,simulated
COOLR-SYN-0078,27.473332,91.663204,2014-05-03,1.25,5.31,68.83,46.17,72.55,241.5,1.246,gpm_synthetic,simulated
COOLR-SYN-0079,25.646563,92.543454,2013-08-18,0.1,2.91,6.36,8.2,13.77,19.45,0.102,gpm_synthetic,simulated
COOLR-SYN-0080,26.900897,92.757859,2019-08-06,17.52,111.38,40.88,103.11,198.74,366.84,17.521,gpm_synthetic,simulated
COOLR-SYN-0081,23.629534,91.760134,2009-08-17,3.99,55.2,119.72,197.86,443.64,831.95,3.99,gpm_synthetic,simulated
COOLR-SYN-0082,25.953712,94.44601,2021-06-26,1.06,0.41,20.12,53.2,137.6,171.47,1.06,gpm_synthetic,simulated
COOLR-SYN-0083,27.617477,92.022242,2020-09-07,0.53,31.7,46.02,84.56,169.58,279.67,0.534,gpm_synthetic,simulated
COOLR-SYN-0084,26.721789,94.034842,2018-08-23,1.04,4.18,8.94,14.06,24.23,107.56,1.038,gpm_synthetic,simulated
COOLR-SYN-0085,23.134189,92.674404,2011-08-26,5.68,22.98,4.14,47.93,56.36,239.16,5.68,gpm_synthetic,simulated
COOLR-SYN-0086,27.387175,88.656609,2016-06-06,1.47,24.95,114.48,115.95,150.07,319.06,1.472,gpm_synthetic,simulated
COOLR-SYN-0087,25.718288,92.647348,2018-09-18,2.57,57.53,87.87,106.87,137.59,331.82,2.572,gpm_synthetic,simulated
COOLR-SYN-0088,25.762103,92.791757,2021-04-11,0.29,1.08,0.42,11.06,51.27,108.93,0.287,gpm_synthetic,simulated
COOLR-SYN-0089,26.433527,93.056509,2016-10-01,0.11,2.03,3.26,73.73,179.8,199.0,0.112,gpm_synthetic,simulated
COOLR-SYN-0090,23.185602,92.807138,2015-01-24,0.12,1.15,5.47,2.62,5.08,8.79,0.121,gpm_synthetic,simulated
COOLR-SYN-0091,27.710717,88.408769,2021-07-22,1.93,2.88,26.45,22.3,31.03,137.88,1.932,gpm_synthetic,simulated
COOLR-SYN-0092,26.704761,93.919223,2016-07-22,2.22,86.75,20.54,87.54,152.78,190.96,2.218,gpm_synthetic,simulated
COOLR-SYN-0093,23.952179,91.324882,2020-08-01,0.16,0.04,1.33,2.52,4.74,14.07,0.16,gpm_synthetic,simulated
COOLR-SYN-0094,27.51471,88.836559,2013-08-07,2.39,166.35,223.7,208.43,348.17,1108.0,2.394,gpm_synthetic,simulated
COOLR-SYN-0095,26.53895,94.060542,2022-12-15,0.06,0.33,2.36,7.27,9.9,13.3,0.064,gpm_synthetic,simulated
COOLR-SYN-0096,22.673416,93.082699,2010-07-11,1.78,36.22,2.37,183.79,246.01,373.73,1.784,gpm_synthetic,simulated
COOLR-SYN-0097,25.673252,91.669729,2012-07-18,5.91,36.44,33.97,169.62,188.75,672.41,5.905,gpm_synthetic,simulated
COOLR-SYN-0098,22.813673,93.052559,2021-06-05,0.41,14.79,0.38,28.19,72.97,93.02,0.411,gpm_synthetic,simulated
COOLR-SYN-0099,26.074795,94.520228,2013-07-01,14.15,16.46,39.64,82.85,134.97,264.08,14.154,gpm_synthetic,simulated
COOLR-SYN-0100,25.655645,90.53456,2017-09-09,0.93,10.99,85.07,89.98,129.52,265.93,0.935,gpm_synthetic,simulated
COOLR-SYN-0101,24.799413,93.621209,2012-07-20,0.85,16.23,5.52,19.96,33.74,40.07,0.849,gpm_synthetic,simulated
COOLR-SYN-0102,26.484641,94.535945,2011-11-14,2.21,18.66,7.9,20.39,57.81,64.85,2.208,gpm_synthetic,simulated
COOLR-SYN-0103,27.425782,88.349408,2022-10-15,2.58,9.73,142.98,65.18,68.6,70.87,2.577,gpm_synthetic,simulated
COOLR-SYN-0104,23.629258,91.768606,2013-09-16,2.47,32.41,104.56,28.7,29.0,61.29,2.474,gpm_synthetic,simulated
COOLR-SYN-0105,27.047118,88.571581,2017-07-25,0.81,4.88,10.85,27.61,27.71,52.86,0.812,gpm_synthetic,simulated
COOLR-SYN-0106,26.243827,94.731286,2007-09-17,1.24,4.99,4.26,20.85,22.71,34.22,1.24,gpm_synthetic,simulated
COOLR-SYN-0107,25.673999,92.950917,2018-08-02,8.6,17.02,120.13,120.49,166.23,312.83,8.604,gpm_synthetic,simulated
COOLR-SYN-0108,27.08299,88.509643,2010-08-05,0.11,0.01,0.49,0.6,0.62,2.07,0.106,gpm_synthetic,simulated
COOLR-SYN-0109,24.538994,93.953079,2009-12-23,5.45,3.0,16.48,42.61,45.09,74.41,5.453,gpm_synthetic,simulated
COOLR-SYN-0110,26.42286,94.228125,2012-07-06,14.74,3.75,97.18,282.43,328.77,378.64,14.735,gpm_synthetic,simulated
COOLR-SYN-0111,23.908915,91.162032,2022-12-10,1.25,2.71,4.07,8.58,10.21,22.52,1.248,gpm_synthetic,simulated
COOLR-SYN-0112,26.54548,94.835463,2016-09-03,0.48,21.11,18.38,74.9,158.96,358.6,0.484,gpm_synthetic,simulated
COOLR-SYN-0113,27.462606,88.2921,2015-09-02,3.41,1.08,4.99,136.36,164.57,246.32,3.405,gpm_synthetic,simulated
COOLR-SYN-0114,26.02142,93.98521,2007-08-21,1.64,115.02,320.13,262.58,320.08,573.4,1.639,gpm_synthetic,simulated
COOLR-SYN-0115,25.693725,91.264338,2014-01-05,0.12,0.33,0.83,6.57,14.32,22.18,0.119,gpm_synthetic,simulated
COOLR-SYN-0116,25.925331,93.626542,2016-10-04,6.78,1.21,4.17,38.16,42.14,48.67,6.775,gpm_synthetic,simulated
COOLR-SYN-0117,25.436809,92.063739,2007-10-20,0.02,1.44,0.39,2.72,2.73,8.13,0.016,gpm_synthetic,simulated
COOLR-SYN-0118,27.321754,95.003221,2018-10-04,1.8,2.83,12.38,24.14,24.97,57.51,1.8,gpm_synthetic,simulated
COOLR-SYN-0119,25.78809,92.78774,2007-06-20,1.55,16.9,3.92,147.85,243.82,284.68,1.548,gpm_synthetic,simulated
COOLR-SYN-0120,23.562153,91.498141,2018-07-27,0.06,5.42,7.14,11.32,14.27,19.4,0.058,gpm_synthetic,simulated
COOLR-SYN-0121,25.130072,94.260025,2018-06-04,0.47,3.78,7.02,31.49,32.52,72.36,0.473,gpm_synthetic,simulated
COOLR-SYN-0122,25.042154,94.690907,2022-02-06,0.98,6.41,0.62,35.21,38.71,78.29,0.978,gpm_synthetic,simulated
COOLR-SYN-0123,25.273063,91.460605,2018-08-07,9.6,72.1,186.92,133.18,356.57,459.74,9.599,gpm_synthetic,simulated
COOLR-SYN-0124,27.062492,88.165059,2014-08-03,5.45,49.93,40.23,129.16,361.34,372.7,5.448,gpm_synthetic,simulated
COOLR-SYN-0125,25.179454,91.827363,2007-03-18,1.32,6.7,1.05,19.37,24.42,82.8,1.325,gpm_synthetic,simulated
COOLR-SYN-0126,23.482803,92.715975,2019-05-16,3.25,2.29,40.64,34.59,55.85,86.72,3.254,gpm_synthetic,simulated
COOLR-SYN-0127,25.024534,91.966671,2016-08-26,8.6,104.98,788.97,268.96,396.78,412.46,8.604,gpm_synthetic,simulated
COOLR-SYN-0128,26.598038,94.452386,2012-07-12,7.34,14.3,7.65,97.25,253.74,496.54,7.339,gpm_synthetic,simulated
COOLR-SYN-0129,25.39989,91.144321,2021-08-08,0.71,5.87,28.39,41.98,96.3,214.63,0.708,gpm_synthetic,simulated
COOLR-SYN-0130,27.469356,95.450824,2010-10-14,0.45,0.74,6.71,12.09,13.79,47.17,0.448,gpm_synthetic,simulated
COOLR-SYN-0131,27.470457,95.101345,2012-10-10,0.46,3.34,3.74,12.15,16.22,38.5,0.461,gpm_synthetic,simulated
COOLR-SYN-0132,25.884982,94.040086,2018-02-11,0.65,7.66,5.29,25.09,74.52,181.76,0.651,gpm_synthetic,simulated
COOLR-SYN-0133,26.324344,93.716718,2010-10-20,0.58,0.47,0.12,3.88,8.06,9.02,0.581,gpm_synthetic,simulated
COOLR-SYN-0134,25.966183,90.342803,2015-08-24,2.09,7.8,309.86,170.2,202.71,257.81,2.094,gpm_synthetic,simulated
COOLR-SYN-0135,24.077844,91.238811,2013-07-01,0.0,64.86,21.94,172.57,211.61,713.64,0.001,gpm_synthetic,simulated
COOLR-SYN-0136,25.264855,92.435652,2016-06-17,5.9,131.55,1.92,122.26,159.38,737.89,5.896,gpm_synthetic,simulated
COOLR-SYN-0137,23.546136,92.524373,2017-02-26,0.01,0.28,1.25,4.11,4.18,5.06,0.009,gpm_synthetic,simulated
COOLR-SYN-0138,26.496954,92.815188,2010-08-11,28.58,12.35,72.05,210.42,471.14,528.98,28.58,gpm_synthetic,simulated
COOLR-SYN-0139,25.26115,90.842607,2015-09-23,0.83,11.07,56.27,81.42,234.35,238.94,0.827,gpm_synthetic,simulated
COOLR-SYN-0140,25.534792,90.796421,2009-07-10,1.4,2.01,12.9,57.15,81.58,170.75,1.398,gpm_synthetic,simulated
COOLR-SYN-0141,26.514564,94.787125,2018-10-18,2.57,17.2,30.95,61.46,211.82,516.55,2.575,gpm_synthetic,simulated
COOLR-SYN-0142,26.182656,92.753921,2008-07-12,4.81,51.15,11.75,161.15,232.57,646.19,4.809,gpm_synthetic,simulated
COOLR-SYN-0143,26.206664,93.717797,2009-09-08,0.1,5.58,151.68,94.41,100.4,186.16,0.097,gpm_synthetic,simulated
COOLR-SYN-0144,26.233692,94.745267,2011-07-26,9.21,27.83,1.14,119.52,166.67,355.03,9.21,gpm_synthetic,simulated
COOLR-SYN-0145,26.289796,93.800872,2016-06-17,27.13,46.35,425.3,212.43,434.88,1095.66,27.128,gpm_synthetic,simulated
COOLR-SYN-0146,25.246616,93.950517,2021-06-13,0.23,0.62,7.75,15.4,56.83,71.98,0.231,gpm_synthetic,simulated
COOLR-SYN-0147,28.025338,94.709516,2017-07-27,5.82,19.94,0.41,131.15,326.19,480.45,5.817,gpm_synthetic,simulated
COOLR-SYN-0148,22.853782,92.661744,2017-07-06,0.18,3.84,7.88,23.95,91.39,155.27,0.178,gpm_synthetic,simulated
COOLR-SYN-0149,25.501521,90.43235,2014-06-24,0.51,34.74,16.86,52.57,58.23,107.19,0.509,gpm_synthetic,simulated
COOLR-SYN-0150,26.442687,94.366423,2020-07-16,3.12,14.6,0.13,25.88,29.07,63.39,3.121,gpm_synthetic,simulated
COOLR-SYN-0151,26.681546,92.790107,2009-08-11,0.15,2.22,6.79,38.6,41.5,105.32,0.147,gpm_synthetic,simulated
COOLR-SYN-0152,27.461159,88.250311,2014-04-04,0.06,0.35,3.86,4.49,5.22,22.96,0.059,gpm_synthetic,simulated
COOLR-SYN-0153,25.419819,91.574478,2021-12-04,0.56,5.42,10.83,23.17,27.23,69.83,0.564,gpm_synthetic,simulated
COOLR-SYN-0154,28.114142,94.648165,2009-09-23,0.01,0.17,0.08,0.51,1.3,2.22,0.008,gpm_synthetic,simulated
COOLR-SYN-0155,25.4771,91.634503,2017-08-14,0.11,1.15,3.02,4.59,5.77,6.11,0.113,gpm_synthetic,simulated
COOLR-SYN-0156,27.309174,91.527416,2022-01-06,0.13,0.1,0.15,1.5,2.55,6.88,0.127,gpm_synthetic,simulated
COOLR-SYN-0157,23.943682,91.335958,2022-08-06,3.82,6.07,30.65,36.64,41.99,48.25,3.816,gpm_synthetic,simulated
COOLR-SYN-0158,23.136321,92.57049,2018-06-04,1.33,7.43,0.45,26.83,28.36,50.29,1.328,gpm_synthetic,simulated
COOLR-SYN-0159,24.076261,91.17854,2019-09-02,3.13,3.68,94.85,65.35,155.61,488.12,3.128,gpm_synthetic,simulated
COOLR-SYN-0160,26.427843,94.8464,2009-08-04,0.84,13.54,0.64,43.85,52.58,125.38,0.838,gpm_synthetic,simulated
COOLR-SYN-0161,26.733922,94.296192,2014-05-03,0.35,2.5,4.2,15.2,36.39,46.89,0.348,gpm_synthetic,simulated
COOLR-SYN-0162,25.200684,90.953965,2015-10-17,0.11,1.21,20.19,13.26,20.38,21.82,0.115,gpm_synthetic,simulated
COOLR-SYN-0163,26.405311,93.761953,2010-07-04,3.99,1.37,17.93,63.62,96.77,138.66,3.989,gpm_synthetic,simulated
COOLR-SYN-0164,26.256821,94.536556,2013-11-05,1.18,7.32,17.54,24.64,30.16,155.72,1.179,gpm_synthetic,simulated
COOLR-SYN-0165,25.937459,93.618759,2022-11-25,0.33,12.96,65.51,24.88,57.11,80.97,0.329,gpm_synthetic,simulated
COOLR-SYN-0166,26.55385,92.640725,2018-05-07,1.59,6.92,25.18,54.53,74.13,284.49,1.593,gpm_synthetic,simulated
COOLR-SYN-0167,23.715318,92.47366,2016-12-25,1.29,1.65,14.8,35.96,63.71,200.74,1.293,gpm_synthetic,simulated
COOLR-SYN-0168,26.781618,92.847414,2019-07-15,0.01,0.21,0.06,0.99,1.32,1.4,0.012,gpm_synthetic,simulated
COOLR-SYN-0169,27.515853,88.365327,2013-07-07,0.41,14.64,35.75,67.76,145.11,258.44,0.415,gpm_synthetic,simulated
COOLR-SYN-0170,25.210015,92.488329,2018-02-19,0.12,13.18,5.87,15.0,15.83,71.05,0.118,gpm_synthetic,simulated
COOLR-SYN-0171,23.311679,92.785538,2010-08-05,3.82,14.24,194.56,73.54,96.93,106.06,3.822,gpm_synthetic,simulated
COOLR-SYN-0172,25.642824,90.384112,2012-08-02,0.2,0.94,8.34,6.7,16.25,16.46,0.197,gpm_synthetic,simulated
COOLR-SYN-0173,27.114148,92.758747,2009-08-22,0.32,33.99,38.34,46.69,61.39,132.77,0.321,gpm_synthetic,simulated
COOLR-SYN-0174,25.557863,90.847762,2018-05-02,0.02,0.43,0.65,2.11,4.3,5.84,0.02,gpm_synthetic,simulated
COOLR-SYN-0175,27.734167,92.040014,2017-08-25,0.69,7.09,96.85,195.08,215.1,2918.66,0.685,gpm_synthetic,simulated
COOLR-SYN-0176,24.741144,94.309872,2014-08-12,3.71,48.92,170.34,228.24,553.91,1556.95,3.71,gpm_synthetic,simulated
COOLR-SYN-0177,22.890431,93.080887,2007-03-21,0.35,1.18,9.86,7.43,13.44,14.43,0.349,gpm_synthetic,simulated
COOLR-SYN-0178,26.395312,94.734901,2014-07-22,2.41,3.91,22.1,63.51,109.64,331.4,2.412,gpm_synthetic,simulated
COOLR-SYN-0179,28.000074,94.905685,2014-08-18,12.18,21.33,12.17,121.67,168.79,297.33,12.184,gpm_synthetic,simulated
COOLR-SYN-0180,27.347363,95.289079,2009-02-01,0.03,0.51,2.29,1.56,3.87,5.06,0.029,gpm_synthetic,simulated
COOLR-SYN-0181,27.819442,92.095571,2016-09-07,0.86,18.49,5.62,49.89,75.12,101.36,0.861,gpm_synthetic,simulated
COOLR-SYN-0182,25.158865,91.612993,2007-07-26,0.66,0.66,5.5,11.17,13.77,13.77,0.663,gpm_synthetic,simulated
COOLR-SYN-0183,26.608196,94.295294,2009-05-12,5.61,6.21,19.93,42.25,73.21,254.26,5.614,gpm_synthetic,simulated
COOLR-SYN-0184,24.332141,93.874987,2018-11-18,0.32,1.81,0.56,3.52,4.59,4.63,0.322,gpm_synthetic,simulated
COOLR-SYN-0185,25.052412,92.318306,2011-02-10,0.07,2.23,3.38,3.77,4.29,8.82,0.072,gpm_synthetic,simulated
COOLR-SYN-0186,23.968481,92.451709,2011-05-17,3.5,35.09,78.69,109.59,127.02,137.42,3.502,gpm_synthetic,simulated
COOLR-SYN-0187,26.342886,94.491241,2017-09-07,1.78,1.38,163.16,123.57,128.4,131.27,1.783,gpm_synthetic,simulated
COOLR-SYN-0188,25.906954,93.614632,2017-10-13,1.25,3.34,7.92,13.69,14.51,38.77,1.252,gpm_synthetic,simulated
COOLR-SYN-0189,28.37987,94.536148,2009-07-19,0.85,6.78,9.84,45.38,49.04,97.44,0.854,gpm_synthetic,simulated
COOLR-SYN-0190,26.757169,93.802109,2018-11-01,0.5,3.27,9.34,10.65,15.1,34.97,0.503,gpm_synthetic,simulated
COOLR-SYN-0191,23.77777,91.540419,2014-08-15,1.42,4.34,16.93,38.89,101.27,192.41,1.421,gpm_synthetic,simulated
COOLR-SYN-0192,23.814082,92.403043,2017-05-13,0.89,2.15,0.38,13.3,15.41,75.21,0.894,gpm_synthetic,simulated
COOLR-SYN-0193,23.291111,92.548473,2016-09-08,29.31,10.51,478.81,212.54,227.37,296.7,29.315,gpm_synthetic,simulated
COOLR-SYN-0194,23.62715,91.801019,2019-09-12,0.68,2.24,5.82,75.75,82.53,193.44,0.678,gpm_synthetic,simulated
COOLR-SYN-0195,25.05046,93.868707,2022-09-07,4.78,14.33,21.71,112.16,134.18,301.92,4.782,gpm_synthetic,simulated
COOLR-SYN-0196,25.627111,91.179204,2009-11-27,0.65,1.0,9.63,26.92,27.3,164.64,0.654,gpm_synthetic,simulated
COOLR-SYN-0197,24.664102,94.295038,2007-09-20,2.4,44.47,3.21,56.03,73.99,81.26,2.404,gpm_synthetic,simulated
COOLR-SYN-0198,23.159806,92.785666,2008-06-21,0.92,67.34,193.21,152.3,287.35,362.08,0.92,gpm_synthetic,simulated
COOLR-SYN-0199,24.027094,91.445752,2018-08-02,17.79,27.23,19.86,130.78,174.05,505.71,17.786,gpm_synthetic,simulated
COOLR-SYN-0200,27.44369,95.212029,2014-11-16,0.16,0.07,2.22,7.41,8.46,10.69,0.165,gpm_synthetic,simulated
COOLR-SYN-0201,26.471519,94.429377,2017-09-24,6.75,3.13,40.03,43.38,48.83,102.35,6.747,gpm_synthetic,simulated
COOLR-SYN-0202,24.771745,94.213224,2012-10-08,0.13,0.02,2.97,3.39,4.36,45.08,0.13,gpm_synthetic,simulated
COOLR-SYN-0203,25.301239,92.804486,2011-07-15,2.27,0.11,5.05,21.22,24.0,30.93,2.269,gpm_synthetic,simulated
COOLR-SYN-0204,25.273217,92.557225,2015-03-10,0.17,0.83,2.74,3.05,4.99,11.34,0.169,gpm_synthetic,simulated
COOLR-SYN-0205,26.338813,94.151934,2014-08-11,0.04,0.11,0.69,1.0,1.49,5.67,0.041,gpm_synthetic,simulated
COOLR-SYN-0206,27.423853,88.168576,2011-08-22,0.01,25.38,31.94,57.34,87.74,164.94,0.012,gpm_synthetic,simulated
COOLR-SYN-0207,25.556123,92.555088,2012-04-15,0.63,1.71,1.87,29.14,53.63,58.57,0.633,gpm_synthetic,simulated
COOLR-SYN-0208,23.127361,92.62715,2010-11-25,0.3,3.5,0.61,6.2,6.24,16.53,0.3,gpm_synthetic,simulated
COOLR-SYN-0209,25.72682,92.69056,2019-06-24,3.68,11.12,39.86,58.59,83.95,109.47,3.68,gpm_synthetic,simulated
COOLR-SYN-0210,27.002463,95.376785,2007-01-27,0.36,0.31,1.88,3.24,3.91,16.6,0.357,gpm_synthetic,simulated
COOLR-SYN-0211,25.609315,91.173782,2011-08-02,6.2,19.22,5.31,54.54,57.02,145.35,6.201,gpm_synthetic,simulated
COOLR-SYN-0212,26.274573,93.975554,2012-07-03,2.41,15.08,0.14,162.59,255.72,449.65,2.413,gpm_synthetic,simulated
COOLR-SYN-0213,26.314466,94.032862,2021-04-19,2.09,9.2,18.36,29.27,53.29,110.05,2.089,gpm_synthetic,simulated
COOLR-SYN-0214,26.427097,94.654647,2022-08-14,0.88,5.08,11.81,67.8,151.81,421.99,0.883,gpm_synthetic,simulated
COOLR-SYN-0215,26.228636,93.022561,2009-10-19,2.14,2.25,2.37,17.56,21.1,40.25,2.137,gpm_synthetic,simulated
COOLR-SYN-0216,25.411732,91.059169,2013-09-23,1.77,1.0,43.19,47.71,51.25,94.46,1.775,gpm_synthetic,simulated
COOLR-SYN-0217,25.507243,91.162111,2009-05-03,0.13,5.34,23.16,48.98,61.75,194.83,0.134,gpm_synthetic,simulated
COOLR-SYN-0218,25.50191,92.720002,2018-06-22,1.15,7.2,3.07,12.25,16.6,63.4,1.149,gpm_synthetic,simulated
COOLR-SYN-0219,23.100827,92.761805,2015-10-24,0.02,0.69,1.51,1.99,2.0,5.75,0.022,gpm_synthetic,simulated
COOLR-SYN-0220,24.063971,91.249732,2019-09-03,0.03,0.29,0.41,2.97,8.25,10.44,0.026,gpm_synthetic,simulated
COOLR-SYN-0221,27.325879,91.707225,2007-08-13,5.2,16.95,5.3,83.75,172.42,507.64,5.196,gpm_synthetic,simulated
COOLR-SYN-0222,27.65338,88.382327,2016-06-15,37.13,6.11,128.64,216.11,418.23,423.97,37.128,gpm_synthetic,simulated
COOLR-SYN-0223,26.388929,94.82172,2022-08-10,0.69,26.83,81.47,164.13,254.81,387.37,0.689,gpm_synthetic,simulated
COOLR-SYN-0224,25.506381,92.223232,2017-08-16,2.51,13.24,52.7,146.8,518.23,934.07,2.512,gpm_synthetic,simulated
COOLR-SYN-0225,27.237673,92.810639,2007-08-25,48.53,72.61,158.39,193.74,255.48,764.52,48.531,gpm_synthetic,simulated
COOLR-SYN-0226,26.573295,93.035681,2015-10-21,2.61,0.97,4.64,14.51,24.52,37.79,2.612,gpm_synthetic,simulated
COOLR-SYN-0227,23.666028,91.68809,2012-09-14,9.96,82.75,3.76,109.15,125.25,132.09,9.956,gpm_synthetic,simulated
COOLR-SYN-0228,26.255556,94.878808,2020-11-10,0.11,2.86,0.53,4.85,7.75,19.28,0.108,gpm_synthetic,simulated
COOLR-SYN-0229,26.758689,93.14014,2015-07-14,16.94,77.55,107.42,186.03,702.3,960.6,16.94,gpm_synthetic,simulated
COOLR-SYN-0230,26.3349,92.662369,2020-11-19,0.24,12.63,7.08,43.99,48.76,241.83,0.24,gpm_synthetic,simulated
COOLR-SYN-0231,27.584749,95.162986,2009-09-06,0.31,0.68,3.84,10.38,17.59,26.32,0.311,gpm_synthetic,simulated
COOLR-SYN-0232,26.313511,94.666411,2016-05-08,4.64,54.74,46.71,98.08,100.7,313.66,4.643,gpm_synthetic,simulated
COOLR-SYN-0233,27.339109,88.255855,2017-07-23,28.76,362.95,33.8,239.03,384.76,607.55,28.761,gpm_synthetic,simulated
COOLR-SYN-0234,27.553854,91.588331,2020-06-25,4.16,4.41,43.97,104.71,130.52,498.4,4.164,gpm_synthetic,simulated
COOLR-SYN-0235,27.581035,95.057585,2015-09-22,0.33,10.31,0.48,36.06,41.02,129.74,0.327,gpm_synthetic,simulated
COOLR-SYN-0236,25.029545,92.184395,2011-07-15,0.29,7.01,72.65,59.79,83.34,166.63,0.286,gpm_synthetic,simulated
COOLR-SYN-0237,26.860379,92.809454,2020-08-19,0.0,0.43,3.7,7.25,11.6,22.0,0.003,gpm_synthetic,simulated
COOLR-SYN-0238,26.667077,93.086934,2014-10-19,0.02,0.23,1.17,0.86,1.85,2.25,0.024,gpm_synthetic,simulated
COOLR-SYN-0239,25.03829,92.207547,2015-09-15,0.98,1.24,32.81,31.26,44.2,193.44,0.984,gpm_synthetic,simulated
COOLR-SYN-0240,25.127564,92.28039,2014-11-05,0.67,0.54,6.38,17.95,28.68,43.71,0.675,gpm_synthetic,simulated
COOLR-SYN-0241,23.680512,91.378246,2022-06-22,0.45,7.83,6.79,23.37,32.19,72.33,0.454,gpm_synthetic,simulated
COOLR-SYN-0242,23.564151,92.449125,2010-03-19,0.22,3.09,0.32,9.74,15.12,22.42,0.22,gpm_synthetic,simulated
COOLR-SYN-0243,27.048573,88.134658,2015-07-16,4.41,5.2,14.88,136.09,311.32,787.28,4.405,gpm_synthetic,simulated
COOLR-SYN-0244,27.333727,88.577161,2021-07-27,4.65,35.28,93.89,207.15,732.93,1320.45,4.651,gpm_synthetic,simulated
COOLR-SYN-0245,24.995418,94.402101,2018-09-18,0.03,0.32,5.03,6.26,8.84,26.56,0.026,gpm_synthetic,simulated
COOLR-SYN-0246,23.931293,91.34985,2018-10-10,1.23,1.22,7.33,16.9,39.23,56.18,1.231,gpm_synthetic,simulated
COOLR-SYN-0247,27.336963,91.569294,2010-08-07,1.03,1.78,5.32,30.86,33.2,86.85,1.03,gpm_synthetic,simulated
COOLR-SYN-0248,27.638671,88.643487,2010-10-26,0.33,0.9,8.83,5.84,6.01,9.3,0.328,gpm_synthetic,simulated
COOLR-SYN-0249,27.651498,88.313254,2007-07-24,1.57,45.95,9.15,91.27,95.24,175.75,1.565,gpm_synthetic,simulated
COOLR-SYN-0250,25.43432,92.319949,2008-11-25,0.55,3.59,2.56,21.66,55.69,118.68,0.546,gpm_synthetic,simulated
COOLR-SYN-0251,27.072307,88.325602,2014-04-15,4.02,3.4,86.07,49.41,73.35,79.25,4.024,gpm_synthetic,simulated
COOLR-SYN-0252,23.597016,92.987629,2014-08-13,0.3,26.1,57.92,66.23,77.63,79.83,0.299,gpm_synthetic,simulated
COOLR-SYN-0253,27.455097,88.59613,2012-06-17,0.02,1.47,9.64,9.99,11.64,50.17,0.024,gpm_synthetic,simulated
COOLR-SYN-0254,23.88373,91.580353,2018-09-02,1.82,9.94,10.77,28.27,39.11,73.61,1.815,gpm_synthetic,simulated
COOLR-SYN-0255,24.880962,93.956846,2009-01-06,0.01,0.09,30.03,17.66,20.25,135.59,0.008,gpm_synthetic,simulated
COOLR-SYN-0256,27.313052,88.722607,2012-07-12,0.41,26.34,45.57,52.56,70.37,113.48,0.413,gpm_synthetic,simulated
COOLR-SYN-0257,23.67983,92.278191,2015-04-13,0.03,1.94,13.9,13.35,26.09,37.11,0.028,gpm_synthetic,simulated
COOLR-SYN-0258,23.40977,91.752041,2008-10-03,0.08,0.44,8.6,2.96,6.24,6.77,0.081,gpm_synthetic,simulated
COOLR-SYN-0259,27.411022,88.328546,2012-10-24,1.54,6.41,28.49,24.54,32.62,46.85,1.543,gpm_synthetic,simulated
COOLR-SYN-0260,25.623148,92.83717,2016-10-10,0.81,42.66,19.01,29.22,81.63,82.7,0.813,gpm_synthetic,simulated
COOLR-SYN-0261,23.659064,92.454376,2016-10-17,0.51,0.48,1.18,5.62,13.14,15.59,0.513,gpm_synthetic,simulated
COOLR-SYN-0262,26.161343,94.449677,2017-07-10,2.69,6.14,5.8,59.22,60.75,221.94,2.687,gpm_synthetic,simulated
COOLR-SYN-0263,27.175637,88.323937,2021-08-17,1.1,2.93,36.79,25.76,55.26,181.15,1.095,gpm_synthetic,simulated
COOLR-SYN-0264,23.300929,91.562337,2011-10-07,1.55,0.14,136.63,51.74,67.96,121.94,1.547,gpm_synthetic,simulated
COOLR-SYN-0265,25.780041,91.219827,2014-07-16,2.55,29.48,15.62,150.43,224.77,551.76,2.554,gpm_synthetic,simulated
COOLR-SYN-0266,25.008159,94.406568,2011-08-14,0.31,3.16,7.75,13.48,19.71,34.91,0.307,gpm_synthetic,simulated
COOLR-SYN-0267,23.864724,91.475844,2020-09-14,0.17,0.32,10.62,12.73,14.85,39.72,0.171,gpm_synthetic,simulated
COOLR-SYN-0268,26.965486,88.449848,2010-07-13,11.75,15.54,8.66,64.52,197.54,314.64,11.749,gpm_synthetic,simulated
COOLR-SYN-0269,24.734707,93.955309,2013-09-24,11.33,175.27,148.89,162.23,200.25,334.86,11.333,gpm_synthetic,simulated
COOLR-SYN-0270,26.310615,93.688402,2007-08-12,0.95,17.62,3.23,40.74,42.8,64.92,0.951,gpm_synthetic,simulated
COOLR-SYN-0271,27.01852,88.315952,2021-07-21,1.09,32.14,28.27,28.24,72.25,151.51,1.093,gpm_synthetic,simulated
COOLR-SYN-0272,26.685665,92.97201,2011-05-06,0.24,13.65,3.02,23.11,26.68,33.7,0.239,gpm_synthetic,simulated
COOLR-SYN-0273,25.466668,90.098704,2012-09-10,0.02,3.38,9.03,33.67,98.34,241.77,0.024,gpm_synthetic,simulated
COOLR-SYN-0274,26.033655,93.656133,2013-12-09,1.46,1.41,2.22,7.58,12.24,15.85,1.459,gpm_synthetic,simulated
COOLR-SYN-0275,25.544908,91.042338,2017-05-18,0.61,14.52,75.89,53.03,55.0,56.38,0.614,gpm_synthetic,simulated
COOLR-SYN-0276,27.463169,91.807697,2015-08-06,13.31,42.76,56.1,78.03,97.42,129.25,13.314,gpm_synthetic,simulated
COOLR-SYN-0277,24.843194,94.058328,2020-10-14,0.01,1.34,0.64,3.82,6.26,15.69,0.011,gpm_synthetic,simulated
COOLR-SYN-0278,27.08487,88.812717,2017-09-07,1.38,9.75,1.7,23.55,31.47,236.91,1.38,gpm_synthetic,simulated
COOLR-SYN-0279,27.568159,95.094375,2021-07-10,25.57,51.26,277.51,329.0,347.81,949.03,25.568,gpm_synthetic,simulated
COOLR-SYN-0280,26.190973,94.461183,2012-04-03,9.16,64.41,7.27,46.45,56.31,178.42,9.163,gpm_synthetic,simulated
COOLR-SYN-0281,23.78479,91.736334,2020-08-20,6.0,2.51,91.05,80.2,141.86,357.01,5.995,gpm_synthetic,simulated
COOLR-SYN-0282,25.635769,92.878465,2020-08-09,2.98,84.47,121.05,129.66,133.29,196.68,2.983,gpm_synthetic,simulated
COOLR-SYN-0283,23.147173,92.597876,2016-11-05,0.12,0.35,26.13,18.79,51.78,134.17,0.121,gpm_synthetic,simulated
COOLR-SYN-0284,23.837451,91.534857,2022-11-01,0.01,0.38,0.59,0.72,2.3,3.46,0.013,gpm_synthetic,simulated
COOLR-SYN-0285,24.292222,93.881791,2010-08-02,5.68,1.37,34.4,79.73,161.12,245.07,5.682,gpm_synthetic,simulated
COOLR-SYN-0286,22.993096,92.649359,2014-09-10,1.0,31.0,6.69,118.73,139.15,651.4,1.001,gpm_synthetic,simulated
COOLR-SYN-0287,24.732499,93.827051,2018-10-01,0.87,1.69,5.96,23.0,28.41,78.52,0.868,gpm_synthetic,simulated
COOLR-SYN-0288,24.717184,94.33987,2021-09-11,0.61,1.93,8.27,21.73,24.6,50.02,0.607,gpm_synthetic,simulated
COOLR-SYN-0289,25.283073,92.773468,2015-11-11,0.02,0.52,0.82,1.1,1.45,1.96,0.022,gpm_synthetic,simulated
COOLR-SYN-0290,25.083248,94.471494,2018-10-11,0.74,11.79,10.69,28.56,34.68,39.34,0.744,gpm_synthetic,simulated
COOLR-SYN-0291,27.505146,92.035496,2021-04-26,2.58,9.25,8.82,50.64,143.11,276.03,2.576,gpm_synthetic,simulated
COOLR-SYN-0292,23.648507,91.890346,2014-01-02,0.16,1.52,4.31,14.0,16.44,25.06,0.159,gpm_synthetic,simulated
COOLR-SYN-0293,25.286509,91.486853,2021-04-10,1.08,6.31,9.78,12.45,17.54,40.79,1.075,gpm_synthetic,simulated
COOLR-SYN-0294,27.281879,93.119678,2008-06-21,0.36,13.88,30.09,20.97,45.62,61.59,0.356,gpm_synthetic,simulated
COOLR-SYN-0295,26.665114,93.901942,2014-07-25,0.01,33.47,53.72,43.96,49.02,100.85,0.011,gpm_synthetic,simulated
COOLR-SYN-0296,26.915645,88.202715,2007-10-23,0.05,4.75,7.02,13.21,13.29,30.38,0.048,gpm_synthetic,simulated
COOLR-SYN-0297,25.202749,91.495359,2012-04-27,1.11,0.33,36.12,40.54,69.95,128.96,1.105,gpm_synthetic,simulated
COOLR-SYN-0298,27.029077,95.37871,2013-08-21,17.14,16.3,272.36,120.4,226.29,259.88,17.141,gpm_synthetic,simulated
COOLR-SYN-0299,24.574482,94.558584,2016-11-12,2.83,2.21,13.84,31.01,36.42,67.29,2.828,gpm_synthetic,simulated
COOLR-SYN-0300,27.187486,95.428805,2008-10-19,0.91,11.83,3.5,30.09,31.59,38.44,0.915,gpm_synthetic,simulated
COOLR-SYN-0301,27.342316,88.450644,2008-08-14,0.16,1.7,4.64,3.98,6.85,16.1,0.157,gpm_synthetic,simulated
COOLR-SYN-0302,25.435139,90.824019,2014-03-17,0.51,0.15,12.36,7.91,14.19,49.25,0.514,gpm_synthetic,simulated
COOLR-SYN-0303,23.204291,91.574376,2008-08-15,1.26,1.33,8.13,48.9,60.58,250.05,1.259,gpm_synthetic,simulated
COOLR-SYN-0304,23.777903,92.381941,2012-05-10,0.07,18.38,5.44,30.15,31.16,69.72,0.068,gpm_synthetic,simulated
COOLR-SYN-0305,25.967915,94.580375,2022-02-18,0.02,0.35,2.61,2.32,2.99,7.34,0.019,gpm_synthetic,simulated
COOLR-SYN-0306,27.27077,95.117443,2022-09-21,1.91,24.84,22.79,76.25,82.31,144.8,1.91,gpm_synthetic,simulated
COOLR-SYN-0307,25.7495,90.317919,2018-07-12,0.14,0.2,2.76,2.49,5.53,8.17,0.138,gpm_synthetic,simulated
COOLR-SYN-0308,23.016363,92.941479,2014-08-12,7.89,7.35,17.22,85.68,104.6,423.01,7.888,gpm_synthetic,simulated
COOLR-SYN-0309,25.826465,93.662573,2009-08-04,7.72,30.51,5.23,114.98,137.0,1262.67,7.716,gpm_synthetic,simulated
COOLR-SYN-0310,25.641322,90.168945,2007-06-08,5.98,15.78,115.11,163.58,169.38,407.82,5.977,gpm_synthetic,simulated
COOLR-SYN-0311,23.654445,91.298248,2008-07-14,0.18,7.7,14.53,41.56,63.04,204.21,0.184,gpm_synthetic,simulated
COOLR-SYN-0312,23.555735,92.521431,2019-02-18,1.09,1.02,7.39,12.48,13.28,42.97,1.089,gpm_synthetic,simulated
COOLR-SYN-0313,24.644979,93.995233,2010-12-10,0.13,1.32,10.59,10.3,15.14,30.98,0.127,gpm_synthetic,simulated
COOLR-SYN-0314,23.827505,91.03932,2018-04-06,0.1,0.05,0.94,2.2,2.62,4.31,0.101,gpm_synthetic,simulated
COOLR-SYN-0315,25.330724,91.905191,2013-10-10,0.89,3.34,6.07,17.63,34.82,54.16,0.887,gpm_synthetic,simulated
COOLR-SYN-0316,25.741899,90.567386,2020-07-22,2.12,8.95,7.72,72.25,105.82,190.25,2.122,gpm_synthetic,simulated
COOLR-SYN-0317,27.329616,88.544822,2013-02-03,0.02,1.62,0.0,2.84,5.51,6.3,0.016,gpm_synthetic,simulated
COOLR-SYN-0318,27.035168,88.72249,2010-12-08,1.19,4.34,14.48,18.24,45.73,74.77,1.191,gpm_synthetic,simulated
COOLR-SYN-0319,26.158609,94.708144,2012-07-15,2.04,8.02,49.78,81.81,94.96,416.19,2.037,gpm_synthetic,simulated
COOLR-SYN-0320,26.216808,93.717887,2020-03-03,1.56,1.29,15.02,10.79,14.13,54.77,1.558,gpm_synthetic,simulated
COOLR-SYN-0321,26.557365,94.131514,2017-07-09,0.32,20.81,8.95,197.38,318.25,567.14,0.316,gpm_synthetic,simulated
COOLR-SYN-0322,25.68813,91.063047,2011-02-10,3.73,6.6,18.13,24.61,29.4,41.84,3.729,gpm_synthetic,simulated
COOLR-SYN-0323,23.267773,91.684018,2008-08-02,0.3,0.85,0.07,3.03,6.63,20.38,0.301,gpm_synthetic,simulated
COOLR-SYN-0324,27.038591,88.508561,2010-09-16,1.61,18.7,46.97,39.97,60.44,174.57,1.611,gpm_synthetic,simulated
COOLR-SYN-0325,27.590838,95.170021,2014-07-06,3.06,5.96,2.83,62.26,90.22,466.05,3.059,gpm_synthetic,simulated
COOLR-SYN-0326,25.767669,92.542221,2019-04-13,0.9,0.73,60.45,42.55,48.92,243.45,0.896,gpm_synthetic,simulated
COOLR-SYN-0327,25.197325,94.285731,2014-02-27,0.02,0.13,0.32,6.19,10.49,17.17,0.018,gpm_synthetic,simulated
COOLR-SYN-0328,25.264477,94.104665,2020-10-03,0.85,9.17,2.78,11.67,12.89,47.1,0.846,gpm_synthetic,simulated
COOLR-SYN-0329,25.34904,91.882164,2020-08-08,0.61,11.02,8.51,80.94,87.66,105.81,0.608,gpm_synthetic,simulated
COOLR-SYN-0330,25.86254,90.521496,2015-09-07,0.37,43.33,20.39,53.72,104.67,377.34,0.366,gpm_synthetic,simulated
COOLR-SYN-0331,23.426179,92.650241,2019-09-24,3.07,22.78,31.17,51.21,73.58,116.64,3.072,gpm_synthetic,simulated
COOLR-SYN-0332,26.278165,94.186606,2018-07-27,0.09,0.85,7.87,8.84,13.37,16.3,0.089,gpm_synthetic,simulated
COOLR-SYN-0333,27.240682,93.282786,2009-09-26,0.27,1.37,0.48,25.05,37.35,47.6,0.27,gpm_synthetic,simulated
COOLR-SYN-0334,23.914963,91.031509,2009-04-19,7.05,33.18,6.23,66.01,91.78,169.22,7.047,gpm_synthetic,simulated
COOLR-SYN-0335,27.193126,88.364493,2008-09-08,0.78,3.92,3.98,12.27,25.29,35.67,0.778,gpm_synthetic,simulated
COOLR-SYN-0336,26.630806,92.585235,2017-10-23,0.79,0.09,23.13,29.28,32.94,186.28,0.79,gpm_synthetic,simulated
COOLR-SYN-0337,26.589509,94.112975,2009-07-20,0.65,2.16,3.34,23.47,36.38,80.02,0.647,gpm_synthetic,simulated
COOLR-SYN-0338,25.896607,94.196367,2021-04-17,0.0,0.04,0.01,0.03,0.05,0.07,0.0,gpm_synthetic,simulated
COOLR-SYN-0339,25.076033,94.032156,2007-02-10,0.01,1.48,0.67,4.19,8.54,12.55,0.008,gpm_synthetic,simulated
COOLR-SYN-0340,25.636758,90.196353,2009-02-20,1.25,0.56,5.82,12.37,39.3,69.26,1.253,gpm_synthetic,simulated
COOLR-SYN-0341,27.36873,88.535613,2016-03-18,1.77,4.89,0.52,42.5,50.29,109.23,1.767,gpm_synthetic,simulated
COOLR-SYN-0342,23.011329,93.096156,2020-05-20,0.08,0.84,1.24,4.82,5.47,7.52,0.081,gpm_synthetic,simulated
COOLR-SYN-0343,23.644984,92.928216,2021-07-05,0.52,0.75,67.42,49.37,65.74,130.63,0.518,gpm_synthetic,simulated
COOLR-SYN-0344,24.745738,94.383847,2007-05-11,1.16,1.53,0.51,5.41,5.95,19.45,1.16,gpm_synthetic,simulated
COOLR-SYN-0345,26.237549,93.75698,2009-07-12,0.14,0.87,0.83,1.53,3.81,4.7,0.14,gpm_synthetic,simulated
COOLR-SYN-0346,23.427275,92.819983,2018-11-25,0.0,0.01,0.02,0.06,0.1,0.24,0.002,gpm_synthetic,simulated
COOLR-SYN-0347,25.65353,90.39576,2007-08-04,0.3,0.16,11.94,18.97,24.31,42.86,0.305,gpm_synthetic,simulated
COOLR-SYN-0348,23.969086,91.212328,2012-06-07,1.12,0.39,19.25,16.18,28.58,41.66,1.117,gpm_synthetic,simulated
COOLR-SYN-0349,27.334177,88.163037,2015-05-26,0.11,0.24,21.04,7.92,13.44,71.49,0.109,gpm_synthetic,simulated
COOLR-SYN-0350,28.032464,94.635195,2022-05-21,0.32,1.18,1.1,6.4,11.94,30.84,0.316,gpm_synthetic,simulated
COOLR-SYN-0351,23.204374,91.840291,2010-06-10,0.03,28.06,2.16,32.57,53.5,92.81,0.033,gpm_synthetic,simulated
COOLR-SYN-0352,26.147572,94.579899,2021-08-04,0.6,8.17,9.3,54.76,72.88,189.71,0.597,gpm_synthetic,simulated
COOLR-SYN-0353,23.565285,91.128566,2015-09-25,2.16,3.79,44.75,28.61,35.68,93.07,2.157,gpm_synthetic,simulated
COOLR-SYN-0354,26.181694,92.831952,2017-10-13,0.1,0.01,1.29,0.95,1.02,4.07,0.102,gpm_synthetic,simulated
COOLR-SYN-0355,27.183275,93.008145,2019-06-01,0.03,2.33,7.59,7.98,12.88,23.95,0.032,gpm_synthetic,simulated
COOLR-SYN-0356,26.307376,93.778406,2011-07-21,0.02,7.39,10.78,14.74,18.5,27.41,0.022,gpm_synthetic,simulated
COOLR-SYN-0357,23.725361,91.327159,2017-11-14,0.13,0.17,0.7,1.53,2.73,4.46,0.133,gpm_synthetic,simulated
COOLR-SYN-0358,23.805017,91.21718,2016-07-02,0.41,0.2,0.05,4.24,15.89,19.4,0.406,gpm_synthetic,simulated
COOLR-SYN-0359,25.911437,94.658203,2012-09-03,0.28,0.36,2.19,7.31,8.13,18.03,0.284,gpm_synthetic,simulated
COOLR-SYN-0360,23.101828,92.659419,2022-04-12,0.1,0.12,0.13,0.57,0.69,0.9,0.096,gpm_synthetic,simulated
COOLR-SYN-0361,25.136944,93.842672,2012-08-03,1.61,1.65,10.93,15.69,26.56,35.14,1.607,gpm_synthetic,simulated
COOLR-SYN-0362,26.068949,94.559202,2007-09-20,0.11,41.89,23.05,52.94,57.94,118.55,0.114,gpm_synthetic,simulated
COOLR-SYN-0363,27.426557,88.323191,2015-06-15,1.74,19.9,31.75,36.97,52.0,108.89,1.741,gpm_synthetic,simulated
COOLR-SYN-0364,27.517955,95.094257,2022-08-21,0.19,8.91,7.95,30.68,64.96,95.54,0.189,gpm_synthetic,simulated
COOLR-SYN-0365,25.193458,93.869163,2012-02-11,0.95,19.13,2.38,18.71,26.05,53.76,0.954,gpm_synthetic,simulated
COOLR-SYN-0366,24.607165,93.823423,2022-02-08,1.39,10.64,0.18,19.46,29.98,58.01,1.39,gpm_synthetic,simulated
COOLR-SYN-0367,25.057259,92.102333,2009-10-03,0.01,3.07,10.25,9.06,21.47,23.57,0.014,gpm_synthetic,simulated
COOLR-SYN-0368,26.588308,94.036104,2012-12-19,0.56,2.33,0.54,3.66,5.23,12.72,0.563,gpm_synthetic,simulated
COOLR-SYN-0369,26.472068,94.100679,2021-06-11,0.2,3.07,8.62,9.62,33.28,49.81,0.204,gpm_synthetic,simulated
COOLR-SYN-0370,25.149052,91.238878,2016-04-22,0.99,3.45,2.42,37.55,76.15,105.45,0.986,gpm_synthetic,simulated
COOLR-SYN-0371,23.7858,91.035676,2021-11-27,0.04,0.2,0.46,3.71,4.42,18.01,0.037,gpm_synthetic,simulated
COOLR-SYN-0372,27.329449,88.69662,2020-09-03,1.59,0.37,108.65,54.83,133.47,421.74,1.593,gpm_synthetic,simulated
COOLR-SYN-0373,27.708692,88.330062,2010-04-07,1.01,0.99,17.86,33.11,35.74,75.64,1.009,gpm_synthetic,simulated
COOLR-SYN-0374,25.120036,91.368336,2011-06-07,0.4,1.21,13.64,23.66,27.74,28.58,0.395,gpm_synthetic,simulated
COOLR-SYN-0375,25.212274,93.847802,2013-02-08,0.05,0.56,0.58,2.5,2.52,7.98,0.052,gpm_synthetic,simulated
COOLR-SYN-0376,26.491056,94.541312,2007-02-01,0.03,0.24,2.01,1.81,1.92,2.3,0.027,gpm_synthetic,simulated
COOLR-SYN-0377,23.852251,92.441076,2019-10-11,2.41,0.73,14.92,16.95,27.63,33.64,2.405,gpm_synthetic,simulated
COOLR-SYN-0378,23.491109,92.513273,2007-09-27,7.51,9.62,19.84,83.12,155.41,790.59,7.515,gpm_synthetic,simulated
COOLR-SYN-0379,27.506916,92.033154,2018-12-06,0.29,1.1,1.06,5.97,10.89,20.44,0.286,gpm_synthetic,simulated
COOLR-SYN-0380,25.639007,92.449569,2016-08-17,0.86,17.76,72.96,46.68,74.09,187.08,0.855,gpm_synthetic,simulated
COOLR-SYN-0381,27.605003,91.7562,2007-05-17,0.35,3.81,14.18,18.89,52.78,106.99,0.351,gpm_synthetic,simulated
COOLR-SYN-0382,25.446489,92.947694,2009-08-25,3.96,38.83,23.56,55.44,135.66,294.99,3.957,gpm_synthetic,simulated
COOLR-SYN-0383,26.370458,94.231615,2015-01-27,0.08,1.6,3.14,3.51,3.51,4.09,0.078,gpm_synthetic,simulated
COOLR-SYN-0384,24.751217,94.432181,2010-10-09,2.87,30.28,66.08,47.77,53.34,85.54,2.867,gpm_synthetic,simulated
COOLR-SYN-0385,26.569519,93.927218,2013-08-12,0.54,2.72,0.72,32.18,78.55,160.95,0.54,gpm_synthetic,simulated
COOLR-SYN-0386,25.441562,90.457033,2018-08-04,0.47,37.44,19.93,147.73,271.16,878.05,0.47,gpm_synthetic,simulated
COOLR-SYN-0387,25.237342,94.37202,2016-09-11,0.08,3.91,2.79,6.11,8.62,30.64,0.078,gpm_synthetic,simulated
COOLR-SYN-0388,26.560779,94.443532,2010-06-23,1.02,5.26,11.33,24.55,30.99,41.04,1.018,gpm_synthetic,simulated
COOLR-SYN-0389,26.185608,94.578075,2022-08-19,5.57,6.31,220.13,124.18,174.11,639.9,5.569,gpm_synthetic,simulated
COOLR-SYN-0390,26.532628,94.53688,2018-05-27,0.07,1.23,0.87,5.44,7.17,14.52,0.072,gpm_synthetic,simulated
COOLR-SYN-0391,27.873862,91.917674,2011-09-05,0.26,2.45,21.36,11.53,12.84,76.55,0.259,gpm_synthetic,simulated
COOLR-SYN-0392,27.580967,91.738933,2015-08-14,0.89,7.18,36.57,34.5,77.06,133.32,0.888,gpm_synthetic,simulated
COOLR-SYN-0393,23.755369,91.332443,2009-09-05,1.96,7.69,12.96,101.3,136.27,715.68,1.959,gpm_synthetic,simulated
COOLR-SYN-0394,26.027049,94.854326,2012-06-17,1.37,67.79,6.83,123.96,177.98,526.97,1.375,gpm_synthetic,simulated
COOLR-SYN-0395,25.264346,91.596465,2022-05-19,0.23,1.02,0.91,4.25,4.87,5.39,0.227,gpm_synthetic,simulated
COOLR-SYN-0396,23.170667,92.56145,2011-07-11,2.43,57.22,187.39,101.18,107.13,758.61,2.432,gpm_synthetic,simulated
COOLR-SYN-0397,27.109436,94.927682,2021-06-18,1.96,8.35,5.91,56.56,69.18,218.92,1.958,gpm_synthetic,simulated
COOLR-SYN-0398,26.709383,92.988275,2020-10-26,2.55,1.4,0.43,22.99,48.1,49.41,2.546,gpm_synthetic,simulated
COOLR-SYN-0399,27.586511,88.793293,2008-08-21,0.69,2.39,0.41,8.1,10.88,12.06,0.69,gpm_synthetic,simulated
COOLR-SYN-0400,25.039514,92.399086,2017-06-06,0.03,1.34,0.75,2.77,2.8,4.91,0.031,gpm_synthetic,simulated
COOLR-SYN-0401,25.660488,92.819329,2018-09-24,5.77,5.04,19.98,55.96,84.99,445.79,5.773,gpm_synthetic,simulated
COOLR-SYN-0402,25.697971,91.442798,2007-05-08,1.46,5.42,5.26,11.86,15.31,80.14,1.463,gpm_synthetic,simulated
COOLR-SYN-0403,23.311937,92.70442,2016-07-06,13.52,37.36,50.3,177.31,196.45,1052.32,13.519,gpm_synthetic,simulated
COOLR-SYN-0404,25.457742,91.389196,2013-08-01,1.21,9.73,1.31,107.61,118.48,783.88,1.211,gpm_synthetic,simulated
COOLR-SYN-0405,22.794008,92.710896,2022-08-23,0.41,2.83,2.31,17.86,23.14,40.36,0.412,gpm_synthetic,simulated
COOLR-SYN-0406,27.722245,91.733169,2008-06-16,0.02,0.46,1.55,2.62,4.33,17.84,0.021,gpm_synthetic,simulated
COOLR-SYN-0407,24.948219,94.026896,2016-09-15,0.07,4.9,2.59,6.64,9.14,25.37,0.07,gpm_synthetic,simulated
COOLR-SYN-0408,25.926748,90.514395,2010-06-18,12.87,27.26,65.48,121.87,145.04,461.97,12.866,gpm_synthetic,simulated
COOLR-SYN-0409,24.708345,93.642326,2019-08-09,0.1,0.4,9.89,17.72,25.05,32.35,0.102,gpm_synthetic,simulated
COOLR-SYN-0410,23.917037,92.773283,2009-08-27,8.6,2.91,37.75,180.26,416.84,1659.11,8.601,gpm_synthetic,simulated
COOLR-SYN-0411,23.126416,92.54227,2009-09-02,0.1,1.15,3.59,1.83,2.08,2.47,0.096,gpm_synthetic,simulated
COOLR-SYN-0412,25.206105,91.888713,2011-07-20,0.95,3.72,6.57,20.77,32.65,34.34,0.952,gpm_synthetic,simulated
COOLR-SYN-0413,27.161993,92.924412,2015-08-20,5.07,13.68,36.82,88.43,112.47,117.16,5.072,gpm_synthetic,simulated
COOLR-SYN-0414,25.682166,91.216671,2011-08-24,0.4,7.3,3.07,34.61,60.33,193.1,0.398,gpm_synthetic,simulated
COOLR-SYN-0415,25.542099,90.917154,2009-08-22,1.07,7.08,8.72,19.65,28.92,65.1,1.072,gpm_synthetic,simulated
COOLR-SYN-0416,24.369156,93.99369,2013-07-05,0.02,3.35,9.08,11.77,17.89,48.85,0.023,gpm_synthetic,simulated
COOLR-SYN-0417,25.257396,90.89337,2010-03-27,0.73,1.39,0.5,16.11,16.73,33.53,0.733,gpm_synthetic,simulated
COOLR-SYN-0418,27.04203,93.089913,2021-01-17,0.16,0.51,0.67,3.59,11.3,14.51,0.16,gpm_synthetic,simulated
COOLR-SYN-0419,26.633441,93.702834,2016-07-22,6.33,90.3,30.03,106.71,109.8,112.85,6.326,gpm_synthetic,simulated
COOLR-SYN-0420,26.323508,92.779415,2017-07-14,26.65,363.35,121.01,350.0,2315.09,3451.47,26.651,gpm_synthetic,simulated
COOLR-SYN-0421,23.833152,91.201635,2019-07-10,0.51,0.48,2.53,14.11,23.47,77.54,0.506,gpm_synthetic,simulated
COOLR-SYN-0422,24.788087,94.161728,2013-05-15,0.82,4.06,1.6,26.21,36.67,79.2,0.824,gpm_synthetic,simulated
COOLR-SYN-0423,23.697613,91.469483,2013-09-24,1.05,1.46,34.91,137.09,145.73,176.37,1.052,gpm_synthetic,simulated
COOLR-SYN-0424,25.599841,91.131477,2012-07-23,4.41,104.2,201.64,148.12,226.74,1348.49,4.409,gpm_synthetic,simulated
COOLR-SYN-0425,26.787905,94.486683,2021-02-11,1.96,7.23,8.53,15.39,17.47,67.87,1.962,gpm_synthetic,simulated
COOLR-SYN-0426,27.572122,88.360768,2017-04-02,2.71,9.23,10.23,40.7,45.58,252.99,2.715,gpm_synthetic,simulated
COOLR-SYN-0427,26.213622,93.917535,2015-08-11,17.41,36.91,4.66,68.42,78.68,91.77,17.413,gpm_synthetic,simulated
COOLR-SYN-0428,27.875127,91.962094,2020-04-21,0.25,1.82,1.13,5.83,9.1,22.4,0.246,gpm_synthetic,simulated
COOLR-SYN-0429,25.273105,94.373269,2014-09-25,4.21,52.43,31.18,45.56,52.38,94.27,4.21,gpm_synthetic,simulated
COOLR-SYN-0430,24.33189,93.901898,2022-08-26,0.37,15.0,22.87,31.23,54.71,58.11,0.37,gpm_synthetic,simulated
COOLR-SYN-0431,25.352625,91.669664,2015-09-14,1.9,8.48,1.68,68.3,70.84,83.25,1.9,gpm_synthetic,simulated
COOLR-SYN-0432,26.367147,94.037113,2016-06-10,0.23,2.99,14.33,18.37,19.42,46.1,0.233,gpm_synthetic,simulated
COOLR-SYN-0433,24.223494,93.938192,2020-06-01,4.11,62.93,71.44,106.67,129.29,192.05,4.11,gpm_synthetic,simulated
COOLR-SYN-0434,28.394788,94.867647,2020-08-22,25.1,181.41,365.35,152.94,276.98,601.42,25.096,gpm_synthetic,simulated
COOLR-SYN-0435,25.927932,90.006111,2018-07-04,7.89,11.57,141.95,260.38,375.39,514.4,7.894,gpm_synthetic,simulated
COOLR-SYN-0436,27.726265,91.883381,2015-07-16,1.18,0.18,70.82,47.86,71.88,91.64,1.184,gpm_synthetic,simulated
COOLR-SYN-0437,23.421764,92.982796,2021-11-12,2.83,0.68,2.43,18.16,37.67,124.61,2.834,gpm_synthetic,simulated
COOLR-SYN-0438,25.407859,91.131603,2012-09-09,4.05,14.22,97.57,300.28,594.05,2133.09,4.049,gpm_synthetic,simulated
COOLR-SYN-0439,27.161946,92.78918,2018-07-23,8.65,41.97,9.27,117.76,175.79,688.49,8.653,gpm_synthetic,simulated
COOLR-SYN-0440,25.560815,90.030035,2021-08-07,0.01,0.08,0.01,0.16,0.27,0.58,0.013,gpm_synthetic,simulated
COOLR-SYN-0441,27.208221,88.29847,2011-09-26,0.24,0.16,0.12,5.18,6.45,16.88,0.238,gpm_synthetic,simulated
COOLR-SYN-0442,24.315069,93.980165,2011-07-16,0.15,0.83,3.28,3.4,11.63,14.25,0.151,gpm_synthetic,simulated
COOLR-SYN-0443,25.695629,90.789538,2021-08-15,12.39,40.79,40.48,209.85,272.59,360.61,12.394,gpm_synthetic,simulated
COOLR-SYN-0444,22.692904,92.509077,2009-11-11,0.11,1.26,2.94,2.01,2.24,8.29,0.114,gpm_synthetic,simulated
COOLR-SYN-0445,27.041215,88.822841,2013-08-20,0.47,25.48,26.62,67.37,101.3,116.99,0.467,gpm_synthetic,simulated
COOLR-SYN-0446,27.707093,91.912763,2012-07-11,4.38,12.02,19.08,73.38,98.46,99.14,4.382,gpm_synthetic,simulated
COOLR-SYN-0447,25.173527,92.10649,2020-06-21,1.23,151.76,168.19,83.15,221.89,258.58,1.232,gpm_synthetic,simulated
COOLR-SYN-0448,24.790857,94.103368,2021-09-11,0.87,3.85,77.55,58.94,76.82,324.01,0.871,gpm_synthetic,simulated
COOLR-SYN-0449,24.576809,94.431726,2015-12-09,0.49,7.38,1.15,11.73,15.19,16.24,0.494,gpm_synthetic,simulated
COOLR-SYN-0450,26.114987,94.939836,2013-08-11,16.8,7.8,118.13,100.93,134.63,320.04,16.8,gpm_synthetic,simulated
COOLR-SYN-0451,26.136778,94.429648,2011-07-05,1.74,19.06,12.16,124.58,214.88,671.25,1.744,gpm_synthetic,simulated
COOLR-SYN-0452,23.564112,92.249158,2018-02-15,0.67,4.37,29.21,21.79,30.72,57.29,0.67,gpm_synthetic,simulated
COOLR-SYN-0453,25.100382,91.831161,2012-08-13,0.38,0.15,11.36,19.08,39.32,142.33,0.38,gpm_synthetic,simulated
COOLR-SYN-0454,23.094255,92.755249,2018-08-09,0.16,15.15,24.49,75.54,115.84,121.59,0.163,gpm_synthetic,simulated
COOLR-SYN-0455,27.488989,88.643104,2012-09-14,0.75,7.71,3.36,14.64,14.9,62.97,0.749,gpm_synthetic,simulated
COOLR-SYN-0456,25.563703,92.692841,2011-04-27,0.84,8.43,43.44,30.27,39.04,77.14,0.84,gpm_synthetic,simulated
COOLR-SYN-0457,23.495224,91.402445,2012-08-26,0.05,0.7,0.32,7.68,13.55,17.61,0.046,gpm_synthetic,simulated
COOLR-SYN-0458,26.391438,94.267798,2007-05-20,1.24,0.75,5.36,47.06,86.17,143.87,1.242,gpm_synthetic,simulated
COOLR-SYN-0459,27.595247,88.736231,2008-07-19,0.01,0.09,2.15,7.83,16.48,58.28,0.006,gpm_synthetic,simulated
COOLR-SYN-0460,27.846185,94.469822,2021-06-25,0.91,1.44,0.47,9.23,11.26,32.24,0.912,gpm_synthetic,simulated
COOLR-SYN-0461,25.36292,91.35614,2018-10-02,0.22,14.23,4.05,22.59,63.83,81.74,0.217,gpm_synthetic,simulated
COOLR-SYN-0462,25.578652,90.999086,2020-12-11,0.2,0.75,30.56,61.54,94.05,234.51,0.201,gpm_synthetic,simulated
COOLR-SYN-0463,26.227247,94.266831,2021-07-13,10.07,16.37,86.43,55.32,81.79,243.33,10.074,gpm_synthetic,simulated
COOLR-SYN-0464,24.431858,93.675549,2020-06-01,0.36,0.31,0.84,8.54,14.28,42.19,0.363,gpm_synthetic,simulated
COOLR-SYN-0465,26.372052,94.949253,2019-08-13,0.45,5.21,18.09,26.72,34.24,34.98,0.45,gpm_synthetic,simulated
COOLR-SYN-0466,27.58923,91.565785,2013-06-24,2.85,4.36,6.36,56.73,84.36,232.48,2.853,gpm_synthetic,simulated
COOLR-SYN-0467,26.248443,94.709748,2018-08-23,0.55,3.06,9.94,24.56,29.12,188.26,0.545,gpm_synthetic,simulated
COOLR-SYN-0468,25.409447,92.20829,2011-08-15,5.67,19.67,20.82,46.6,53.83,143.18,5.672,gpm_synthetic,simulated
COOLR-SYN-0469,25.913958,90.537562,2010-06-25,10.22,2.75,64.41,69.72,84.46,130.04,10.222,gpm_synthetic,simulated
COOLR-SYN-0470,23.681463,91.250463,2009-09-06,0.8,0.52,1.46,12.31,13.38,126.96,0.8,gpm_synthetic,simulated
COOLR-SYN-0471,25.195952,91.468073,2021-09-10,4.98,97.96,56.93,223.03,583.56,1646.68,4.985,gpm_synthetic,simulated
COOLR-SYN-0472,26.291126,93.677818,2011-10-02,4.25,26.26,4.05,36.4,50.59,157.82,4.253,gpm_synthetic,simulated
COOLR-SYN-0473,27.099095,88.635416,2008-05-02,1.66,6.31,22.61,34.15,68.12,182.96,1.656,gpm_synthetic,simulated
COOLR-SYN-0474,23.237129,92.438194,2011-11-22,0.34,12.87,12.7,34.55,73.2,82.81,0.341,gpm_synthetic,simulated
COOLR-SYN-0475,27.002656,88.280667,2015-07-13,0.09,0.21,0.3,7.17,9.97,20.66,0.086,gpm_synthetic,simulated
COOLR-SYN-0476,27.673435,88.576341,2011-07-19,1.41,9.17,3.94,58.19,77.59,313.07,1.412,gpm_synthetic,simulated
COOLR-SYN-0477,25.729285,90.014014,2014-10-16,0.88,0.1,7.76,17.09,25.48,35.53,0.877,gpm_synthetic,simulated
COOLR-SYN-0478,24.587585,94.431092,2007-07-23,0.47,13.55,2.8,51.71,57.4,92.84,0.472,gpm_synthetic,simulated
COOLR-SYN-0479,26.438038,94.416665,2009-08-09,3.96,4.79,38.01,33.64,103.8,195.86,3.955,gpm_synthetic,simulated
COOLR-SYN-0480,23.598492,91.209514,2018-09-22,0.01,3.37,0.45,3.72,6.68,9.0,0.009,gpm_synthetic,simulated
COOLR-SYN-0481,25.641216,91.348012,2014-12-21,0.34,6.71,1.47,23.24,30.03,56.74,0.344,gpm_synthetic,simulated
COOLR-SYN-0482,27.290106,88.378384,2016-05-14,3.04,0.68,42.92,70.99,77.49,208.38,3.043,gpm_synthetic,simulated
COOLR-SYN-0483,26.22473,94.129387,2011-06-24,1.29,4.31,32.05,45.07,47.26,59.07,1.288,gpm_synthetic,simulated
COOLR-SYN-0484,25.49238,91.388356,2008-02-11,1.34,2.32,12.28,16.22,33.72,36.94,1.34,gpm_synthetic,simulated
COOLR-SYN-0485,23.688231,92.863766,2018-03-06,1.08,4.78,13.92,47.17,99.81,128.86,1.076,gpm_synthetic,simulated
COOLR-SYN-0486,22.648409,92.548587,2020-04-08,0.05,2.87,1.41,9.9,11.48,21.18,0.052,gpm_synthetic,simulated
COOLR-SYN-0487,24.580766,94.692775,2017-05-03,0.11,1.62,0.19,11.64,17.08,21.08,0.113,gpm_synthetic,simulated
COOLR-SYN-0488,26.026,94.508801,2012-08-02,0.86,21.46,1.88,16.51,46.28,81.64,0.861,gpm_synthetic,simulated
COOLR-SYN-0489,23.597673,91.678705,2008-09-16,0.11,6.3,20.74,12.38,22.73,48.51,0.108,gpm_synthetic,simulated
COOLR-SYN-0490,26.625678,92.7984,2012-01-04,1.79,5.8,10.87,13.8,39.54,109.53,1.793,gpm_synthetic,simulated
COOLR-SYN-0491,27.493038,95.075206,2017-07-23,0.13,12.68,187.35,167.85,257.39,302.08,0.128,gpm_synthetic,simulated
COOLR-SYN-0492,23.508119,91.315061,2022-08-26,5.55,3.2,3.59,75.82,148.78,503.67,5.545,gpm_synthetic,simulated
COOLR-SYN-0493,26.456554,94.722241,2018-06-09,1.96,4.02,38.82,46.4,59.9,118.27,1.957,gpm_synthetic,simulated
COOLR-SYN-0494,26.593476,94.760096,2021-06-05,0.99,3.86,25.58,24.38,50.36,168.68,0.994,gpm_synthetic,simulated
COOLR-SYN-0495,26.653341,94.081193,2008-09-03,0.22,9.1,22.25,17.52,27.5,125.23,0.222,gpm_synthetic,simulated
COOLR-SYN-0496,26.29703,94.039027,2009-04-24,0.18,1.28,0.94,8.45,8.95,9.84,0.177,gpm_synthetic,simulated
COOLR-SYN-0497,23.683806,91.500256,2010-07-15,0.5,0.42,1.17,28.83,53.02,72.21,0.498,gpm_synthetic,simulated
COOLR-SYN-0498,22.741724,92.894884,2010-08-01,5.16,0.14,36.53,101.29,141.65,332.28,5.158,gpm_synthetic,simulated
COOLR-SYN-0499,23.474075,92.648513,2020-06-02,0.36,1.6,4.7,17.81,40.42,74.89,0.357,gpm_synthetic,simulated
COOLR-SYN-0500,24.822649,94.478323,2021-07-15,21.67,168.8,3.03,350.0,522.98,2739.25,21.672,gpm_synthetic,simulated
COOLR-SYN-0501,25.299792,92.135895,2018-10-26,0.12,2.07,2.46,3.21,3.22,3.76,0.119,gpm_synthetic,simulated
COOLR-SYN-0502,26.928579,92.955598,2011-12-22,0.01,6.99,5.49,7.98,8.69,13.88,0.007,gpm_synthetic,simulated
COOLR-SYN-0503,25.940747,90.297207,2010-05-01,1.48,2.66,4.19,16.55,34.24,59.77,1.483,gpm_synthetic,simulated
COOLR-SYN-0504,27.518731,88.263437,2010-09-16,3.86,81.74,7.45,87.86,194.0,420.11,3.861,gpm_synthetic,simulated
COOLR-SYN-0505,26.203139,94.005398,2013-05-27,2.37,179.56,6.64,94.23,116.67,268.41,2.369,gpm_synthetic,simulated
COOLR-SYN-0506,25.176526,92.117398,2010-07-25,0.28,122.36,70.53,113.86,142.48,352.13,0.284,gpm_synthetic,simulated
COOLR-SYN-0507,25.307736,92.662364,2011-10-22,0.3,0.72,0.6,6.98,10.85,39.33,0.298,gpm_synthetic,simulated
COOLR-SYN-0508,22.739424,92.884072,2022-06-15,0.8,10.6,35.57,21.06,38.77,107.62,0.798,gpm_synthetic,simulated
COOLR-SYN-0509,26.707017,93.293336,2016-07-01,4.67,5.17,193.36,144.56,307.5,646.91,4.666,gpm_synthetic,simulated
COOLR-SYN-0510,27.430881,91.707405,2009-06-20,0.46,2.47,8.93,66.49,74.01,103.09,0.461,gpm_synthetic,simulated
COOLR-SYN-0511,27.270764,94.973903,2021-08-05,12.46,74.04,212.41,136.16,224.59,535.84,12.464,gpm_synthetic,simulated
COOLR-SYN-0512,27.134176,95.15828,2019-06-20,0.02,4.71,0.54,2.5,6.29,18.26,0.016,gpm_synthetic,simulated
COOLR-SYN-0513,25.212854,92.2929,2010-08-13,0.32,32.6,74.75,89.59,103.79,258.05,0.321,gpm_synthetic,simulated
COOLR-SYN-0514,27.425359,88.250326,2022-09-26,2.25,32.42,21.82,32.35,36.87,54.56,2.25,gpm_synthetic,simulated
COOLR-SYN-0515,27.431546,88.345043,2008-08-12,4.74,1.27,55.22,36.55,102.83,180.88,4.74,gpm_synthetic,simulated
COOLR-SYN-0516,25.932075,93.824429,2008-07-11,2.54,61.05,6.04,113.38,253.23,321.58,2.538,gpm_synthetic,simulated
COOLR-SYN-0517,23.113458,92.585203,2009-07-05,21.14,2.82,9.14,69.78,159.16,503.94,21.143,gpm_synthetic,simulated
COOLR-SYN-0518,23.191205,92.539695,2014-07-13,0.47,5.56,1.02,15.94,26.48,40.63,0.472,gpm_synthetic,simulated
COOLR-SYN-0519,26.220613,94.112277,2014-07-07,0.77,2.02,19.34,17.01,25.31,36.26,0.773,gpm_synthetic,simulated
COOLR-SYN-0520,26.184663,94.808357,2021-08-25,2.44,24.05,46.32,43.04,58.21,74.37,2.443,gpm_synthetic,simulated
COOLR-SYN-0521,27.685934,91.787544,2011-09-01,0.42,10.92,3.35,26.84,43.96,59.36,0.419,gpm_synthetic,simulated
COOLR-SYN-0522,23.517835,92.59669,2013-06-24,0.47,1.02,20.76,28.37,36.16,128.31,0.466,gpm_synthetic,simulated
COOLR-SYN-0523,26.695691,94.253949,2009-06-01,0.23,9.6,4.34,34.06,53.43,161.69,0.227,gpm_synthetic,simulated
COOLR-SYN-0524,26.402602,94.502727,2013-09-18,0.54,1.71,9.35,38.6,63.69,244.37,0.542,gpm_synthetic,simulated
COOLR-SYN-0525,23.753194,91.825613,2021-07-20,9.66,17.09,85.03,201.39,274.99,738.74,9.656,gpm_synthetic,simulated
COOLR-SYN-0526,24.572596,93.683082,2020-11-17,1.08,0.86,4.25,27.49,31.05,41.19,1.076,gpm_synthetic,simulated
COOLR-SYN-0527,24.624899,94.390007,2008-07-01,12.31,213.46,47.22,282.74,320.02,896.05,12.315,gpm_synthetic,simulated
COOLR-SYN-0528,23.60292,92.431931,2018-09-09,0.01,0.04,0.13,1.77,3.81,11.11,0.008,gpm_synthetic,simulated
COOLR-SYN-0529,24.779391,94.043147,2009-07-04,0.03,6.45,16.67,62.85,110.5,299.04,0.028,gpm_synthetic,simulated
COOLR-SYN-0530,27.531819,91.700023,2021-11-19,0.35,2.15,1.58,7.57,7.93,21.49,0.35,gpm_synthetic,simulated
COOLR-SYN-0531,26.683657,93.982509,2015-07-10,3.59,2.62,9.9,48.89,169.76,171.11,3.587,gpm_synthetic,simulated
COOLR-SYN-0532,27.760712,91.761075,2009-11-23,0.86,0.32,0.09,8.91,9.85,14.14,0.863,gpm_synthetic,simulated
COOLR-SYN-0533,26.765342,94.110247,2007-05-23,1.54,39.76,13.88,70.35,118.07,390.3,1.539,gpm_synthetic,simulated
COOLR-SYN-0534,27.419989,95.311055,2020-09-14,0.01,0.73,1.07,1.08,1.46,2.52,0.009,gpm_synthetic,simulated
COOLR-SYN-0535,23.448768,92.324079,2010-09-02,3.24,5.83,60.59,39.85,62.14,191.12,3.244,gpm_synthetic,simulated
COOLR-SYN-0536,23.493399,91.771735,2021-06-02,1.98,3.2,51.14,49.24,70.93,106.29,1.979,gpm_synthetic,simulated
COOLR-SYN-0537,23.429528,92.227148,2013-04-06,0.11,1.24,1.42,1.24,2.76,10.3,0.108,gpm_synthetic,simulated
COOLR-SYN-0538,24.420344,93.718387,2019-04-14,0.05,0.76,2.38,2.1,3.35,3.73,0.049,gpm_synthetic,simulated
COOLR-SYN-0539,26.341869,93.935319,2013-09-01,0.06,0.1,0.62,1.83,2.35,15.68,0.061,gpm_synthetic,simulated
COOLR-SYN-0540,27.409343,95.020036,2014-06-17,13.52,3.98,3.01,63.25,65.83,217.57,13.518,gpm_synthetic,simulated
COOLR-SYN-0541,26.1812,93.80042,2018-11-24,1.17,0.69,9.92,9.67,13.15,62.73,1.167,gpm_synthetic,simulated
COOLR-SYN-0542,24.728373,94.218188,2012-11-03,4.31,1.04,2.01,18.1,20.3,54.63,4.307,gpm_synthetic,simulated
COOLR-SYN-0543,25.722035,91.068251,2018-08-09,6.07,85.75,15.03,130.78,244.31,376.59,6.07,gpm_synthetic,simulated
COOLR-SYN-0544,26.214876,93.858994,2020-07-12,0.96,0.6,1.32,8.41,10.1,12.41,0.962,gpm_synthetic,simulated
COOLR-SYN-0545,26.309903,94.461864,2020-07-01,1.04,5.97,8.51,56.29,117.02,138.29,1.044,gpm_synthetic,simulated
COOLR-SYN-0546,22.724975,93.099528,2020-08-06,1.23,22.37,36.2,94.4,214.13,585.17,1.226,gpm_synthetic,simulated
COOLR-SYN-0547,23.246717,92.580376,2018-05-18,0.68,1.45,8.13,18.49,24.56,28.56,0.676,gpm_synthetic,simulated
COOLR-SYN-0548,24.93817,94.188906,2016-07-04,10.23,17.38,20.29,65.19,125.58,315.14,10.232,gpm_synthetic,simulated
COOLR-SYN-0549,23.683236,92.679167,2018-09-03,5.63,12.53,66.39,87.18,244.27,599.4,5.628,gpm_synthetic,simulated
COOLR-SYN-0550,27.165817,88.820284,2014-08-06,1.1,25.15,18.84,75.25,100.7,262.89,1.096,gpm_synthetic,simulated
COOLR-SYN-0551,23.580982,91.061263,2021-04-06,1.02,2.63,2.18,10.4,12.41,46.59,1.021,gpm_synthetic,simulated
COOLR-SYN-0552,25.981115,90.35332,2022-01-09,0.09,1.72,1.99,1.94,3.1,5.31,0.089,gpm_synthetic,simulated
COOLR-SYN-0553,25.35624,92.778858,2008-07-01,0.15,0.88,4.09,5.18,6.48,18.48,0.146,gpm_synthetic,simulated
COOLR-SYN-0554,25.028942,94.201246,2013-08-17,0.24,9.35,3.63,28.39,57.43,92.63,0.238,gpm_synthetic,simulated
COOLR-SYN-0555,27.218025,88.374463,2018-07-09,0.3,19.11,1.16,49.15,58.19,293.75,0.299,gpm_synthetic,simulated
COOLR-SYN-0556,24.263756,93.776376,2009-03-15,0.07,1.51,6.93,7.86,10.33,15.63,0.072,gpm_synthetic,simulated
COOLR-SYN-0557,23.541095,91.174381,2009-06-02,0.08,0.91,1.16,5.94,7.15,24.92,0.08,gpm_synthetic,simulated
COOLR-SYN-0558,27.561522,95.465349,2009-09-19,35.04,38.49,45.72,147.63,227.08,677.72,35.037,gpm_synthetic,simulated
COOLR-SYN-0559,27.786736,92.081999,2020-02-26,0.04,0.94,1.38,3.74,4.25,17.72,0.036,gpm_synthetic,simulated
COOLR-SYN-0560,26.07415,94.755254,2019-05-03,2.92,12.02,13.28,56.5,89.99,111.67,2.917,gpm_synthetic,simulated
COOLR-SYN-0561,23.328432,92.62192,2018-08-15,2.46,25.09,80.37,88.28,96.67,157.55,2.465,gpm_synthetic,simulated
COOLR-SYN-0562,25.306038,91.539977,2020-08-26,5.23,13.07,8.96,77.78,148.87,360.96,5.232,gpm_synthetic,simulated
COOLR-SYN-0563,26.999355,88.215394,2020-08-07,1.49,10.43,15.76,80.29,86.57,229.23,1.493,gpm_synthetic,simulated
COOLR-SYN-0564,27.301544,88.526854,2014-01-05,0.12,0.25,0.08,0.8,1.55,7.5,0.119,gpm_synthetic,simulated
COOLR-SYN-0565,23.151146,92.828919,2020-07-03,4.99,41.6,60.29,116.99,138.07,233.5,4.995,gpm_synthetic,simulated
COOLR-SYN-0566,26.198736,94.733845,2014-08-04,5.81,35.35,141.0,120.61,144.16,329.5,5.806,gpm_synthetic,simulated
COOLR-SYN-0567,24.822657,93.820907,2018-09-13,5.51,105.0,33.61,127.79,134.27,308.31,5.509,gpm_synthetic,simulated
COOLR-SYN-0568,23.606162,92.635478,2008-05-15,5.78,37.47,28.09,56.45,70.21,81.22,5.781,gpm_synthetic,simulated
COOLR-SYN-0569,26.496275,94.455425,2008-06-22,6.09,11.69,51.07,190.92,251.86,295.22,6.09,gpm_synthetic,simulated
COOLR-SYN-0570,27.40985,88.865559,2017-08-27,5.25,334.53,132.13,350.0,354.82,501.28,5.251,gpm_synthetic,simulated
COOLR-SYN-0571,26.437137,94.240355,2008-07-13,8.08,43.6,153.15,236.89,314.75,924.73,8.084,gpm_synthetic,simulated
COOLR-SYN-0572,27.099328,93.286234,2012-08-01,1.69,31.54,53.0,63.73,112.01,284.5,1.688,gpm_synthetic,simulated
COOLR-SYN-0573,22.786288,93.00703,2007-02-21,0.38,1.18,13.01,17.59,20.34,28.59,0.385,gpm_synthetic,simulated
COOLR-SYN-0574,27.079252,88.35385,2021-07-10,7.12,49.13,23.91,145.71,260.14,997.51,7.119,gpm_synthetic,simulated
COOLR-SYN-0575,26.584462,94.108131,2009-02-14,0.13,0.33,0.12,2.06,4.29,7.23,0.126,gpm_synthetic,simulated
COOLR-SYN-0576,27.190282,88.32347,2021-06-23,0.25,22.81,88.03,93.76,173.57,243.85,0.246,gpm_synthetic,simulated
COOLR-SYN-0577,26.012868,94.757337,2011-05-10,5.46,19.39,0.6,119.69,240.55,324.93,5.459,gpm_synthetic,simulated
COOLR-SYN-0578,27.533872,88.452709,2012-05-05,9.7,4.04,58.09,114.89,141.82,176.67,9.697,gpm_synthetic,simulated
COOLR-SYN-0579,26.371009,94.123531,2022-07-24,16.54,4.07,135.95,284.85,390.76,528.91,16.54,gpm_synthetic,simulated
COOLR-SYN-0580,23.563457,91.557463,2008-11-15,0.03,0.81,3.42,6.77,10.56,30.38,0.032,gpm_synthetic,simulated
COOLR-SYN-0581,26.160478,94.753478,2017-08-14,4.78,0.24,40.26,31.43,58.03,168.58,4.778,gpm_synthetic,simulated
COOLR-SYN-0582,27.255664,92.908982,2021-10-16,3.16,14.99,11.04,45.74,100.7,103.88,3.16,gpm_synthetic,simulated
COOLR-SYN-0583,27.226418,88.694536,2010-08-01,0.0,1.18,9.24,9.86,24.76,43.63,0.002,gpm_synthetic,simulated
COOLR-SYN-0584,26.293242,93.048841,2022-06-16,0.46,0.76,6.15,35.44,38.53,150.22,0.463,gpm_synthetic,simulated
COOLR-SYN-0585,28.335975,94.759324,2012-03-23,0.37,2.85,4.38,20.39,26.93,28.45,0.372,gpm_synthetic,simulated
COOLR-SYN-0586,26.555074,94.444092,2011-03-24,0.66,0.33,8.68,14.12,20.64,31.03,0.66,gpm_synthetic,simulated
COOLR-SYN-0587,27.366209,88.532911,2008-03-01,0.09,9.35,38.69,43.28,111.43,200.01,0.092,gpm_synthetic,simulated
COOLR-SYN-0588,26.255983,93.777948,2018-08-04,0.5,1.57,40.83,44.92,60.94,161.3,0.496,gpm_synthetic,simulated
COOLR-SYN-0589,27.15281,94.972588,2015-06-11,0.23,29.37,4.57,66.35,101.53,398.05,0.226,gpm_synthetic,simulated
COOLR-SYN-0590,26.134639,94.257956,2019-12-16,0.05,1.25,0.82,3.52,4.01,5.13,0.05,gpm_synthetic,simulated
COOLR-SYN-0591,26.040895,93.760412,2013-06-24,4.07,42.63,53.89,82.08,115.86,220.31,4.065,gpm_synthetic,simulated
COOLR-SYN-0592,27.189662,88.388451,2010-08-22,0.81,0.71,7.03,57.0,62.52,450.73,0.808,gpm_synthetic,simulated
COOLR-SYN-0593,26.064119,94.60236,2018-07-13,10.71,6.68,65.2,150.94,151.0,242.2,10.709,gpm_synthetic,simulated
COOLR-SYN-0594,27.349646,91.894349,2014-07-06,3.32,3.88,103.74,122.38,139.35,146.8,3.318,gpm_synthetic,simulated
COOLR-SYN-0595,27.071125,88.663972,2021-08-15,3.44,13.19,39.19,111.16,157.66,218.44,3.442,gpm_synthetic,simulated
COOLR-SYN-0596,27.470713,88.196699,2011-07-21,0.98,2.38,0.07,22.02,59.29,127.48,0.977,gpm_synthetic,simulated
COOLR-SYN-0597,23.491833,91.50168,2017-07-10,3.7,35.93,13.19,130.25,153.08,176.2,3.704,gpm_synthetic,simulated
COOLR-SYN-0598,27.361511,88.498652,2012-10-25,0.65,39.26,34.12,120.46,166.55,505.05,0.648,gpm_synthetic,simulated
COOLR-SYN-0599,27.014581,93.224798,2012-05-23,0.26,0.5,0.76,4.07,8.06,8.62,0.264,gpm_synthetic,simulated
COOLR-SYN-0600,25.224041,92.319382,2021-09-16,0.41,31.4,19.3,75.18,129.15,348.39,0.408,gpm_synthetic,simulated
COOLR-SYN-0601,28.112643,94.685294,2018-02-26,0.39,3.99,6.49,11.5,21.17,41.19,0.395,gpm_synthetic,simulated
COOLR-SYN-0602,25.572162,91.100001,2014-07-23,1.23,22.99,19.74,90.63,94.14,344.94,1.231,gpm_synthetic,simulated
COOLR-SYN-0603,25.027207,94.354427,2012-11-09,0.45,1.17,3.01,10.06,10.52,36.26,0.446,gpm_synthetic,simulated
COOLR-SYN-0604,23.630795,92.278032,2018-06-03,0.39,0.15,2.21,6.41,13.78,43.47,0.39,gpm_synthetic,simulated
COOLR-SYN-0605,23.510938,91.199569,2015-06-21,0.27,4.25,3.45,49.96,177.7,458.4,0.268,gpm_synthetic,simulated
COOLR-SYN-0606,26.71094,94.142614,2021-08-06,5.92,45.68,44.19,123.3,315.69,675.57,5.918,gpm_synthetic,simulated
COOLR-SYN-0607,25.012653,92.190657,2019-07-15,3.37,1.74,3.45,13.34,20.33,38.01,3.375,gpm_synthetic,simulated
COOLR-SYN-0608,25.429955,90.308559,2014-08-27,2.33,2.03,57.92,59.37,82.01,100.29,2.326,gpm_synthetic,simulated
COOLR-SYN-0609,23.755569,91.837982,2017-08-04,0.23,0.28,4.64,20.42,28.83,78.58,0.227,gpm_synthetic,simulated
COOLR-SYN-0610,27.239779,92.988135,2007-08-10,48.61,13.25,60.95,120.57,154.43,202.07,48.608,gpm_synthetic,simulated
COOLR-SYN-0611,26.956036,88.433866,2011-10-11,0.12,0.03,4.44,18.48,78.41,82.77,0.117,gpm_synthetic,simulated
COOLR-SYN-0612,23.779595,91.566209,2009-03-01,0.95,16.38,9.53,11.94,14.0,21.81,0.948,gpm_synthetic,simulated
COOLR-SYN-0613,22.669118,92.5582,2022-02-20,0.09,3.38,1.41,11.32,32.58,65.57,0.092,gpm_synthetic,simulated
COOLR-SYN-0614,25.225025,91.139903,2013-09-22,0.29,38.73,50.65,152.13,296.78,997.61,0.291,gpm_synthetic,simulated
COOLR-SYN-0615,23.916243,91.591739,2016-07-22,2.7,31.77,63.94,79.84,102.45,257.67,2.702,gpm_synthetic,simulated
COOLR-SYN-0616,27.309331,95.144225,2015-07-18,4.08,11.04,62.83,126.6,260.71,376.81,4.082,gpm_synthetic,simulated
COOLR-SYN-0617,23.840156,92.278599,2018-06-11,0.57,50.29,47.17,103.7,105.45,275.63,0.573,gpm_synthetic,simulated
COOLR-SYN-0618,25.807423,93.639864,2009-09-19,0.49,2.68,27.38,21.76,35.51,54.08,0.487,gpm_synthetic,simulated
COOLR-SYN-0619,24.792144,94.374345,2016-06-07,1.3,16.1,1.16,27.28,34.5,134.87,1.303,gpm_synthetic,simulated
COOLR-SYN-0620,26.096514,93.836676,2010-08-10,0.07,5.32,25.59,26.14,49.98,126.88,0.066,gpm_synthetic,simulated
COOLR-SYN-0621,25.062097,92.105496,2018-07-13,3.93,16.01,63.08,77.96,121.15,635.51,3.927,gpm_synthetic,simulated
COOLR-SYN-0622,24.650835,94.135455,2010-11-06,0.02,0.68,0.32,3.27,7.53,16.12,0.02,gpm_synthetic,simulated
COOLR-SYN-0623,25.666589,92.4939,2012-12-03,0.08,0.71,0.0,1.87,3.37,7.65,0.08,gpm_synthetic,simulated
COOLR-SYN-0624,25.854687,90.079757,2013-08-03,0.11,5.98,17.01,24.12,52.86,68.73,0.105,gpm_synthetic,simulated
COOLR-SYN-0625,24.209733,93.895609,2012-09-17,1.72,10.9,90.61,82.42,103.8,158.17,1.719,gpm_synthetic,simulated
COOLR-SYN-0626,23.85158,92.303249,2015-08-23,6.65,5.68,76.47,146.83,168.16,707.35,6.65,gpm_synthetic,simulated
COOLR-SYN-0627,25.964229,93.756573,2011-06-13,0.03,18.14,32.13,22.84,26.16,41.74,0.03,gpm_synthetic,simulated
COOLR-SYN-0628,24.627455,94.211364,2012-10-01,5.31,1.38,3.23,36.02,60.59,67.83,5.307,gpm_synthetic,simulated
COOLR-SYN-0629,27.574005,95.109408,2012-08-27,51.61,10.42,193.55,350.0,534.06,1552.3,51.612,gpm_synthetic,simulated
COOLR-SYN-0630,26.324139,94.993751,2019-07-19,30.03,95.28,467.95,350.0,377.8,597.07,30.034,gpm_synthetic,simulated
COOLR-SYN-0631,23.762416,92.512523,2020-09-06,1.56,1.37,6.76,103.06,144.44,154.45,1.564,gpm_synthetic,simulated
COOLR-SYN-0632,25.686806,90.818702,2013-09-17,15.08,21.77,21.26,164.78,320.73,373.38,15.084,gpm_synthetic,simulated
COOLR-SYN-0633,23.42553,91.820388,2007-06-04,6.01,76.46,41.11,130.96,138.45,520.03,6.011,gpm_synthetic,simulated
COOLR-SYN-0634,23.679161,92.850484,2022-07-15,1.14,0.8,0.56,59.34,79.1,196.2,1.138,gpm_synthetic,simulated
COOLR-SYN-0635,25.857236,93.83565,2020-06-05,1.21,13.03,8.01,38.73,49.33,66.03,1.207,gpm_synthetic,simulated
COOLR-SYN-0636,26.303123,92.85648,2021-06-05,2.78,125.16,57.08,131.34,156.57,1008.4,2.78,gpm_synthetic,simulated
COOLR-SYN-0637,23.745622,92.222176,2016-06-08,0.04,0.01,0.49,0.55,1.26,1.3,0.035,gpm_synthetic,simulated
COOLR-SYN-0638,25.694635,91.113104,2008-06-22,0.25,3.17,16.85,15.8,25.83,38.94,0.252,gpm_synthetic,simulated
COOLR-SYN-0639,26.184486,93.078883,2015-02-07,0.01,0.29,0.16,1.61,2.32,7.15,0.012,gpm_synthetic,simulated
COOLR-SYN-0640,25.359574,92.66241,2010-07-20,0.47,15.45,20.23,39.95,59.39,72.49,0.468,gpm_synthetic,simulated
COOLR-SYN-0641,24.925309,93.898238,2021-12-09,0.46,7.44,16.22,21.08,32.61,62.23,0.459,gpm_synthetic,simulated
COOLR-SYN-0642,27.806126,94.76396,2019-05-07,0.24,3.16,9.52,12.63,16.76,23.52,0.245,gpm_synthetic,simulated
COOLR-SYN-0643,26.011311,94.460117,2015-07-24,0.11,3.66,1.79,8.25,8.63,35.6,0.109,gpm_synthetic,simulated
COOLR-SYN-0644,26.225405,94.013187,2022-08-08,12.03,80.59,93.89,127.42,161.5,417.59,12.025,gpm_synthetic,simulated
COOLR-SYN-0645,26.53873,92.55195,2016-08-10,15.09,99.3,79.67,198.78,255.65,329.81,15.088,gpm_synthetic,simulated
COOLR-SYN-0646,27.256057,93.02384,2017-03-25,0.23,2.58,12.63,7.02,10.68,14.85,0.227,gpm_synthetic,simulated
COOLR-SYN-0647,25.390662,92.474974,2011-08-24,1.62,3.91,75.41,44.95,49.5,193.08,1.625,gpm_synthetic,simulated
COOLR-SYN-0648,27.41575,95.376631,2017-07-21,1.21,7.65,5.61,18.71,33.9,55.22,1.209,gpm_synthetic,simulated
COOLR-SYN-0649,27.029681,88.806993,2012-06-08,1.83,6.88,36.74,109.3,130.89,305.27,1.832,gpm_synthetic,simulated
COOLR-SYN-0650,23.515137,92.328599,2011-08-16,0.33,0.38,7.7,9.42,10.59,62.15,0.325,gpm_synthetic,simulated
COOLR-SYN-0651,26.637152,94.162707,2010-05-15,0.32,0.24,2.93,38.89,40.66,70.32,0.324,gpm_synthetic,simulated
COOLR-SYN-0652,25.338037,92.742987,2007-04-03,0.14,2.54,5.24,54.39,71.87,169.4,0.137,gpm_synthetic,simulated
COOLR-SYN-0653,25.294123,90.712776,2018-08-12,0.2,3.29,19.5,13.4,31.09,43.16,0.203,gpm_synthetic,simulated
COOLR-SYN-0654,25.101144,91.58297,2020-10-03,3.77,11.98,120.46,93.52,128.68,196.06,3.766,gpm_synthetic,simulated
COOLR-SYN-0655,23.692433,92.795186,2013-08-21,0.11,3.52,35.85,38.0,60.27,77.58,0.108,gpm_synthetic,simulated
COOLR-SYN-0656,25.54132,91.400009,2014-06-01,4.98,22.46,189.76,223.16,354.73,392.64,4.979,gpm_synthetic,simulated
COOLR-SYN-0657,25.407652,91.5164,2020-08-07,0.14,4.92,29.61,128.19,134.57,490.19,0.142,gpm_synthetic,simulated
COOLR-SYN-0658,25.440759,91.178581,2007-09-06,0.6,28.16,0.92,22.27,23.5,107.35,0.603,gpm_synthetic,simulated
COOLR-SYN-0659,28.333531,94.536014,2019-05-12,0.41,0.82,0.01,3.91,4.69,7.55,0.409,gpm_synthetic,simulated
COOLR-SYN-0660,25.488789,90.406297,2015-08-08,55.97,430.48,276.97,289.36,477.94,516.88,55.974,gpm_synthetic,simulated
COOLR-SYN-0661,25.081773,93.809236,2022-09-06,15.62,66.62,113.54,171.36,184.21,503.57,15.62,gpm_synthetic,simulated
COOLR-SYN-0662,25.699153,90.152051,2012-05-19,0.19,3.21,6.33,12.09,16.63,22.41,0.19,gpm_synthetic,simulated
COOLR-SYN-0663,26.628896,93.860939,2008-07-01,12.63,29.31,22.77,239.54,301.51,870.8,12.626,gpm_synthetic,simulated
COOLR-SYN-0664,27.087398,95.044693,2021-07-10,9.78,3.1,129.8,123.64,166.37,242.05,9.784,gpm_synthetic,simulated
COOLR-SYN-0665,27.798336,88.566384,2021-07-11,42.95,32.08,54.74,262.06,296.72,624.24,42.949,gpm_synthetic,simulated
COOLR-SYN-0666,25.768995,92.432072,2020-12-19,0.04,0.63,1.5,3.78,4.44,13.95,0.042,gpm_synthetic,simulated
COOLR-SYN-0667,26.073928,94.978751,2007-12-08,0.03,2.69,0.65,5.76,7.71,23.67,0.026,gpm_synthetic,simulated
COOLR-SYN-0668,25.596984,91.235181,2021-09-17,4.1,2.12,36.47,73.39,115.6,201.4,4.1,gpm_synthetic,simulated
COOLR-SYN-0669,25.171143,92.341426,2013-04-14,2.5,12.42,6.25,22.21,53.72,186.85,2.5,gpm_synthetic,simulated
COOLR-SYN-0670,23.943261,92.317827,2009-07-05,0.59,8.67,2.78,15.92,20.12,105.39,0.586,gpm_synthetic,simulated
COOLR-SYN-0671,27.454667,91.797134,2016-03-18,0.23,0.07,6.39,5.49,6.1,18.14,0.234,gpm_synthetic,simulated
COOLR-SYN-0672,24.514725,93.65635,2017-10-18,1.75,7.6,16.51,46.31,67.19,151.34,1.747,gpm_synthetic,simulated
COOLR-SYN-0673,27.617577,88.541169,2007-07-03,0.51,5.26,2.02,18.02,34.32,140.91,0.508,gpm_synthetic,simulated
COOLR-SYN-0674,26.455849,93.993706,2022-01-14,0.17,1.57,4.38,9.51,30.69,59.68,0.168,gpm_synthetic,simulated
COOLR-SYN-0675,26.481837,94.205912,2012-09-02,0.97,0.09,0.37,5.98,7.64,11.55,0.972,gpm_synthetic,simulated
COOLR-SYN-0676,27.274312,88.556699,2022-06-22,0.79,1.28,28.02,16.22,23.43,41.24,0.794,gpm_synthetic,simulated
COOLR-SYN-0677,28.098355,94.660291,2016-05-13,0.01,1.5,5.97,6.31,8.28,30.55,0.005,gpm_synthetic,simulated
COOLR-SYN-0678,26.598645,93.026599,2021-08-03,0.77,0.68,6.95,43.24,93.77,114.08,0.774,gpm_synthetic,simulated
COOLR-SYN-0679,26.723776,93.876239,2014-05-09,0.12,0.33,2.67,24.75,39.19,113.38,0.117,gpm_synthetic,simulated
COOLR-SYN-0680,25.451773,90.581618,2022-07-19,7.11,23.3,218.62,268.49,332.99,1214.1,7.111,gpm_synthetic,simulated
COOLR-SYN-0681,25.60803,91.158738,2008-09-25,0.38,4.53,9.14,18.37,33.92,58.06,0.385,gpm_synthetic,simulated
COOLR-SYN-0682,24.915205,94.19653,2017-10-24,0.01,0.44,0.02,1.03,1.47,3.24,0.006,gpm_synthetic,simulated
COOLR-SYN-0683,26.256115,94.497808,2020-09-12,5.73,20.81,101.95,81.27,85.49,103.52,5.725,gpm_synthetic,simulated
COOLR-SYN-0684,25.03973,94.33504,2021-08-14,1.04,3.05,13.39,53.32,97.34,138.98,1.036,gpm_synthetic,simulated
COOLR-SYN-0685,27.585058,91.503298,2012-09-24,1.49,21.37,45.65,63.58,106.85,126.24,1.491,gpm_synthetic,simulated
COOLR-SYN-0686,23.684849,92.524896,2016-07-23,0.04,7.73,0.11,16.21,18.21,23.61,0.044,gpm_synthetic,simulated
COOLR-SYN-0687,27.67392,88.364306,2018-03-04,0.11,1.23,0.08,7.26,7.5,28.29,0.112,gpm_synthetic,simulated
COOLR-SYN-0688,25.307744,91.487033,2016-08-03,0.09,5.21,26.01,49.57,53.34,80.99,0.092,gpm_synthetic,simulated
COOLR-SYN-0689,23.531008,92.788484,2021-08-04,0.97,13.35,13.27,78.55,84.65,265.92,0.972,gpm_synthetic,simulated
COOLR-SYN-0690,23.787086,92.629606,2012-04-05,0.49,7.47,8.38,34.05,42.61,62.27,0.486,gpm_synthetic,simulated
COOLR-SYN-0691,24.660055,94.286376,2018-07-14,0.8,4.9,2.06,57.73,102.21,566.22,0.795,gpm_synthetic,simulated
COOLR-SYN-0692,25.426956,91.058902,2015-09-24,0.21,0.28,1.38,3.61,7.1,9.6,0.214,gpm_synthetic,simulated
COOLR-SYN-0693,26.78347,93.269074,2022-07-19,8.03,96.07,0.68,55.75,93.44,516.19,8.026,gpm_synthetic,simulated
COOLR-SYN-0694,26.000023,94.467365,2009-11-16,1.62,12.06,2.01,14.3,18.32,78.53,1.617,gpm_synthetic,simulated
COOLR-SYN-0695,25.977934,93.855268,2014-03-04,0.39,3.86,4.63,5.55,9.54,13.9,0.394,gpm_synthetic,simulated
COOLR-SYN-0696,25.07301,94.32022,2022-09-04,0.03,4.07,3.08,6.5,11.49,18.74,0.029,gpm_synthetic,simulated
COOLR-SYN-0697,26.229569,94.076351,2016-08-19,9.46,15.45,159.4,78.08,78.47,520.89,9.464,gpm_synthetic,simulated
COOLR-SYN-0698,26.063797,93.916287,2008-09-14,0.11,12.98,8.35,62.95,138.57,168.63,0.106,gpm_synthetic,simulated
COOLR-SYN-0699,26.974266,92.878625,2016-08-01,3.6,1.74,8.64,96.89,121.53,424.54,3.605,gpm_synthetic,simulated
COOLR-SYN-0700,27.23715,88.372912,2009-06-08,0.1,1.61,8.32,15.0,18.96,96.46,0.095,gpm_synthetic,simulated
COOLR-SYN-0701,22.759373,92.869729,2021-08-21,14.85,34.28,16.01,63.75,117.82,184.43,14.849,gpm_synthetic,simulated
COOLR-SYN-0702,24.252785,94.026368,2020-10-06,0.39,1.42,5.14,12.75,22.61,31.4,0.392,gpm_synthetic,simulated
COOLR-SYN-0703,26.798784,94.285923,2019-05-13,0.63,3.31,0.85,26.92,51.04,61.16,0.63,gpm_synthetic,simulated
COOLR-SYN-0704,27.552321,91.68423,2020-07-20,0.42,25.61,38.66,89.82,192.9,214.49,0.42,gpm_synthetic,simulated
COOLR-SYN-0705,25.754819,92.502423,2010-12-21,0.37,0.49,1.0,16.92,17.1,39.39,0.374,gpm_synthetic,simulated
COOLR-SYN-0706,24.304366,93.624079,2018-06-14,5.77,10.51,2.07,52.87,172.87,188.11,5.77,gpm_synthetic,simulated
COOLR-SYN-0707,25.126151,91.666537,2009-05-21,3.8,23.33,35.22,49.82,65.87,103.43,3.801,gpm_synthetic,simulated
COOLR-SYN-0708,26.206049,94.075846,2017-08-19,3.28,6.78,78.2,69.12,106.91,379.77,3.281,gpm_synthetic,simulated
COOLR-SYN-0709,25.693833,91.60594,2011-05-24,0.59,0.45,4.71,52.14,155.41,181.68,0.587,gpm_synthetic,simulated
COOLR-SYN-0710,26.708,94.380406,2013-07-04,6.54,14.49,5.05,139.95,187.13,496.24,6.537,gpm_synthetic,simulated
COOLR-SYN-0711,23.557143,91.272056,2019-06-14,0.36,9.71,8.9,42.42,118.37,128.81,0.363,gpm_synthetic,simulated
COOLR-SYN-0712,26.732022,92.928404,2009-07-03,1.32,33.97,18.59,137.9,185.92,400.05,1.322,gpm_synthetic,simulated
COOLR-SYN-0713,25.1063,91.987151,2015-10-21,0.04,9.5,1.77,6.36,6.9,22.54,0.036,gpm_synthetic,simulated
COOLR-SYN-0714,23.371104,92.718175,2012-08-08,2.91,68.45,68.68,118.2,135.94,556.62,2.912,gpm_synthetic,simulated
COOLR-SYN-0715,25.632018,92.812646,2010-05-17,0.11,3.06,1.57,7.09,8.48,22.51,0.112,gpm_synthetic,simulated
COOLR-SYN-0716,23.273705,92.930438,2010-12-21,0.05,34.58,7.12,48.09,52.31,156.57,0.054,gpm_synthetic,simulated
COOLR-SYN-0717,24.078651,91.166644,2015-07-09,1.21,29.95,46.12,140.77,252.96,775.95,1.212,gpm_synthetic,simulated
COOLR-SYN-0718,23.148667,92.53794,2017-08-14,1.39,30.81,43.61,139.77,208.69,958.92,1.394,gpm_synthetic,simulated
COOLR-SYN-0719,26.946231,88.33754,2010-06-19,0.04,5.85,23.54,21.13,25.15,47.93,0.035,gpm_synthetic,simulated
COOLR-SYN-0720,24.815499,94.18762,2019-08-06,0.0,3.17,48.23,21.91,27.11,58.21,0.003,gpm_synthetic,simulated
COOLR-SYN-0721,27.233318,88.635414,2008-06-12,0.01,1.57,1.22,3.09,4.49,26.92,0.005,gpm_synthetic,simulated
COOLR-SYN-0722,27.205034,93.037761,2018-08-02,4.09,64.95,160.47,68.74,71.86,340.15,4.088,gpm_synthetic,simulated
COOLR-SYN-0723,27.395799,91.92005,2011-10-17,17.24,0.47,4.55,85.51,110.04,206.01,17.235,gpm_synthetic,simulated
COOLR-SYN-0724,23.528512,92.864932,2016-07-17,2.11,0.15,53.04,118.21,200.84,331.25,2.111,gpm_synthetic,simulated
COOLR-SYN-0725,27.086785,88.480958,2018-08-22,3.03,9.78,10.03,37.74,40.37,109.06,3.034,gpm_synthetic,simulated
COOLR-SYN-0726,27.59599,92.032319,2013-09-23,6.68,22.59,102.19,192.36,249.77,349.79,6.683,gpm_synthetic,simulated
COOLR-SYN-0727,27.181694,88.636884,2013-04-11,0.07,1.12,1.86,4.86,14.58,16.25,0.066,gpm_synthetic,simulated
COOLR-SYN-0728,25.705406,91.022302,2013-06-05,0.07,4.08,1.93,8.98,10.79,18.16,0.074,gpm_synthetic,simulated
COOLR-SYN-0729,26.759121,94.049517,2008-07-21,1.45,1.92,23.87,40.27,42.47,220.77,1.446,gpm_synthetic,simulated
COOLR-SYN-0730,23.432661,92.457497,2017-08-23,3.94,46.29,5.01,187.07,220.12,798.0,3.941,gpm_synthetic,simulated
COOLR-SYN-0731,23.925424,91.130651,2018-08-14,1.87,12.68,6.24,29.0,55.64,66.21,1.866,gpm_synthetic,simulated
COOLR-SYN-0732,22.991307,92.534658,2016-01-22,0.05,0.05,0.09,0.37,0.51,0.99,0.046,gpm_synthetic,simulated
COOLR-SYN-0733,27.950072,94.877293,2014-06-16,0.15,0.31,2.82,15.71,18.9,25.99,0.147,gpm_synthetic,simulated
COOLR-SYN-0734,26.278095,94.607811,2022-12-06,0.16,0.08,12.5,5.74,5.87,25.68,0.163,gpm_synthetic,simulated
COOLR-SYN-0735,25.776761,92.508317,2010-08-02,12.43,15.34,40.97,72.27,124.4,423.28,12.428,gpm_synthetic,simulated
COOLR-SYN-0736,23.083745,92.648916,2017-10-14,0.43,1.02,4.79,10.78,11.77,21.34,0.427,gpm_synthetic,simulated
COOLR-SYN-0737,26.696804,94.000759,2020-04-12,0.0,0.05,0.06,0.17,0.37,0.44,0.005,gpm_synthetic,simulated
COOLR-SYN-0738,26.510745,93.988676,2007-10-09,0.17,2.73,1.83,20.71,41.22,45.05,0.167,gpm_synthetic,simulated
COOLR-SYN-0739,25.713283,90.490105,2009-10-11,2.39,8.58,28.35,85.76,130.83,153.48,2.389,gpm_synthetic,simulated
COOLR-SYN-0740,27.132987,88.789226,2010-12-16,2.2,1.01,2.44,40.12,63.85,74.78,2.199,gpm_synthetic,simulated
COOLR-SYN-0741,24.717595,93.87237,2013-07-19,5.32,0.69,36.48,31.95,119.81,137.59,5.324,gpm_synthetic,simulated
COOLR-SYN-0742,25.172333,92.141592,2010-01-16,4.33,15.23,11.99,27.17,43.24,75.97,4.33,gpm_synthetic,simulated
COOLR-SYN-0743,26.118849,94.25937,2010-05-03,0.13,0.95,3.82,9.14,11.84,18.68,0.126,gpm_synthetic,simulated
COOLR-SYN-0744,26.569241,94.983101,2009-08-25,0.02,5.15,3.16,26.16,60.13,85.54,0.017,gpm_synthetic,simulated
COOLR-SYN-0745,25.340973,91.824508,2019-06-06,1.15,4.28,0.24,17.21,18.98,38.72,1.146,gpm_synthetic,simulated
COOLR-SYN-0746,27.568802,95.006922,2020-06-16,7.65,5.27,18.86,82.9,84.35,119.19,7.654,gpm_synthetic,simulated
COOLR-SYN-0747,27.452755,94.938373,2020-10-16,4.84,35.27,33.81,63.71,95.09,101.11,4.837,gpm_synthetic,simulated
COOLR-SYN-0748,27.08311,93.129381,2022-08-15,7.55,11.33,260.07,245.02,451.31,506.75,7.553,gpm_synthetic,simulated
COOLR-SYN-0749,25.834086,90.214678,2010-08-12,20.56,21.58,17.79,173.59,321.78,457.32,20.564,gpm_synthetic,simulated
COOLR-SYN-0750,25.322207,92.973936,2012-08-08,0.51,2.24,75.3,53.54,69.94,163.74,0.508,gpm_synthetic,simulated
COOLR-SYN-0751,27.315862,88.457124,2019-06-25,4.24,19.21,3.67,121.69,188.4,617.99,4.243,gpm_synthetic,simulated
COOLR-SYN-0752,22.645664,92.5247,2016-09-24,14.87,18.03,29.42,66.7,92.31,205.91,14.874,gpm_synthetic,simulated
COOLR-SYN-0753,23.650226,92.445314,2018-07-13,2.03,6.8,13.53,63.36,87.08,368.98,2.031,gpm_synthetic,simulated
COOLR-SYN-0754,27.222189,88.596395,2015-09-10,1.19,9.88,35.85,139.79,238.71,305.2,1.185,gpm_synthetic,simulated
COOLR-SYN-0755,26.021257,93.645383,2012-08-18,2.44,16.65,1.66,60.68,121.07,603.9,2.438,gpm_synthetic,simulated
COOLR-SYN-0756,25.5492,92.83723,2017-08-27,2.74,4.83,60.09,38.77,45.32,85.91,2.738,gpm_synthetic,simulated
COOLR-SYN-0757,24.295933,93.949018,2020-06-01,3.62,33.97,49.25,75.8,103.86,469.83,3.618,gpm_synthetic,simulated
COOLR-SYN-0758,27.294949,93.14502,2015-01-20,0.08,1.23,1.27,10.84,15.69,157.16,0.079,gpm_synthetic,simulated
COOLR-SYN-0759,26.484774,94.667136,2013-05-23,0.1,0.66,1.09,1.91,2.36,3.09,0.104,gpm_synthetic,simulated
COOLR-SYN-0760,25.041769,94.42235,2008-08-06,0.23,27.25,151.06,187.14,447.15,850.05,0.226,gpm_synthetic,simulated
COOLR-SYN-0761,27.201672,92.920787,2019-09-21,0.54,36.18,164.82,127.47,146.11,435.58,0.542,gpm_synthetic,simulated
COOLR-SYN-0762,24.009326,91.00893,2011-06-09,5.04,0.38,92.15,67.62,123.31,193.97,5.04,gpm_synthetic,simulated
COOLR-SYN-0763,27.187209,88.397834,2017-06-15,2.77,4.61,1.53,84.6,91.24,235.77,2.774,gpm_synthetic,simulated
COOLR-SYN-0764,22.830269,92.906463,2007-07-08,0.32,4.99,15.09,74.46,120.46,120.58,0.319,gpm_synthetic,simulated
COOLR-SYN-0765,25.230185,92.459567,2007-06-20,2.65,41.73,51.65,43.74,77.45,84.91,2.647,gpm_synthetic,simulated
COOLR-SYN-0766,25.178395,94.2647,2008-08-12,6.8,82.41,204.41,227.42,241.63,546.24,6.802,gpm_synthetic,simulated
COOLR-SYN-0767,27.883201,92.038049,2021-01-10,0.56,5.83,0.34,10.9,26.98,37.16,0.565,gpm_synthetic,simulated
COOLR-SYN-0768,23.183199,92.861685,2020-06-15,0.24,2.67,0.06,4.4,4.85,11.82,0.241,gpm_synthetic,simulated
COOLR-SYN-0769,24.897027,93.863335,2012-08-21,8.48,42.46,28.93,126.87,219.87,245.46,8.48,gpm_synthetic,simulated
COOLR-SYN-0770,24.379121,94.0182,2017-10-13,0.13,0.67,7.91,11.25,16.97,33.97,0.125,gpm_synthetic,simulated
COOLR-SYN-0771,23.602595,92.535338,2015-02-18,0.87,13.46,6.25,17.39,22.03,23.45,0.873,gpm_synthetic,simulated
COOLR-SYN-0772,26.854009,93.059304,2019-06-17,0.2,1.37,3.69,6.5,8.85,18.79,0.201,gpm_synthetic,simulated
COOLR-SYN-0773,26.363613,93.774978,2013-05-07,0.19,3.82,11.52,8.97,9.85,21.86,0.192,gpm_synthetic,simulated
COOLR-SYN-0774,23.915312,92.73069,2009-08-06,0.22,22.17,15.52,127.01,140.11,1194.96,0.221,gpm_synthetic,simulated
COOLR-SYN-0775,25.053442,94.520729,2011-07-07,0.52,67.69,86.1,163.95,229.07,377.06,0.517,gpm_synthetic,simulated
COOLR-SYN-0776,24.898577,94.210466,2009-07-21,0.58,5.03,19.66,30.01,32.84,37.35,0.582,gpm_synthetic,simulated
COOLR-SYN-0777,26.975513,88.268369,2022-05-01,7.32,0.14,56.36,53.68,98.92,102.79,7.321,gpm_synthetic,simulated
COOLR-SYN-0778,27.507539,95.466647,2019-06-06,0.53,6.17,2.0,28.7,33.62,88.58,0.534,gpm_synthetic,simulated
COOLR-SYN-0779,27.626105,88.125079,2007-08-01,10.97,3.25,10.71,106.67,136.61,282.13,10.97,gpm_synthetic,simulated
COOLR-SYN-0780,25.494484,91.203946,2019-06-26,0.1,14.21,6.71,23.65,24.52,65.32,0.098,gpm_synthetic,simulated
COOLR-SYN-0781,27.513137,95.446236,2022-10-10,0.24,0.61,2.7,5.23,10.67,14.63,0.238,gpm_synthetic,simulated
COOLR-SYN-0782,25.7328,92.76613,2009-07-04,21.39,31.34,112.11,93.06,134.4,230.01,21.392,gpm_synthetic,simulated
COOLR-SYN-0783,25.544332,91.478616,2019-08-11,19.83,89.14,92.71,154.89,211.22,404.28,19.827,gpm_synthetic,simulated
COOLR-SYN-0784,26.556387,94.481586,2022-06-18,15.24,20.99,125.35,168.01,198.23,1825.41,15.237,gpm_synthetic,simulated
COOLR-SYN-0785,26.52397,94.16026,2008-04-09,1.8,15.23,1.57,43.83,80.54,177.84,1.798,gpm_synthetic,simulated
COOLR-SYN-0786,26.474298,94.361867,2022-05-27,0.03,0.77,9.82,8.8,19.19,56.65,0.033,gpm_synthetic,simulated
COOLR-SYN-0787,25.47691,92.407977,2021-08-04,2.15,18.65,7.57,53.31,68.51,384.39,2.147,gpm_synthetic,simulated
COOLR-SYN-0788,25.569427,90.358427,2012-09-27,1.04,5.46,1.95,53.81,89.24,181.2,1.045,gpm_synthetic,simulated
COOLR-SYN-0789,25.155973,93.928757,2017-04-25,1.62,2.32,75.51,28.14,28.39,30.05,1.623,gpm_synthetic,simulated
COOLR-SYN-0790,27.551395,88.479819,2011-07-06,0.28,1.22,8.37,4.56,5.73,17.97,0.281,gpm_synthetic,simulated
COOLR-SYN-0791,28.180034,94.848541,2011-05-21,0.63,2.75,2.47,11.08,23.45,26.12,0.628,gpm_synthetic,simulated
COOLR-SYN-0792,24.486062,93.924776,2008-08-15,11.73,5.43,152.48,137.29,215.57,296.95,11.734,gpm_synthetic,simulated
COOLR-SYN-0793,28.356406,94.702348,2012-10-15,0.2,0.71,0.85,7.2,23.35,34.25,0.196,gpm_synthetic,simulated
COOLR-SYN-0794,26.299875,93.987593,2007-08-12,3.6,111.53,112.99,290.57,929.92,3058.27,3.596,gpm_synthetic,simulated
COOLR-SYN-0795,26.773672,92.852306,2019-09-21,0.0,0.91,13.62,18.74,58.6,195.25,0.003,gpm_synthetic,simulated
COOLR-SYN-0796,25.986817,94.605904,2016-06-16,0.1,55.43,15.53,76.46,89.37,176.48,0.104,gpm_synthetic,simulated
COOLR-SYN-0797,25.640985,90.260392,2008-04-19,0.72,5.13,0.81,40.02,64.55,64.63,0.719,gpm_synthetic,simulated
COOLR-SYN-0798,25.231269,91.039511,2013-07-12,0.02,57.86,35.45,148.66,177.58,1073.1,0.016,gpm_synthetic,simulated
COOLR-SYN-0799,23.090915,92.681157,2014-03-23,0.31,3.22,6.17,10.31,17.87,19.31,0.312,gpm_synthetic,simulated
COOLR-SYN-0800,25.35556,91.229199,2007-08-02,2.58,37.41,12.12,55.49,58.09,67.54,2.576,gpm_synthetic,simulated
