event_id,latitude,longitude,date,trigger,event_type,severity,state,district,source_name,source_link,data_source,data_quality,license
COOLR-SYN-0001,23.839055,91.30715,2015-12-27,human_activity,rockfall,small,Tripura,West Tripura,NASA COOLR (synthetic NER),,nasa_coolr_synthetic,simulated,NASA Open Data (synthetic representation only)
COOLR-SYN-0002,25.732707,90.280514,2008-11-17,rain,rockfall,small,Meghalaya,South Garo Hills,NASA COOLR (synthetic NER),,nasa_coolr_synthetic,simulated,NASA Open Data (synthetic representation only)
COOLR-SYN-0003,25.262163,91.310009,2013-11-19,rain,translational_slide,small,Assam,Kamrup,NASA COOLR (synthetic NER),,nasa_coolr_synthetic,simulated,NASA Open Data (synthetic representation only)
COOLR-SYN-0004,26.179193,94.821555,2008-10-13,rain,rotational_slide,medium,Nagaland,Mokokchung,NASA COOLR (synthetic NER),,nasa_coolr_synthetic,simulated,NASA Open Data (synthetic representation only)
COOLR-SYN-0005,27.359479,88.693411,2016-08-25,rain,debris_flow,small,Sikkim,East Sikkim,NASA COOLR (synthetic NER),,nasa_coolr_synthetic,simulated,NASA Open Data (synthetic representation only)
COOLR-SYN-0006,27.857116,94.467878,2011-08-08,rain_and_snowmelt,rockfall,large,Arunachal Pradesh,Upper Siang,NASA COOLR (synthetic NER),,nasa_coolr_synthetic,simulated,NASA Open Data (synthetic representation only)
COOLR-SYN-0007,25.199104,91.94177,2022-09-09,earthquake,rockfall,medium,Meghalaya,East Khasi Hills,NASA COOLR (synthetic NER),,nasa_coolr_synthetic,simulated,NASA Open Data (synthetic representation only)
COOLR-SYN-0008,26.167711,94.946664,2015-09-16,rain,translational_slide,large,Nagaland,Mokokchung,NASA COOLR (synthetic NER),,nasa_coolr_synthetic,simulated,NASA Open Data (synthetic representation only)
COOLR-SYN-0009,25.346182,91.122756,2019-07-14,rain,rockfall,large,Assam,Kamrup,NASA COOLR (synthetic NER),,nasa_coolr_synthetic,simulated,NASA Open Data (synthetic representation only)
COOLR-SYN-0010,27.09322,93.12341,2020-03-06,rain,rockfall,medium,Arunachal Pradesh,Papum Pare,NASA COOLR (synthetic NER),,nasa_coolr_synthetic,simulated,NASA Open Data (synthetic representation only)
COOLR-SYN-0011,26.352878,93.938236,2013-09-12,rain,debris_flow,medium,Nagaland,Dimapur,NASA COOLR (synthetic NER),,nasa_coolr_synthetic,simulated,NASA Open Data (synthetic representation only)
COOLR-SYN-0012,25.995842,90.512315,2015-08-20,rain,rockfall,medium,Meghalaya,South Garo Hills,NASA COOLR (synthetic NER),,nasa_coolr_synthetic,simulated,NASA Open Data (synthetic representation only)
COOLR-SYN-0013,24.583995,94.123938,2020-07-01,rain,mudflow,small,Manipur,Senapati,NASA COOLR (synthetic NER),,nasa_coolr_synthetic,simulated,NASA Open Data (synthetic representation only)
COOLR-SYN-0014,27.447858,88.300629,2014-07-23,rain_and_snowmelt,translational_slide,very_large,Sikkim,West Sikkim,NASA COOLR (synthetic NER),,nasa_coolr_synthetic,simulated,NASA Open Data (synthetic representation only)
COOLR-SYN-0015,26.354805,94.009372,2009-07-06,rain,debris_flow,medium,Nagaland,Dimapur,NASA COOLR (synthetic NER),,nasa_coolr_synthetic,simulated,NASA Open Data (synthetic representation only)
COOLR-SYN-0016,23.579625,91.225923,2016-08-09,rain,rockfall,small,Tripura,West Tripura,NASA COOLR (synthetic NER),,nasa_coolr_synthetic,simulated,NASA Open Data (synthetic representation only)
COOLR-SYN-0017,26.267916,92.798373,2015-07-10,unknown,rotational_slide,medium,Arunachal Pradesh,East Kameng,NASA COOLR (synthetic NER),,nasa_coolr_synthetic,simulated,NASA Open Data (synthetic representation only)
COOLR-SYN-0018,25.268988,92.868275,2017-06-27,rain,mudflow,medium,Assam,Cachar,NASA COOLR (synthetic NER),,nasa_coolr_synthetic,simulated,NASA Open Data (synthetic representation only)
COOLR-SYN-0019,25.353371,92.802101,2016-07-16,earthquake,rockfall,large,Assam,Cachar,NASA COOLR (synthetic NER),,nasa_coolr_synthetic,simulated,NASA Open Data (synthetic representation only)
COOLR-SYN-0020,25.316211,91.99994,2019-08-09,rain_and_snowmelt,mudflow,small,Meghalaya,East Khasi Hills,NASA COOLR (synthetic NER),,nasa_coolr_synthetic,simulated,NASA Open Data (synthetic representation only)
COOLR-SYN-0021,27.56998,91.608479,2007-10-03,earthquake,rotational_slide,large,Arunachal Pradesh,Tawang,NASA COOLR (synthetic NER),,nasa_coolr_synthetic,simulated,NASA Open Data (synthetic representation only)
COOLR-SYN-0022,27.00684,88.828015,2014-06-12,rain,mudflow,large,Sikkim,East Sikkim,NASA COOLR (synthetic NER),,nasa_coolr_synthetic,simulated,NASA Open Data (synthetic representation only)
COOLR-SYN-0023,25.731431,91.275015,2020-06-23,rain,mudflow,medium,Meghalaya,West Khasi Hills,NASA COOLR (synthetic NER),,nasa_coolr_synthetic,simulated,NASA Open Data (synthetic representation only)
COOLR-SYN-0024,28.02464,94.801961,2019-06-22,monsoonal_rain,mudflow,medium,Arunachal Pradesh,Upper Siang,NASA COOLR (synthetic NER),,nasa_coolr_synthetic,simulated,NASA Open Data (synthetic representation only)
COOLR-SYN-0025,25.308887,92.34653,2021-07-24,rain,debris_flow,small,Meghalaya,East Khasi Hills,NASA COOLR (synthetic NER),,nasa_coolr_synthetic,simulated,NASA Open Data (synthetic representation only)
COOLR-SYN-0026,24.935123,94.16868,2010-08-26,earthquake,rockfall,large,Manipur,Senapati,NASA COOLR (synthetic NER),,nasa_coolr_synthetic,simulated,NASA Open Data (synthetic representation only)
COOLR-SYN-0027,23.444228,91.720122,2022-07-18,rain,rotational_slide,large,Tripura,Gomati,NASA COOLR (synthetic NER),,nasa_coolr_synthetic,simulated,NASA Open Data (synthetic representation only)
COOLR-SYN-0028,26.374556,92.709577,2009-07-09,rain,rockfall,large,Arunachal Pradesh,East Kameng,NASA COOLR (synthetic NER),,nasa_coolr_synthetic,simulated,NASA Open Data (synthetic representation only)
COOLR-SYN-0029,22.957572,92.97562,2018-04-14,rain,debris_flow,small,Mizoram,Lunglei,NASA COOLR (synthetic NER),,nasa_coolr_synthetic,simulated,NASA Open Data (synthetic representation only)
COOLR-SYN-0030,25.513543,92.617845,2009-09-20,rain,mudflow,small,Assam,Cachar,NASA COOLR (synthetic NER),,nasa_coolr_synthetic,simulated,NASA Open Data (synthetic representation only)
COOLR-SYN-0031,26.904968,93.101818,2017-09-18,rain,mudflow,medium,Arunachal Pradesh,Papum Pare,NASA COOLR (synthetic NER),,nasa_coolr_synthetic,simulated,NASA Open Data (synthetic representation only)
COOLR-SYN-0032,25.041131,94.123945,2017-07-22,human_activity,mudflow,small,Manipur,Chandel,NASA COOLR (synthetic NER),,nasa_coolr_synthetic,simulated,NASA Open Data (synthetic representation only)
COOLR-SYN-0033,24.636913,93.956661,2018-06-18,human_activity,rockfall,small,Manipur,Ukhrul,NASA COOLR (synthetic NER),,nasa_coolr_synthetic,simulated,NASA Open Data (synthetic representation only)
COOLR-SYN-0034,26.658992,94.146035,2021-09-07,earthquake,rockfall,medium,Assam,Dima Hasao,NASA COOLR (synthetic NER),,nasa_coolr_synthetic,simulated,NASA Open Data (synthetic representation only)
COOLR-SYN-0035,26.283638,94.029361,2011-06-26,earthquake,debris_flow,very_large,Assam,Dima Hasao,NASA COOLR (synthetic NER),,nasa_coolr_synthetic,simulated,NASA Open Data (synthetic representation only)
COOLR-SYN-0036,22.955186,93.079746,2010-03-05,human_activity,debris_flow,medium,Mizoram,Lunglei,NASA COOLR (synthetic NER),,nasa_coolr_synthetic,simulated,NASA Open Data (synthetic representation only)
COOLR-SYN-0037,27.375304,88.018328,2012-08-23,monsoonal_rain,rotational_slide,medium,Sikkim,West Sikkim,NASA COOLR (synthetic NER),,nasa_coolr_synthetic,simulated,NASA Open Data (synthetic representation only)
COOLR-SYN-0038,25.473047,91.46878,2008-07-15,rain,rockfall,small,Assam,Kamrup,NASA COOLR (synthetic NER),,nasa_coolr_synthetic,simulated,NASA Open Data (synthetic representation only)
COOLR-SYN-0039,26.550587,94.498696,2019-05-12,monsoonal_rain,rotational_slide,large,Nagaland,Mokokchung,NASA COOLR (synthetic NER),,nasa_coolr_synthetic,simulated,NASA Open Data (synthetic representation only)
COOLR-SYN-0040,27.875081,91.945881,2017-09-07,rain,translational_slide,medium,Arunachal Pradesh,Tawang,NASA COOLR (synthetic NER),,nasa_coolr_synthetic,simulated,NASA Open Data (synthetic representation only)
COOLR-SYN-0041,23.281091,92.959221,2014-08-22,rain,mudflow,medium,Mizoram,Aizawl,NASA COOLR (synthetic NER),,nasa_coolr_synthetic,simulated,NASA Open Data (synthetic representation only)
COOLR-SYN-0042,26.167605,92.851852,2021-12-15,rain,mudflow,small,Arunachal Pradesh,East Kameng,NASA COOLR (synthetic NER),,nasa_coolr_synthetic,simulated,NASA Open Data (synthetic representation only)
COOLR-SYN-0043,28.389951,94.89823,2014-04-02,unknown,rotational_slide,very_large,Arunachal Pradesh,Upper Siang,NASA COOLR (synthetic NER),,nasa_coolr_synthetic,simulated,NASA Open Data (synthetic representation only)
COOLR-SYN-0044,26.489235,94.961801,2020-05-26,rain_and_snowmelt,mudflow,small,Nagaland,Mokokchung,NASA COOLR (synthetic NER),,nasa_coolr_synthetic,simulated,NASA Open Data (synthetic representation only)
COOLR-SYN-0045,27.710056,88.338914,2017-10-17,human_activity,translational_slide,medium,Sikkim,North Sikkim,NASA COOLR (synthetic NER),,nasa_coolr_synthetic,simulated,NASA Open Data (synthetic representation only)
COOLR-SYN-0046,22.688349,93.085358,2015-10-19,unknown,rockfall,small,Mizoram,Lunglei,NASA COOLR (synthetic NER),,nasa_coolr_synthetic,simulated,NASA Open Data (synthetic representation only)
COOLR-SYN-0047,27.428542,91.951016,2017-08-05,monsoonal_rain,translational_slide,small,Arunachal Pradesh,Tawang,NASA COOLR (synthetic NER),,nasa_coolr_synthetic,simulated,NASA Open Data (synthetic representation only)
COOLR-SYN-0048,27.349422,88.117505,2013-01-15,rain,rotational_slide,small,Sikkim,North Sikkim,NASA COOLR (synthetic NER),,nasa_coolr_synthetic,simulated,NASA Open Data (synthetic representation only)
COOLR-SYN-0049,23.721759,91.75229,2012-08-23,rain_and_snowmelt,mudflow,medium,Tripura,Gomati,NASA COOLR (synthetic NER),,nasa_coolr_synthetic,simulated,NASA Open Data (synthetic representation only)
COOLR-SYN-0050,25.583592,90.486285,2008-04-03,rain_and_snowmelt,debris_flow,large,Meghalaya,South Garo Hills,NASA COOLR (synthetic NER),,nasa_coolr_synthetic,simulated,NASA Open Data (synthetic representation only)
COOLR-SYN-0051,27.046261,95.274911,2011-08-19,rain,mudflow,small,Arunachal Pradesh,Lohit,NASA COOLR (synthetic NER),,nasa_coolr_synthetic,simulated,NASA Open Data (synthetic representation only)
COOLR-SYN-0052,23.453347,91.640622,2014-07-19,rain_and_snowmelt,debris_flow,medium,Tripura,Gomati,NASA COOLR (synthetic NER),,nasa_coolr_synthetic,simulated,NASA Open Data (synthetic representation only)
COOLR-SYN-0053,24.910985,94.665585,2014-11-03,monsoonal_rain,rockfall,small,Manipur,Senapati,NASA COOLR (synthetic NER),,nasa_coolr_synthetic,simulated,NASA Open Data (synthetic representation only)
COOLR-SYN-0054,25.322694,91.998986,2007-08-14,human_activity,translational_slide,medium,Meghalaya,East Khasi Hills,NASA COOLR (synthetic NER),,nasa_coolr_synthetic,simulated,NASA Open Data (synthetic representation only)
COOLR-SYN-0055,27.597259,88.514357,2012-12-21,rain,mudflow,large,Sikkim,East Sikkim,NASA COOLR (synthetic NER),,nasa_coolr_synthetic,simulated,NASA Open Data (synthetic representation only)
COOLR-SYN-0056,25.388237,92.411634,2016-12-11,rain_and_snowmelt,debris_flow,small,Assam,Cachar,NASA COOLR (synthetic NER),,nasa_coolr_synthetic,simulated,NASA Open Data (synthetic representation only)
COOLR-SYN-0057,27.375029,95.059365,2015-09-19,human_activity,rockfall,very_large,Arunachal Pradesh,Lohit,NASA COOLR (synthetic NER),,nasa_coolr_synthetic,simulated,NASA Open Data (synthetic representation only)
COOLR-SYN-0058,27.156433,88.071376,2013-09-05,rain,rotational_slide,medium,Sikkim,West Sikkim,NASA COOLR (synthetic NER),,nasa_coolr_synthetic,simulated,NASA Open Data (synthetic representation only)
COOLR-SYN-0059,25.161418,93.964741,2022-12-27,rain,translational_slide,small,Manipur,Chandel,NASA COOLR (synthetic NER),,nasa_coolr_synthetic,simulated,NASA Open Data (synthetic representation only)
COOLR-SYN-0060,26.636049,93.983477,2014-07-13,human_activity,rotational_slide,very_large,Nagaland,Dimapur,NASA COOLR (synthetic NER),,nasa_coolr_synthetic,simulated,NASA Open Data (synthetic representation only)
COOLR-SYN-0061,26.722872,93.707938,2009-05-22,rain,translational_slide,small,Nagaland,Dimapur,NASA COOLR (synthetic NER),,nasa_coolr_synthetic,simulated,NASA Open Data (synthetic representation only)
COOLR-SYN-0062,27.029527,88.42718,2009-04-22,earthquake,rotational_slide,small,Sikkim,West Sikkim,NASA COOLR (synthetic NER),,nasa_coolr_synthetic,simulated,NASA Open Data (synthetic representation only)
COOLR-SYN-0063,25.654129,92.577063,2016-10-05,rain,translational_slide,small,Assam,Cachar,NASA COOLR (synthetic NER),,nasa_coolr_synthetic,simulated,NASA Open Data (synthetic representation only)
COOLR-SYN-0064,26.679202,92.818057,2018-09-22,rain,translational_slide,large,Arunachal Pradesh,East Kameng,NASA COOLR (synthetic NER),,nasa_coolr_synthetic,simulated,NASA Open Data (synthetic representation only)
COOLR-SYN-0065,24.39486,94.076364,2013-07-19,rain,mudflow,small,Manipur,Ukhrul,NASA COOLR (synthetic NER),,nasa_coolr_synthetic,simulated,NASA Open Data (synthetic representation only)
COOLR-SYN-0066,26.678141,94.278574,2019-06-06,rain,rockfall,small,Nagaland,Dimapur,NASA COOLR (synthetic NER),,nasa_coolr_synthetic,simulated,NASA Open Data (synthetic representation only)
COOLR-SYN-0067,27.489484,91.897464,2008-09-06,human_activity,debris_flow,large,Arunachal Pradesh,Tawang,NASA COOLR (synthetic NER),,nasa_coolr_synthetic,simulated,NASA Open Data (synthetic representation only)
COOLR-SYN-0068,22.793359,92.862636,2019-04-24,rain,translational_slide,medium,Mizoram,Lunglei,NASA COOLR (synthetic NER),,nasa_coolr_synthetic,simulated,NASA Open Data (synthetic representation only)
COOLR-SYN-0069,24.994389,94.053008,2014-09-23,rain,debris_flow,medium,Manipur,Chandel,NASA COOLR (synthetic NER),,nasa_coolr_synthetic,simulated,NASA Open Data (synthetic representation only)
COOLR-SYN-0070,25.67581,92.902645,2011-07-07,rain_and_snowmelt,rockfall,small,Assam,Cachar,NASA COOLR (synthetic NER),,nasa_coolr_synthetic,simulated,NASA Open Data (synthetic representation only)
COOLR-SYN-0071,27.160749,95.423582,2011-06-14,monsoonal_rain,mudflow,small,Arunachal Pradesh,Lohit,NASA COOLR (synthetic NER),,nasa_coolr_synthetic,simulated,NASA Open Data (synthetic representation only)
COOLR-SYN-0072,27.46759,95.044953,2020-11-05,rain,mudflow,small,Arunachal Pradesh,Lohit,NASA COOLR (synthetic NER),,nasa_coolr_synthetic,simulated,NASA Open Data (synthetic representation only)
COOLR-SYN-0073,23.312205,91.697654,2014-12-26,rain,mudflow,small,Tripura,Gomati,NASA COOLR (synthetic NER),,nasa_coolr_synthetic,simulated,NASA Open Data (synthetic representation only)
COOLR-SYN-0074,27.695666,91.709101,2022-10-27,human_activity,debris_flow,very_large,Arunachal Pradesh,Tawang,NASA COOLR (synthetic NER),,nasa_coolr_synthetic,simulated,NASA Open Data (synthetic representation only)
COOLR-SYN-0075,22.859405,92.887289,2021-08-04,earthquake,rotational_slide,large,Mizoram,Lunglei,NASA COOLR (synthetic NER),,nasa_coolr_synthetic,simulated,NASA Open Data (synthetic representation only)
COOLR-SYN-0076,26.146315,93.014719,2007-09-01,rain_and_snowmelt,mudflow,large,Arunachal Pradesh,East Kameng,NASA COOLR (synthetic NER),,nasa_coolr_synthetic,simulated,NASA Open Data (synthetic representation only)
COOLR-SYN-0077,25.080945,92.08286,2016-06-05,monsoonal_rain,translational_slide,medium,Meghalaya,East Khasi Hills,NASA COOLR (synthetic NER),,nasa_coolr_synthetic,simulated,NASA Open Data (synthetic representation only)
COOLR-SYN-0078,27.473332,91.663204,2014-05-03,earthquake,translational_slide,medium,Arunachal Pradesh,Tawang,NASA COOLR (synthetic NER),,nasa_coolr_synthetic,simulated,NASA Open Data (synthetic representation only)
COOLR-SYN-0079,25.646563,92.543454,2013-08-18,human_activity,debris_flow,large,Assam,Cachar,NASA COOLR (synthetic NER),,nasa_coolr_synthetic,simulated,NASA Open Data (synthetic representation only)
COOLR-SYN-0080,26.900897,92.757859,2019-08-06,rain_and_snowmelt,translational_slide,medium,Arunachal Pradesh,Papum Pare,NASA COOLR (synthetic NER),,nasa_coolr_synthetic,simulated,NASA Open Data (synthetic representation only)
COOLR-SYN-0081,23.629534,91.760134,2009-08-17,rain,rockfall,small,Tripura,Gomati,NASA COOLR (synthetic NER),,nasa_coolr_synthetic,simulated,NASA Open Data (synthetic representation only)
COOLR-SYN-0082,25.953712,94.44601,2021-06-26,unknown,debris_flow,small,Nagaland,Kohima,NASA COOLR (synthetic NER),,nasa_coolr_synthetic,simulated,NASA Open Data (synthetic representation only)
COOLR-SYN-0083,27.617477,92.022242,2020-09-07,rain_and_snowmelt,rockfall,large,Arunachal Pradesh,Tawang,NASA COOLR (synthetic NER),,nasa_coolr_synthetic,simulated,NASA Open Data (synthetic representation only)
COOLR-SYN-0084,26.721789,94.034842,2018-08-23,human_activity,rockfall,large,Nagaland,Dimapur,NASA COOLR (synthetic NER),,nasa_coolr_synthetic,simulated,NASA Open Data (synthetic representation only)
COOLR-SYN-0085,23.134189,92.674404,2011-08-26,rain,rotational_slide,small,Mizoram,Aizawl,NASA COOLR (synthetic NER),,nasa_coolr_synthetic,simulated,NASA Open Data (synthetic representation only)
COOLR-SYN-0086,27.387175,88.656609,2016-06-06,rain,rockfall,large,Sikkim,North Sikkim,NASA COOLR (synthetic NER),,nasa_coolr_synthetic,simulated,NASA Open Data (synthetic representation only)
COOLR-SYN-0087,25.718288,92.647348,2018-09-18,rain_and_snowmelt,translational_slide,small,Assam,Cachar,NASA COOLR (synthetic NER),,nasa_coolr_synthetic,simulated,NASA Open Data (synthetic representation only)
COOLR-SYN-0088,25.762103,92.791757,2021-04-11,rain,translational_slide,small,Assam,Cachar,NASA COOLR (synthetic NER),,nasa_coolr_synthetic,simulated,NASA Open Data (synthetic representation only)
COOLR-SYN-0089,26.433527,93.056509,2016-10-01,monsoonal_rain,rotational_slide,medium,Arunachal Pradesh,East Kameng,NASA COOLR (synthetic NER),,nasa_coolr_synthetic,simulated,NASA Open Data (synthetic representation only)
COOLR-SYN-0090,23.185602,92.807138,2015-01-24,human_activity,translational_slide,medium,Mizoram,Aizawl,NASA COOLR (synthetic NER),,nasa_coolr_synthetic,simulated,NASA Open Data (synthetic representation only)
COOLR-SYN-0091,27.710717,88.408769,2021-07-22,earthquake,debris_flow,medium,Sikkim,North Sikkim,NASA COOLR (synthetic NER),,nasa_coolr_synthetic,simulated,NASA Open Data (synthetic representation only)
COOLR-SYN-0092,26.704761,93.919223,2016-07-22,human_activity,rockfall,medium,Nagaland,Dimapur,NASA COOLR (synthetic NER),,nasa_coolr_synthetic,simulated,NASA Open Data (synthetic representation only)
COOLR-SYN-0093,23.952179,91.324882,2020-08-01,rain,mudflow,very_large,Tripura,West Tripura,NASA COOLR (synthetic NER),,nasa_coolr_synthetic,simulated,NASA Open Data (synthetic representation only)
COOLR-SYN-0094,27.51471,88.836559,2013-08-07,human_activity,rotational_slide,large,Sikkim,East Sikkim,NASA COOLR (synthetic NER),,nasa_coolr_synthetic,simulated,NASA Open Data (synthetic representation only)
COOLR-SYN-0095,26.53895,94.060542,2022-12-15,rain,mudflow,medium,Assam,Dima Hasao,NASA COOLR (synthetic NER),,nasa_coolr_synthetic,simulated,NASA Open Data (synthetic representation only)
COOLR-SYN-0096,22.673416,93.082699,2010-07-11,rain,debris_flow,small,Mizoram,Lunglei,NASA COOLR (synthetic NER),,nasa_coolr_synthetic,simulated,NASA Open Data (synthetic representation only)
COOLR-SYN-0097,25.673252,91.669729,2012-07-18,monsoonal_rain,translational_slide,medium,Assam,Kamrup,NASA COOLR (synthetic NER),,nasa_coolr_synthetic,simulated,NASA Open Data (synthetic representation only)
COOLR-SYN-0098,22.813673,93.052559,2021-06-05,monsoonal_rain,rotational_slide,small,Mizoram,Lunglei,NASA COOLR (synthetic NER),,nasa_coolr_synthetic,simulated,NASA Open Data (synthetic representation only)
COOLR-SYN-0099,26.074795,94.520228,2013-07-01,rain_and_snowmelt,rockfall,large,Nagaland,Mokokchung,NASA COOLR (synthetic NER),,nasa_coolr_synthetic,simulated,NASA Open Data (synthetic representation only)
COOLR-SYN-0100,25.655645,90.53456,2017-09-09,rain,rockfall,medium,Meghalaya,South Garo Hills,NASA COOLR (synthetic NER),,nasa_coolr_synthetic,simulated,NASA Open Data (synthetic representation only)
COOLR-SYN-0101,24.799413,93.621209,2012-07-20,rain_and_snowmelt,mudflow,large,Manipur,Ukhrul,NASA COOLR (synthetic NER),,nasa_coolr_synthetic,simulated,NASA Open Data (synthetic representation only)
COOLR-SYN-0102,26.484641,94.535945,2011-11-14,earthquake,translational_slide,small,Nagaland,Kohima,NASA COOLR (synthetic NER),,nasa_coolr_synthetic,simulated,NASA Open Data (synthetic representation only)
COOLR-SYN-0103,27.425782,88.349408,2022-10-15,rain,translational_slide,medium,Sikkim,North Sikkim,NASA COOLR (synthetic NER),,nasa_coolr_synthetic,simulated,NASA Open Data (synthetic representation only)
COOLR-SYN-0104,23.629258,91.768606,2013-09-16,rain_and_snowmelt,mudflow,large,Tripura,Gomati,NASA COOLR (synthetic NER),,nasa_coolr_synthetic,simulated,NASA Open Data (synthetic representation only)
COOLR-SYN-0105,27.047118,88.571581,2017-07-25,rain,rotational_slide,small,Sikkim,East Sikkim,NASA COOLR (synthetic NER),,nasa_coolr_synthetic,simulated,NASA Open Data (synthetic representation only)
COOLR-SYN-0106,26.243827,94.731286,2007-09-17,monsoonal_rain,rotational_slide,small,Nagaland,Kohima,NASA COOLR (synthetic NER),,nasa_coolr_synthetic,simulated,NASA Open Data (synthetic representation only)
COOLR-SYN-0107,25.673999,92.950917,2018-08-02,rain,rockfall,large,Assam,Cachar,NASA COOLR (synthetic NER),,nasa_coolr_synthetic,simulated,NASA Open Data (synthetic representation only)
COOLR-SYN-0108,27.08299,88.509643,2010-08-05,rain,debris_flow,small,Sikkim,West Sikkim,NASA COOLR (synthetic NER),,nasa_coolr_synthetic,simulated,NASA Open Data (synthetic representation only)
COOLR-SYN-0109,24.538994,93.953079,2009-12-23,rain,debris_flow,large,Manipur,Ukhrul,NASA COOLR (synthetic NER),,nasa_coolr_synthetic,simulated,NASA Open Data (synthetic representation only)
COOLR-SYN-0110,26.42286,94.228125,2012-07-06,unknown,rotational_slide,small,Nagaland,Kohima,NASA COOLR (synthetic NER),,nasa_coolr_synthetic,simulated,NASA Open Data (synthetic representation only)
COOLR-SYN-0111,23.908915,91.162032,2022-12-10,rain,translational_slide,small,Tripura,West Tripura,NASA COOLR (synthetic NER),,nasa_coolr_synthetic,simulated,NASA Open Data (synthetic representation only)
COOLR-SYN-0112,26.54548,94.835463,2016-09-03,rain,mudflow,medium,Nagaland,Mokokchung,NASA COOLR (synthetic NER),,nasa_coolr_synthetic,simulated,NASA Open Data (synthetic representation only)
COOLR-SYN-0113,27.462606,88.2921,2015-09-02,monsoonal_rain,rockfall,large,Sikkim,West Sikkim,NASA COOLR (synthetic NER),,nasa_coolr_synthetic,simulated,NASA Open Data (synthetic representation only)
COOLR-SYN-0114,26.02142,93.98521,2007-08-21,monsoonal_rain,translational_slide,small,Assam,Karbi Anglong,NASA COOLR (synthetic NER),,nasa_coolr_synthetic,simulated,NASA Open Data (synthetic representation only)
COOLR-SYN-0115,25.693725,91.264338,2014-01-05,earthquake,rockfall,medium,Meghalaya,West Khasi Hills,NASA COOLR (synthetic NER),,nasa_coolr_synthetic,simulated,NASA Open Data (synthetic representation only)
COOLR-SYN-0116,25.925331,93.626542,2016-10-04,rain,rockfall,medium,Assam,Karbi Anglong,NASA COOLR (synthetic NER),,nasa_coolr_synthetic,simulated,NASA Open Data (synthetic representation only)
COOLR-SYN-0117,25.436809,92.063739,2007-10-20,rain,mudflow,medium,Meghalaya,East Khasi Hills,NASA COOLR (synthetic NER),,nasa_coolr_synthetic,simulated,NASA Open Data (synthetic representation only)
COOLR-SYN-0118,27.321754,95.003221,2018-10-04,rain,rotational_slide,small,Arunachal Pradesh,Lohit,NASA COOLR (synthetic NER),,nasa_coolr_synthetic,simulated,NASA Open Data (synthetic representation only)
COOLR-SYN-0119,25.78809,92.78774,2007-06-20,rain,debris_flow,medium,Assam,Cachar,NASA COOLR (synthetic NER),,nasa_coolr_synthetic,simulated,NASA Open Data (synthetic representation only)
COOLR-SYN-0120,23.562153,91.498141,2018-07-27,rain,translational_slide,medium,Tripura,West Tripura,NASA COOLR (synthetic NER),,nasa_coolr_synthetic,simulated,NASA Open Data (synthetic representation only)
COOLR-SYN-0121,25.130072,94.260025,2018-06-04,human_activity,rotational_slide,small,Manipur,Chandel,NASA COOLR (synthetic NER),,nasa_coolr_synthetic,simulated,NASA Open Data (synthetic representation only)
COOLR-SYN-0122,25.042154,94.690907,2022-02-06,human_activity,mudflow,small,Manipur,Senapati,NASA COOLR (synthetic NER),,nasa_coolr_synthetic,simulated,NASA Open Data (synthetic representation only)
COOLR-SYN-0123,25.273063,91.460605,2018-08-07,earthquake,debris_flow,small,Assam,Kamrup,NASA COOLR (synthetic NER),,nasa_coolr_synthetic,simulated,NASA Open Data (synthetic representation only)
COOLR-SYN-0124,27.062492,88.165059,2014-08-03,rain,debris_flow,large,Sikkim,West Sikkim,NASA COOLR (synthetic NER),,nasa_coolr_synthetic,simulated,NASA Open Data (synthetic representation only)
COOLR-SYN-0125,25.179454,91.827363,2007-03-18,rain_and_snowmelt,debris_flow,large,Meghalaya,East Khasi Hills,NASA COOLR (synthetic NER),,nasa_coolr_synthetic,simulated,NASA Open Data (synthetic representation only)
COOLR-SYN-0126,23.482803,92.715975,2019-05-16,rain_and_snowmelt,rotational_slide,medium,Mizoram,Champhai,NASA COOLR (synthetic NER),,nasa_coolr_synthetic,simulated,NASA Open Data (synthetic representation only)
COOLR-SYN-0127,25.024534,91.966671,2016-08-26,rain,rockfall,small,Meghalaya,East Khasi Hills,NASA COOLR (synthetic NER),,nasa_coolr_synthetic,simulated,NASA Open Data (synthetic representation only)
COOLR-SYN-0128,26.598038,94.452386,2012-07-12,rain,rockfall,medium,Nagaland,Mokokchung,NASA COOLR (synthetic NER),,nasa_coolr_synthetic,simulated,NASA Open Data (synthetic representation only)
COOLR-SYN-0129,25.39989,91.144321,2021-08-08,rain,mudflow,medium,Meghalaya,West Khasi Hills,NASA COOLR (synthetic NER),,nasa_coolr_synthetic,simulated,NASA Open Data (synthetic representation only)
COOLR-SYN-0130,27.469356,95.450824,2010-10-14,rain,rockfall,small,Arunachal Pradesh,Lohit,NASA COOLR (synthetic NER),,nasa_coolr_synthetic,simulated,NASA Open Data (synthetic representation only)
COOLR-SYN-0131,27.470457,95.101345,2012-10-10,rain,rotational_slide,large,Arunachal Pradesh,Lohit,NASA COOLR (synthetic NER),,nasa_coolr_synthetic,simulated,NASA Open Data (synthetic representation only)
COOLR-SYN-0132,25.884982,94.040086,2018-02-11,rain,translational_slide,large,Assam,Karbi Anglong,NASA COOLR (synthetic NER),,nasa_coolr_synthetic,simulated,NASA Open Data (synthetic representation only)
COOLR-SYN-0133,26.324344,93.716718,2010-10-20,rain,translational_slide,small,Nagaland,Dimapur,NASA COOLR (synthetic NER),,nasa_coolr_synthetic,simulated,NASA Open Data (synthetic representation only)
COOLR-SYN-0134,25.966183,90.342803,2015-08-24,monsoonal_rain,translational_slide,large,Meghalaya,South Garo Hills,NASA COOLR (synthetic NER),,nasa_coolr_synthetic,simulated,NASA Open Data (synthetic representation only)
COOLR-SYN-0135,24.077844,91.238811,2013-07-01,unknown,rockfall,medium,Tripura,West Tripura,NASA COOLR (synthetic NER),,nasa_coolr_synthetic,simulated,NASA Open Data (synthetic representation only)
COOLR-SYN-0136,25.264855,92.435652,2016-06-17,rain,debris_flow,small,Assam,Cachar,NASA COOLR (synthetic NER),,nasa_coolr_synthetic,simulated,NASA Open Data (synthetic representation only)
COOLR-SYN-0137,23.546136,92.524373,2017-02-26,human_activity,rockfall,small,Mizoram,Champhai,NASA COOLR (synthetic NER),,nasa_coolr_synthetic,simulated,NASA Open Data (synthetic representation only)
COOLR-SYN-0138,26.496954,92.815188,2010-08-11,rain_and_snowmelt,translational_slide,small,Arunachal Pradesh,East Kameng,NASA COOLR (synthetic NER),,nasa_coolr_synthetic,simulated,NASA Open Data (synthetic representation only)
COOLR-SYN-0139,25.26115,90.842607,2015-09-23,rain,rockfall,large,Meghalaya,West Khasi Hills,NASA COOLR (synthetic NER),,nasa_coolr_synthetic,simulated,NASA Open Data (synthetic representation only)
COOLR-SYN-0140,25.534792,90.796421,2009-07-10,earthquake,rockfall,small,Meghalaya,West Khasi Hills,NASA COOLR (synthetic NER),,nasa_coolr_synthetic,simulated,NASA Open Data (synthetic representation only)
COOLR-SYN-0141,26.514564,94.787125,2018-10-18,earthquake,rotational_slide,very_large,Nagaland,Mokokchung,NASA COOLR (synthetic NER),,nasa_coolr_synthetic,simulated,NASA Open Data (synthetic representation only)
COOLR-SYN-0142,26.182656,92.753921,2008-07-12,monsoonal_rain,rotational_slide,small,Arunachal Pradesh,East Kameng,NASA COOLR (synthetic NER),,nasa_coolr_synthetic,simulated,NASA Open Data (synthetic representation only)
COOLR-SYN-0143,26.206664,93.717797,2009-09-08,rain,mudflow,small,Assam,Karbi Anglong,NASA COOLR (synthetic NER),,nasa_coolr_synthetic,simulated,NASA Open Data (synthetic representation only)
COOLR-SYN-0144,26.233692,94.745267,2011-07-26,rain_and_snowmelt,mudflow,medium,Nagaland,Kohima,NASA COOLR (synthetic NER),,nasa_coolr_synthetic,simulated,NASA Open Data (synthetic representation only)
COOLR-SYN-0145,26.289796,93.800872,2016-06-17,unknown,rotational_slide,small,Nagaland,Dimapur,NASA COOLR (synthetic NER),,nasa_coolr_synthetic,simulated,NASA Open Data (synthetic representation only)
COOLR-SYN-0146,25.246616,93.950517,2021-06-13,earthquake,rockfall,small,Manipur,Chandel,NASA COOLR (synthetic NER),,nasa_coolr_synthetic,simulated,NASA Open Data (synthetic representation only)
COOLR-SYN-0147,28.025338,94.709516,2017-07-27,rain_and_snowmelt,translational_slide,very_large,Arunachal Pradesh,Upper Siang,NASA COOLR (synthetic NER),,nasa_coolr_synthetic,simulated,NASA Open Data (synthetic representation only)
COOLR-SYN-0148,22.853782,92.661744,2017-07-06,rain,translational_slide,large,Mizoram,Lunglei,NASA COOLR (synthetic NER),,nasa_coolr_synthetic,simulated,NASA Open Data (synthetic representation only)
COOLR-SYN-0149,25.501521,90.43235,2014-06-24,rain,mudflow,medium,Meghalaya,South Garo Hills,NASA COOLR (synthetic NER),,nasa_coolr_synthetic,simulated,NASA Open Data (synthetic representation only)
COOLR-SYN-0150,26.442687,94.366423,2020-07-16,unknown,debris_flow,large,Assam,Dima Hasao,NASA COOLR (synthetic NER),,nasa_coolr_synthetic,simulated,NASA Open Data (synthetic representation only)
COOLR-SYN-0151,26.681546,92.790107,2009-08-11,monsoonal_rain,debris_flow,medium,Arunachal Pradesh,East Kameng,NASA COOLR (synthetic NER),,nasa_coolr_synthetic,simulated,NASA Open Data (synthetic representation only)
COOLR-SYN-0152,27.461159,88.250311,2014-04-04,rain,translational_slide,medium,Sikkim,West Sikkim,NASA COOLR (synthetic NER),,nasa_coolr_synthetic,simulated,NASA Open Data (synthetic representation only)
COOLR-SYN-0153,25.419819,91.574478,2021-12-04,monsoonal_rain,mudflow,very_large,Assam,Kamrup,NASA COOLR (synthetic NER),,nasa_coolr_synthetic,simulated,NASA Open Data (synthetic representation only)
COOLR-SYN-0154,28.114142,94.648165,2009-09-23,earthquake,mudflow,medium,Arunachal Pradesh,Upper Siang,NASA COOLR (synthetic NER),,nasa_coolr_synthetic,simulated,NASA Open Data (synthetic representation only)
COOLR-SYN-0155,25.4771,91.634503,2017-08-14,rain,translational_slide,small,Assam,Kamrup,NASA COOLR (synthetic NER),,nasa_coolr_synthetic,simulated,NASA Open Data (synthetic representation only)
COOLR-SYN-0156,27.309174,91.527416,2022-01-06,unknown,rotational_slide,large,Arunachal Pradesh,Tawang,NASA COOLR (synthetic NER),,nasa_coolr_synthetic,simulated,NASA Open Data (synthetic representation only)
COOLR-SYN-0157,23.943682,91.335958,2022-08-06,earthquake,debris_flow,small,Tripura,West Tripura,NASA COOLR (synthetic NER),,nasa_coolr_synthetic,simulated,NASA Open Data (synthetic representation only)
COOLR-SYN-0158,23.136321,92.57049,2018-06-04,human_activity,rotational_slide,medium,Mizoram,Aizawl,NASA COOLR (synthetic NER),,nasa_coolr_synthetic,simulated,NASA Open Data (synthetic representation only)
COOLR-SYN-0159,24.076261,91.17854,2019-09-02,unknown,translational_slide,large,Tripura,West Tripura,NASA COOLR (synthetic NER),,nasa_coolr_synthetic,simulated,NASA Open Data (synthetic representation only)
COOLR-SYN-0160,26.427843,94.8464,2009-08-04,earthquake,rotational_slide,small,Nagaland,Mokokchung,NASA COOLR (synthetic NER),,nasa_coolr_synthetic,simulated,NASA Open Data (synthetic representation only)
COOLR-SYN-0161,26.733922,94.296192,2014-05-03,human_activity,debris_flow,small,Assam,Dima Hasao,NASA COOLR (synthetic NER),,nasa_coolr_synthetic,simulated,NASA Open Data (synthetic representation only)
COOLR-SYN-0162,25.200684,90.953965,2015-10-17,rain,debris_flow,large,Meghalaya,West Khasi Hills,NASA COOLR (synthetic NER),,nasa_coolr_synthetic,simulated,NASA Open Data (synthetic representation only)
COOLR-SYN-0163,26.405311,93.761953,2010-07-04,rain,rockfall,large,Nagaland,Dimapur,NASA COOLR (synthetic NER),,nasa_coolr_synthetic,simulated,NASA Open Data (synthetic representation only)
COOLR-SYN-0164,26.256821,94.536556,2013-11-05,earthquake,mudflow,medium,Nagaland,Kohima,NASA COOLR (synthetic NER),,nasa_coolr_synthetic,simulated,NASA Open Data (synthetic representation only)
COOLR-SYN-0165,25.937459,93.618759,2022-11-25,rain,translational_slide,small,Assam,Karbi Anglong,NASA COOLR (synthetic NER),,nasa_coolr_synthetic,simulated,NASA Open Data (synthetic representation only)
COOLR-SYN-0166,26.55385,92.640725,2018-05-07,rain_and_snowmelt,debris_flow,large,Arunachal Pradesh,East Kameng,NASA COOLR (synthetic NER),,nasa_coolr_synthetic,simulated,NASA Open Data (synthetic representation only)
COOLR-SYN-0167,23.715318,92.47366,2016-12-25,rain,rockfall,medium,Mizoram,Champhai,NASA COOLR (synthetic NER),,nasa_coolr_synthetic,simulated,NASA Open Data (synthetic representation only)
COOLR-SYN-0168,26.781618,92.847414,2019-07-15,rain,rotational_slide,small,Arunachal Pradesh,Papum Pare,NASA COOLR (synthetic NER),,nasa_coolr_synthetic,simulated,NASA Open Data (synthetic representation only)
COOLR-SYN-0169,27.515853,88.365327,2013-07-07,rain,rockfall,medium,Sikkim,North Sikkim,NASA COOLR (synthetic NER),,nasa_coolr_synthetic,simulated,NASA Open Data (synthetic representation only)
COOLR-SYN-0170,25.210015,92.488329,2018-02-19,rain,translational_slide,very_large,Assam,Cachar,NASA COOLR (synthetic NER),,nasa_coolr_synthetic,simulated,NASA Open Data (synthetic representation only)
COOLR-SYN-0171,23.311679,92.785538,2010-08-05,rain,mudflow,small,Mizoram,Aizawl,NASA COOLR (synthetic NER),,nasa_coolr_synthetic,simulated,NASA Open Data (synthetic representation only)
COOLR-SYN-0172,25.642824,90.384112,2012-08-02,earthquake,mudflow,small,Meghalaya,South Garo Hills,NASA COOLR (synthetic NER),,nasa_coolr_synthetic,simulated,NASA Open Data (synthetic representation only)
COOLR-SYN-0173,27.114148,92.758747,2009-08-22,rain_and_snowmelt,rockfall,very_large,Arunachal Pradesh,Papum Pare,NASA COOLR (synthetic NER),,nasa_coolr_synthetic,simulated,NASA Open Data (synthetic representation only)
COOLR-SYN-0174,25.557863,90.847762,2018-05-02,rain,translational_slide,medium,Meghalaya,West Khasi Hills,NASA COOLR (synthetic NER),,nasa_coolr_synthetic,simulated,NASA Open Data (synthetic representation only)
COOLR-SYN-0175,27.734167,92.040014,2017-08-25,rain,mudflow,medium,Arunachal Pradesh,Tawang,NASA COOLR (synthetic NER),,nasa_coolr_synthetic,simulated,NASA Open Data (synthetic representation only)
COOLR-SYN-0176,24.741144,94.309872,2014-08-12,monsoonal_rain,rotational_slide,medium,Manipur,Chandel,NASA COOLR (synthetic NER),,nasa_coolr_synthetic,simulated,NASA Open Data (synthetic representation only)
COOLR-SYN-0177,22.890431,93.080887,2007-03-21,rain,debris_flow,small,Mizoram,Lunglei,NASA COOLR (synthetic NER),,nasa_coolr_synthetic,simulated,NASA Open Data (synthetic representation only)
COOLR-SYN-0178,26.395312,94.734901,2014-07-22,rain,debris_flow,small,Nagaland,Mokokchung,NASA COOLR (synthetic NER),,nasa_coolr_synthetic,simulated,NASA Open Data (synthetic representation only)
COOLR-SYN-0179,28.000074,94.905685,2014-08-18,human_activity,mudflow,medium,Arunachal Pradesh,Upper Siang,NASA COOLR (synthetic NER),,nasa_coolr_synthetic,simulated,NASA Open Data (synthetic representation only)
COOLR-SYN-0180,27.347363,95.289079,2009-02-01,rain,translational_slide,small,Arunachal Pradesh,Lohit,NASA COOLR (synthetic NER),,nasa_coolr_synthetic,simulated,NASA Open Data (synthetic representation only)
COOLR-SYN-0181,27.819442,92.095571,2016-09-07,rain_and_snowmelt,mudflow,medium,Arunachal Pradesh,Tawang,NASA COOLR (synthetic NER),,nasa_coolr_synthetic,simulated,NASA Open Data (synthetic representation only)
COOLR-SYN-0182,25.158865,91.612993,2007-07-26,rain,translational_slide,medium,Assam,Kamrup,NASA COOLR (synthetic NER),,nasa_coolr_synthetic,simulated,NASA Open Data (synthetic representation only)
COOLR-SYN-0183,26.608196,94.295294,2009-05-12,unknown,translational_slide,small,Nagaland,Dimapur,NASA COOLR (synthetic NER),,nasa_coolr_synthetic,simulated,NASA Open Data (synthetic representation only)
COOLR-SYN-0184,24.332141,93.874987,2018-11-18,human_activity,mudflow,medium,Manipur,Ukhrul,NASA COOLR (synthetic NER),,nasa_coolr_synthetic,simulated,NASA Open Data (synthetic representation only)
COOLR-SYN-0185,25.052412,92.318306,2011-02-10,rain,rockfall,small,Meghalaya,East Khasi Hills,NASA COOLR (synthetic NER),,nasa_coolr_synthetic,simulated,NASA Open Data (synthetic representation only)
COOLR-SYN-0186,23.968481,92.451709,2011-05-17,monsoonal_rain,mudflow,large,Mizoram,Champhai,NASA COOLR (synthetic NER),,nasa_coolr_synthetic,simulated,NASA Open Data (synthetic representation only)
COOLR-SYN-0187,26.342886,94.491241,2017-09-07,rain,rockfall,medium,Nagaland,Mokokchung,NASA COOLR (synthetic NER),,nasa_coolr_synthetic,simulated,NASA Open Data (synthetic representation only)
COOLR-SYN-0188,25.906954,93.614632,2017-10-13,earthquake,debris_flow,large,Assam,Karbi Anglong,NASA COOLR (synthetic NER),,nasa_coolr_synthetic,simulated,NASA Open Data (synthetic representation only)
COOLR-SYN-0189,28.37987,94.536148,2009-07-19,rain,rockfall,small,Arunachal Pradesh,Upper Siang,NASA COOLR (synthetic NER),,nasa_coolr_synthetic,simulated,NASA Open Data (synthetic representation only)
COOLR-SYN-0190,26.757169,93.802109,2018-11-01,rain,translational_slide,small,Nagaland,Dimapur,NASA COOLR (synthetic NER),,nasa_coolr_synthetic,simulated,NASA Open Data (synthetic representation only)
COOLR-SYN-0191,23.77777,91.540419,2014-08-15,rain,mudflow,small,Tripura,West Tripura,NASA COOLR (synthetic NER),,nasa_coolr_synthetic,simulated,NASA Open Data (synthetic representation only)
COOLR-SYN-0192,23.814082,92.403043,2017-05-13,rain_and_snowmelt,debris_flow,small,Mizoram,Champhai,NASA COOLR (synthetic NER),,nasa_coolr_synthetic,simulated,NASA Open Data (synthetic representation only)
COOLR-SYN-0193,23.291111,92.548473,2016-09-08,rain,mudflow,medium,Mizoram,Aizawl,NASA COOLR (synthetic NER),,nasa_coolr_synthetic,simulated,NASA Open Data (synthetic representation only)
COOLR-SYN-0194,23.62715,91.801019,2019-09-12,rain,rockfall,large,Tripura,Gomati,NASA COOLR (synthetic NER),,nasa_coolr_synthetic,simulated,NASA Open Data (synthetic representation only)
COOLR-SYN-0195,25.05046,93.868707,2022-09-07,unknown,translational_slide,small,Manipur,Chandel,NASA COOLR (synthetic NER),,nasa_coolr_synthetic,simulated,NASA Open Data (synthetic representation only)
COOLR-SYN-0196,25.627111,91.179204,2009-11-27,rain,rotational_slide,small,Assam,Kamrup,NASA COOLR (synthetic NER),,nasa_coolr_synthetic,simulated,NASA Open Data (synthetic representation only)
COOLR-SYN-0197,24.664102,94.295038,2007-09-20,monsoonal_rain,debris_flow,medium,Manipur,Senapati,NASA COOLR (synthetic NER),,nasa_coolr_synthetic,simulated,NASA Open Data (synthetic representation only)
COOLR-SYN-0198,23.159806,92.785666,2008-06-21,rain,debris_flow,medium,Mizoram,Lunglei,NASA COOLR (synthetic NER),,nasa_coolr_synthetic,simulated,NASA Open Data (synthetic representation only)
COOLR-SYN-0199,24.027094,91.445752,2018-08-02,rain,debris_flow,small,Tripura,West Tripura,NASA COOLR (synthetic NER),,nasa_coolr_synthetic,simulated,NASA Open Data (synthetic representation only)
COOLR-SYN-0200,27.44369,95.212029,2014-11-16,rain,debris_flow,small,Arunachal Pradesh,Lohit,NASA COOLR (synthetic NER),,nasa_coolr_synthetic,simulated,NASA Open Data (synthetic representation only)
COOLR-SYN-0201,26.471519,94.429377,2017-09-24,monsoonal_rain,rockfall,small,Nagaland,Kohima,NASA COOLR (synthetic NER),,nasa_coolr_synthetic,simulated,NASA Open Data (synthetic representation only)
COOLR-SYN-0202,24.771745,94.213224,2012-10-08,human_activity,translational_slide,small,Manipur,Senapati,NASA COOLR (synthetic NER),,nasa_coolr_synthetic,simulated,NASA Open Data (synthetic representation only)
COOLR-SYN-0203,25.301239,92.804486,2011-07-15,earthquake,translational_slide,small,Assam,Cachar,NASA COOLR (synthetic NER),,nasa_coolr_synthetic,simulated,NASA Open Data (synthetic representation only)
COOLR-SYN-0204,25.273217,92.557225,2015-03-10,rain,translational_slide,large,Assam,Cachar,NASA COOLR (synthetic NER),,nasa_coolr_synthetic,simulated,NASA Open Data (synthetic representation only)
COOLR-SYN-0205,26.338813,94.151934,2014-08-11,rain,rockfall,medium,Assam,Karbi Anglong,NASA COOLR (synthetic NER),,nasa_coolr_synthetic,simulated,NASA Open Data (synthetic representation only)
COOLR-SYN-0206,27.423853,88.168576,2011-08-22,rain,mudflow,small,Sikkim,North Sikkim,NASA COOLR (synthetic NER),,nasa_coolr_synthetic,simulated,NASA Open Data (synthetic representation only)
COOLR-SYN-0207,25.556123,92.555088,2012-04-15,unknown,debris_flow,medium,Assam,Cachar,NASA COOLR (synthetic NER),,nasa_coolr_synthetic,simulated,NASA Open Data (synthetic representation only)
COOLR-SYN-0208,23.127361,92.62715,2010-11-25,unknown,debris_flow,small,Mizoram,Aizawl,NASA COOLR (synthetic NER),,nasa_coolr_synthetic,simulated,NASA Open Data (synthetic representation only)
COOLR-SYN-0209,25.72682,92.69056,2019-06-24,rain_and_snowmelt,rockfall,medium,Assam,Cachar,NASA COOLR (synthetic NER),,nasa_coolr_synthetic,simulated,NASA Open Data (synthetic representation only)
COOLR-SYN-0210,27.002463,95.376785,2007-01-27,rain_and_snowmelt,rockfall,small,Arunachal Pradesh,Lohit,NASA COOLR (synthetic NER),,nasa_coolr_synthetic,simulated,NASA Open Data (synthetic representation only)
COOLR-SYN-0211,25.609315,91.173782,2011-08-02,unknown,rotational_slide,small,Assam,Kamrup,NASA COOLR (synthetic NER),,nasa_coolr_synthetic,simulated,NASA Open Data (synthetic representation only)
COOLR-SYN-0212,26.274573,93.975554,2012-07-03,rain,translational_slide,medium,Assam,Karbi Anglong,NASA COOLR (synthetic NER),,nasa_coolr_synthetic,simulated,NASA Open Data (synthetic representation only)
COOLR-SYN-0213,26.314466,94.032862,2021-04-19,human_activity,debris_flow,small,Assam,Dima Hasao,NASA COOLR (synthetic NER),,nasa_coolr_synthetic,simulated,NASA Open Data (synthetic representation only)
COOLR-SYN-0214,26.427097,94.654647,2022-08-14,unknown,rockfall,large,Nagaland,Kohima,NASA COOLR (synthetic NER),,nasa_coolr_synthetic,simulated,NASA Open Data (synthetic representation only)
COOLR-SYN-0215,26.228636,93.022561,2009-10-19,rain,translational_slide,medium,Arunachal Pradesh,East Kameng,NASA COOLR (synthetic NER),,nasa_coolr_synthetic,simulated,NASA Open Data (synthetic representation only)
COOLR-SYN-0216,25.411732,91.059169,2013-09-23,unknown,translational_slide,very_large,Meghalaya,West Khasi Hills,NASA COOLR (synthetic NER),,nasa_coolr_synthetic,simulated,NASA Open Data (synthetic representation only)
COOLR-SYN-0217,25.507243,91.162111,2009-05-03,rain,rockfall,medium,Assam,Kamrup,NASA COOLR (synthetic NER),,nasa_coolr_synthetic,simulated,NASA Open Data (synthetic representation only)
COOLR-SYN-0218,25.50191,92.720002,2018-06-22,rain,rockfall,medium,Assam,Cachar,NASA COOLR (synthetic NER),,nasa_coolr_synthetic,simulated,NASA Open Data (synthetic representation only)
COOLR-SYN-0219,23.100827,92.761805,2015-10-24,rain,rockfall,small,Mizoram,Aizawl,NASA COOLR (synthetic NER),,nasa_coolr_synthetic,simulated,NASA Open Data (synthetic representation only)
COOLR-SYN-0220,24.063971,91.249732,2019-09-03,rain_and_snowmelt,mudflow,medium,Tripura,West Tripura,NASA COOLR (synthetic NER),,nasa_coolr_synthetic,simulated,NASA Open Data (synthetic representation only)
COOLR-SYN-0221,27.325879,91.707225,2007-08-13,earthquake,translational_slide,small,Arunachal Pradesh,Tawang,NASA COOLR (synthetic NER),,nasa_coolr_synthetic,simulated,NASA Open Data (synthetic representation only)
COOLR-SYN-0222,27.65338,88.382327,2016-06-15,rain,rockfall,medium,Sikkim,North Sikkim,NASA COOLR (synthetic NER),,nasa_coolr_synthetic,simulated,NASA Open Data (synthetic representation only)
COOLR-SYN-0223,26.388929,94.82172,2022-08-10,rain,translational_slide,small,Nagaland,Mokokchung,NASA COOLR (synthetic NER),,nasa_coolr_synthetic,simulated,NASA Open Data (synthetic representation only)
COOLR-SYN-0224,25.506381,92.223232,2017-08-16,rain,debris_flow,medium,Meghalaya,East Khasi Hills,NASA COOLR (synthetic NER),,nasa_coolr_synthetic,simulated,NASA Open Data (synthetic representation only)
COOLR-SYN-0225,27.237673,92.810639,2007-08-25,human_activity,mudflow,medium,Arunachal Pradesh,Papum Pare,NASA COOLR (synthetic NER),,nasa_coolr_synthetic,simulated,NASA Open Data (synthetic representation only)
COOLR-SYN-0226,26.573295,93.035681,2015-10-21,human_activity,mudflow,medium,Arunachal Pradesh,East Kameng,NASA COOLR (synthetic NER),,nasa_coolr_synthetic,simulated,NASA Open Data (synthetic representation only)
COOLR-SYN-0227,23.666028,91.68809,2012-09-14,unknown,debris_flow,medium,Tripura,Gomati,NASA COOLR (synthetic NER),,nasa_coolr_synthetic,simulated,NASA Open Data (synthetic representation only)
COOLR-SYN-0228,26.255556,94.878808,2020-11-10,human_activity,translational_slide,small,Nagaland,Mokokchung,NASA COOLR (synthetic NER),,nasa_coolr_synthetic,simulated,NASA Open Data (synthetic representation only)
COOLR-SYN-0229,26.758689,93.14014,2015-07-14,monsoonal_rain,mudflow,small,Arunachal Pradesh,Papum Pare,NASA COOLR (synthetic NER),,nasa_coolr_synthetic,simulated,NASA Open Data (synthetic representation only)
COOLR-SYN-0230,26.3349,92.662369,2020-11-19,rain,translational_slide,medium,Arunachal Pradesh,East Kameng,NASA COOLR (synthetic NER),,nasa_coolr_synthetic,simulated,NASA Open Data (synthetic representation only)
COOLR-SYN-0231,27.584749,95.162986,2009-09-06,rain,translational_slide,very_large,Arunachal Pradesh,Lohit,NASA COOLR (synthetic NER),,nasa_coolr_synthetic,simulated,NASA Open Data (synthetic representation only)
COOLR-SYN-0232,26.313511,94.666411,2016-05-08,rain,translational_slide,very_large,Nagaland,Kohima,NASA COOLR (synthetic NER),,nasa_coolr_synthetic,simulated,NASA Open Data (synthetic representation only)
COOLR-SYN-0233,27.339109,88.255855,2017-07-23,human_activity,mudflow,medium,Sikkim,North Sikkim,NASA COOLR (synthetic NER),,nasa_coolr_synthetic,simulated,NASA Open Data (synthetic representation only)
COOLR-SYN-0234,27.553854,91.588331,2020-06-25,monsoonal_rain,translational_slide,medium,Arunachal Pradesh,Tawang,NASA COOLR (synthetic NER),,nasa_coolr_synthetic,simulated,NASA Open Data (synthetic representation only)
COOLR-SYN-0235,27.581035,95.057585,2015-09-22,rain,translational_slide,medium,Arunachal Pradesh,Lohit,NASA COOLR (synthetic NER),,nasa_coolr_synthetic,simulated,NASA Open Data (synthetic representation only)
COOLR-SYN-0236,25.029545,92.184395,2011-07-15,rain,rotational_slide,medium,Meghalaya,East Khasi Hills,NASA COOLR (synthetic NER),,nasa_coolr_synthetic,simulated,NASA Open Data (synthetic representation only)
COOLR-SYN-0237,26.860379,92.809454,2020-08-19,human_activity,translational_slide,medium,Arunachal Pradesh,Papum Pare,NASA COOLR (synthetic NER),,nasa_coolr_synthetic,simulated,NASA Open Data (synthetic representation only)
COOLR-SYN-0238,26.667077,93.086934,2014-10-19,rain_and_snowmelt,rotational_slide,medium,Arunachal Pradesh,East Kameng,NASA COOLR (synthetic NER),,nasa_coolr_synthetic,simulated,NASA Open Data (synthetic representation only)
COOLR-SYN-0239,25.03829,92.207547,2015-09-15,rain,rotational_slide,small,Meghalaya,East Khasi Hills,NASA COOLR (synthetic NER),,nasa_coolr_synthetic,simulated,NASA Open Data (synthetic representation only)
COOLR-SYN-0240,25.127564,92.28039,2014-11-05,rain,translational_slide,small,Meghalaya,East Khasi Hills,NASA COOLR (synthetic NER),,nasa_coolr_synthetic,simulated,NASA Open Data (synthetic representation only)
COOLR-SYN-0241,23.680512,91.378246,2022-06-22,human_activity,translational_slide,small,Tripura,Gomati,NASA COOLR (synthetic NER),,nasa_coolr_synthetic,simulated,NASA Open Data (synthetic representation only)
COOLR-SYN-0242,23.564151,92.449125,2010-03-19,rain,translational_slide,large,Mizoram,Aizawl,NASA COOLR (synthetic NER),,nasa_coolr_synthetic,simulated,NASA Open Data (synthetic representation only)
COOLR-SYN-0243,27.048573,88.134658,2015-07-16,rain,rotational_slide,small,Sikkim,West Sikkim,NASA COOLR (synthetic NER),,nasa_coolr_synthetic,simulated,NASA Open Data (synthetic representation only)
COOLR-SYN-0244,27.333727,88.577161,2021-07-27,rain,debris_flow,medium,Sikkim,North Sikkim,NASA COOLR (synthetic NER),,nasa_coolr_synthetic,simulated,NASA Open Data (synthetic representation only)
COOLR-SYN-0245,24.995418,94.402101,2018-09-18,unknown,rockfall,small,Manipur,Senapati,NASA COOLR (synthetic NER),,nasa_coolr_synthetic,simulated,NASA Open Data (synthetic representation only)
COOLR-SYN-0246,23.931293,91.34985,2018-10-10,rain_and_snowmelt,debris_flow,medium,Tripura,West Tripura,NASA COOLR (synthetic NER),,nasa_coolr_synthetic,simulated,NASA Open Data (synthetic representation only)
COOLR-SYN-0247,27.336963,91.569294,2010-08-07,rain,rotational_slide,medium,Arunachal Pradesh,Tawang,NASA COOLR (synthetic NER),,nasa_coolr_synthetic,simulated,NASA Open Data (synthetic representation only)
COOLR-SYN-0248,27.638671,88.643487,2010-10-26,monsoonal_rain,rockfall,very_large,Sikkim,North Sikkim,NASA COOLR (synthetic NER),,nasa_coolr_synthetic,simulated,NASA Open Data (synthetic representation only)
COOLR-SYN-0249,27.651498,88.313254,2007-07-24,rain,rotational_slide,large,Sikkim,North Sikkim,NASA COOLR (synthetic NER),,nasa_coolr_synthetic,simulated,NASA Open Data (synthetic representation only)
COOLR-SYN-0250,25.43432,92.319949,2008-11-25,rain,rotational_slide,small,Meghalaya,East Khasi Hills,NASA COOLR (synthetic NER),,nasa_coolr_synthetic,simulated,NASA Open Data (synthetic representation only)
COOLR-SYN-0251,27.072307,88.325602,2014-04-15,rain_and_snowmelt,rotational_slide,small,Sikkim,West Sikkim,NASA COOLR (synthetic NER),,nasa_coolr_synthetic,simulated,NASA Open Data (synthetic representation only)
COOLR-SYN-0252,23.597016,92.987629,2014-08-13,human_activity,translational_slide,medium,Mizoram,Aizawl,NASA COOLR (synthetic NER),,nasa_coolr_synthetic,simulated,NASA Open Data (synthetic representation only)
COOLR-SYN-0253,27.455097,88.59613,2012-06-17,rain,rotational_slide,medium,Sikkim,North Sikkim,NASA COOLR (synthetic NER),,nasa_coolr_synthetic,simulated,NASA Open Data (synthetic representation only)
COOLR-SYN-0254,23.88373,91.580353,2018-09-02,earthquake,debris_flow,large,Tripura,West Tripura,NASA COOLR (synthetic NER),,nasa_coolr_synthetic,simulated,NASA Open Data (synthetic representation only)
COOLR-SYN-0255,24.880962,93.956846,2009-01-06,monsoonal_rain,rotational_slide,very_large,Manipur,Chandel,NASA COOLR (synthetic NER),,nasa_coolr_synthetic,simulated,NASA Open Data (synthetic representation only)
COOLR-SYN-0256,27.313052,88.722607,2012-07-12,earthquake,mudflow,small,Sikkim,East Sikkim,NASA COOLR (synthetic NER),,nasa_coolr_synthetic,simulated,NASA Open Data (synthetic representation only)
COOLR-SYN-0257,23.67983,92.278191,2015-04-13,rain_and_snowmelt,translational_slide,small,Mizoram,Champhai,NASA COOLR (synthetic NER),,nasa_coolr_synthetic,simulated,NASA Open Data (synthetic representation only)
COOLR-SYN-0258,23.40977,91.752041,2008-10-03,unknown,rotational_slide,large,Tripura,Gomati,NASA COOLR (synthetic NER),,nasa_coolr_synthetic,simulated,NASA Open Data (synthetic representation only)
COOLR-SYN-0259,27.411022,88.328546,2012-10-24,rain,mudflow,medium,Sikkim,East Sikkim,NASA COOLR (synthetic NER),,nasa_coolr_synthetic,simulated,NASA Open Data (synthetic representation only)
COOLR-SYN-0260,25.623148,92.83717,2016-10-10,rain,debris_flow,large,Assam,Cachar,NASA COOLR (synthetic NER),,nasa_coolr_synthetic,simulated,NASA Open Data (synthetic representation only)
COOLR-SYN-0261,23.659064,92.454376,2016-10-17,unknown,debris_flow,small,Mizoram,Aizawl,NASA COOLR (synthetic NER),,nasa_coolr_synthetic,simulated,NASA Open Data (synthetic representation only)
COOLR-SYN-0262,26.161343,94.449677,2017-07-10,rain,translational_slide,medium,Nagaland,Kohima,NASA COOLR (synthetic NER),,nasa_coolr_synthetic,simulated,NASA Open Data (synthetic representation only)
COOLR-SYN-0263,27.175637,88.323937,2021-08-17,human_activity,debris_flow,large,Sikkim,East Sikkim,NASA COOLR (synthetic NER),,nasa_coolr_synthetic,simulated,NASA Open Data (synthetic representation only)
COOLR-SYN-0264,23.300929,91.562337,2011-10-07,rain,translational_slide,small,Tripura,Gomati,NASA COOLR (synthetic NER),,nasa_coolr_synthetic,simulated,NASA Open Data (synthetic representation only)
COOLR-SYN-0265,25.780041,91.219827,2014-07-16,unknown,rotational_slide,small,Meghalaya,West Khasi Hills,NASA COOLR (synthetic NER),,nasa_coolr_synthetic,simulated,NASA Open Data (synthetic representation only)
COOLR-SYN-0266,25.008159,94.406568,2011-08-14,rain,rockfall,large,Manipur,Senapati,NASA COOLR (synthetic NER),,nasa_coolr_synthetic,simulated,NASA Open Data (synthetic representation only)
COOLR-SYN-0267,23.864724,91.475844,2020-09-14,unknown,debris_flow,medium,Tripura,West Tripura,NASA COOLR (synthetic NER),,nasa_coolr_synthetic,simulated,NASA Open Data (synthetic representation only)
COOLR-SYN-0268,26.965486,88.449848,2010-07-13,rain,translational_slide,large,Sikkim,West Sikkim,NASA COOLR (synthetic NER),,nasa_coolr_synthetic,simulated,NASA Open Data (synthetic representation only)
COOLR-SYN-0269,24.734707,93.955309,2013-09-24,monsoonal_rain,mudflow,small,Manipur,Chandel,NASA COOLR (synthetic NER),,nasa_coolr_synthetic,simulated,NASA Open Data (synthetic representation only)
COOLR-SYN-0270,26.310615,93.688402,2007-08-12,unknown,rotational_slide,medium,Assam,Karbi Anglong,NASA COOLR (synthetic NER),,nasa_coolr_synthetic,simulated,NASA Open Data (synthetic representation only)
COOLR-SYN-0271,27.01852,88.315952,2021-07-21,rain,rockfall,medium,Sikkim,West Sikkim,NASA COOLR (synthetic NER),,nasa_coolr_synthetic,simulated,NASA Open Data (synthetic representation only)
COOLR-SYN-0272,26.685665,92.97201,2011-05-06,rain,mudflow,medium,Arunachal Pradesh,East Kameng,NASA COOLR (synthetic NER),,nasa_coolr_synthetic,simulated,NASA Open Data (synthetic representation only)
COOLR-SYN-0273,25.466668,90.098704,2012-09-10,rain,translational_slide,small,Meghalaya,South Garo Hills,NASA COOLR (synthetic NER),,nasa_coolr_synthetic,simulated,NASA Open Data (synthetic representation only)
COOLR-SYN-0274,26.033655,93.656133,2013-12-09,unknown,debris_flow,very_large,Assam,Karbi Anglong,NASA COOLR (synthetic NER),,nasa_coolr_synthetic,simulated,NASA Open Data (synthetic representation only)
COOLR-SYN-0275,25.544908,91.042338,2017-05-18,monsoonal_rain,mudflow,small,Meghalaya,West Khasi Hills,NASA COOLR (synthetic NER),,nasa_coolr_synthetic,simulated,NASA Open Data (synthetic representation only)
COOLR-SYN-0276,27.463169,91.807697,2015-08-06,rain,mudflow,medium,Arunachal Pradesh,Tawang,NASA COOLR (synthetic NER),,nasa_coolr_synthetic,simulated,NASA Open Data (synthetic representation only)
COOLR-SYN-0277,24.843194,94.058328,2020-10-14,rain,rotational_slide,medium,Manipur,Chandel,NASA COOLR (synthetic NER),,nasa_coolr_synthetic,simulated,NASA Open Data (synthetic representation only)
COOLR-SYN-0278,27.08487,88.812717,2017-09-07,unknown,mudflow,small,Sikkim,East Sikkim,NASA COOLR (synthetic NER),,nasa_coolr_synthetic,simulated,NASA Open Data (synthetic representation only)
COOLR-SYN-0279,27.568159,95.094375,2021-07-10,earthquake,mudflow,small,Arunachal Pradesh,Lohit,NASA COOLR (synthetic NER),,nasa_coolr_synthetic,simulated,NASA Open Data (synthetic representation only)
COOLR-SYN-0280,26.190973,94.461183,2012-04-03,earthquake,debris_flow,very_large,Nagaland,Mokokchung,NASA COOLR (synthetic NER),,nasa_coolr_synthetic,simulated,NASA Open Data (synthetic representation only)
COOLR-SYN-0281,23.78479,91.736334,2020-08-20,rain,mudflow,small,Tripura,Gomati,NASA COOLR (synthetic NER),,nasa_coolr_synthetic,simulated,NASA Open Data (synthetic representation only)
COOLR-SYN-0282,25.635769,92.878465,2020-08-09,unknown,debris_flow,medium,Assam,Cachar,NASA COOLR (synthetic NER),,nasa_coolr_synthetic,simulated,NASA Open Data (synthetic representation only)
COOLR-SYN-0283,23.147173,92.597876,2016-11-05,earthquake,mudflow,medium,Mizoram,Lunglei,NASA COOLR (synthetic NER),,nasa_coolr_synthetic,simulated,NASA Open Data (synthetic representation only)
COOLR-SYN-0284,23.837451,91.534857,2022-11-01,rain,translational_slide,very_large,Tripura,West Tripura,NASA COOLR (synthetic NER),,nasa_coolr_synthetic,simulated,NASA Open Data (synthetic representation only)
COOLR-SYN-0285,24.292222,93.881791,2010-08-02,earthquake,translational_slide,small,Manipur,Ukhrul,NASA COOLR (synthetic NER),,nasa_coolr_synthetic,simulated,NASA Open Data (synthetic representation only)
COOLR-SYN-0286,22.993096,92.649359,2014-09-10,human_activity,debris_flow,small,Mizoram,Lunglei,NASA COOLR (synthetic NER),,nasa_coolr_synthetic,simulated,NASA Open Data (synthetic representation only)
COOLR-SYN-0287,24.732499,93.827051,2018-10-01,monsoonal_rain,mudflow,small,Manipur,Chandel,NASA COOLR (synthetic NER),,nasa_coolr_synthetic,simulated,NASA Open Data (synthetic representation only)
COOLR-SYN-0288,24.717184,94.33987,2021-09-11,rain,mudflow,large,Manipur,Chandel,NASA COOLR (synthetic NER),,nasa_coolr_synthetic,simulated,NASA Open Data (synthetic representation only)
COOLR-SYN-0289,25.283073,92.773468,2015-11-11,monsoonal_rain,rotational_slide,small,Assam,Cachar,NASA COOLR (synthetic NER),,nasa_coolr_synthetic,simulated,NASA Open Data (synthetic representation only)
COOLR-SYN-0290,25.083248,94.471494,2018-10-11,rain,translational_slide,small,Manipur,Senapati,NASA COOLR (synthetic NER),,nasa_coolr_synthetic,simulated,NASA Open Data (synthetic representation only)
COOLR-SYN-0291,27.505146,92.035496,2021-04-26,monsoonal_rain,rotational_slide,medium,Arunachal Pradesh,Tawang,NASA COOLR (synthetic NER),,nasa_coolr_synthetic,simulated,NASA Open Data (synthetic representation only)
COOLR-SYN-0292,23.648507,91.890346,2014-01-02,human_activity,rockfall,small,Tripura,Gomati,NASA COOLR (synthetic NER),,nasa_coolr_synthetic,simulated,NASA Open Data (synthetic representation only)
COOLR-SYN-0293,25.286509,91.486853,2021-04-10,rain,debris_flow,small,Assam,Kamrup,NASA COOLR (synthetic NER),,nasa_coolr_synthetic,simulated,NASA Open Data (synthetic representation only)
COOLR-SYN-0294,27.281879,93.119678,2008-06-21,human_activity,translational_slide,small,Arunachal Pradesh,Papum Pare,NASA COOLR (synthetic NER),,nasa_coolr_synthetic,simulated,NASA Open Data (synthetic representation only)
COOLR-SYN-0295,26.665114,93.901942,2014-07-25,monsoonal_rain,debris_flow,large,Nagaland,Dimapur,NASA COOLR (synthetic NER),,nasa_coolr_synthetic,simulated,NASA Open Data (synthetic representation only)
COOLR-SYN-0296,26.915645,88.202715,2007-10-23,monsoonal_rain,debris_flow,large,Sikkim,West Sikkim,NASA COOLR (synthetic NER),,nasa_coolr_synthetic,simulated,NASA Open Data (synthetic representation only)
COOLR-SYN-0297,25.202749,91.495359,2012-04-27,rain,translational_slide,medium,Assam,Kamrup,NASA COOLR (synthetic NER),,nasa_coolr_synthetic,simulated,NASA Open Data (synthetic representation only)
COOLR-SYN-0298,27.029077,95.37871,2013-08-21,rain,rockfall,medium,Arunachal Pradesh,Lohit,NASA COOLR (synthetic NER),,nasa_coolr_synthetic,simulated,NASA Open Data (synthetic representation only)
COOLR-SYN-0299,24.574482,94.558584,2016-11-12,rain,rockfall,medium,Manipur,Senapati,NASA COOLR (synthetic NER),,nasa_coolr_synthetic,simulated,NASA Open Data (synthetic representation only)
COOLR-SYN-0300,27.187486,95.428805,2008-10-19,monsoonal_rain,mudflow,small,Arunachal Pradesh,Lohit,NASA COOLR (synthetic NER),,nasa_coolr_synthetic,simulated,NASA Open Data (synthetic representation only)
COOLR-SYN-0301,27.342316,88.450644,2008-08-14,rain,rockfall,medium,Sikkim,North Sikkim,NASA COOLR (synthetic NER),,nasa_coolr_synthetic,simulated,NASA Open Data (synthetic representation only)
COOLR-SYN-0302,25.435139,90.824019,2014-03-17,rain,rotational_slide,small,Meghalaya,West Khasi Hills,NASA COOLR (synthetic NER),,nasa_coolr_synthetic,simulated,NASA Open Data (synthetic representation only)
COOLR-SYN-0303,23.204291,91.574376,2008-08-15,rain,translational_slide,medium,Tripura,Gomati,NASA COOLR (synthetic NER),,nasa_coolr_synthetic,simulated,NASA Open Data (synthetic representation only)
COOLR-SYN-0304,23.777903,92.381941,2012-05-10,monsoonal_rain,debris_flow,small,Mizoram,Champhai,NASA COOLR (synthetic NER),,nasa_coolr_synthetic,simulated,NASA Open Data (synthetic representation only)
COOLR-SYN-0305,25.967915,94.580375,2022-02-18,unknown,translational_slide,small,Nagaland,Kohima,NASA COOLR (synthetic NER),,nasa_coolr_synthetic,simulated,NASA Open Data (synthetic representation only)
COOLR-SYN-0306,27.27077,95.117443,2022-09-21,unknown,mudflow,medium,Arunachal Pradesh,Lohit,NASA COOLR (synthetic NER),,nasa_coolr_synthetic,simulated,NASA Open Data (synthetic representation only)
COOLR-SYN-0307,25.7495,90.317919,2018-07-12,rain_and_snowmelt,rockfall,medium,Meghalaya,South Garo Hills,NASA COOLR (synthetic NER),,nasa_coolr_synthetic,simulated,NASA Open Data (synthetic representation only)
COOLR-SYN-0308,23.016363,92.941479,2014-08-12,human_activity,debris_flow,small,Mizoram,Lunglei,NASA COOLR (synthetic NER),,nasa_coolr_synthetic,simulated,NASA Open Data (synthetic representation only)
COOLR-SYN-0309,25.826465,93.662573,2009-08-04,rain_and_snowmelt,translational_slide,medium,Assam,Karbi Anglong,NASA COOLR (synthetic NER),,nasa_coolr_synthetic,simulated,NASA Open Data (synthetic representation only)
COOLR-SYN-0310,25.641322,90.168945,2007-06-08,earthquake,rotational_slide,small,Meghalaya,South Garo Hills,NASA COOLR (synthetic NER),,nasa_coolr_synthetic,simulated,NASA Open Data (synthetic representation only)
COOLR-SYN-0311,23.654445,91.298248,2008-07-14,human_activity,mudflow,large,Tripura,West Tripura,NASA COOLR (synthetic NER),,nasa_coolr_synthetic,simulated,NASA Open Data (synthetic representation only)
COOLR-SYN-0312,23.555735,92.521431,2019-02-18,earthquake,rotational_slide,small,Mizoram,Champhai,NASA COOLR (synthetic NER),,nasa_coolr_synthetic,simulated,NASA Open Data (synthetic representation only)
COOLR-SYN-0313,24.644979,93.995233,2010-12-10,unknown,debris_flow,very_large,Manipur,Ukhrul,NASA COOLR (synthetic NER),,nasa_coolr_synthetic,simulated,NASA Open Data (synthetic representation only)
COOLR-SYN-0314,23.827505,91.03932,2018-04-06,rain,rockfall,very_large,Tripura,West Tripura,NASA COOLR (synthetic NER),,nasa_coolr_synthetic,simulated,NASA Open Data (synthetic representation only)
COOLR-SYN-0315,25.330724,91.905191,2013-10-10,earthquake,debris_flow,medium,Meghalaya,East Khasi Hills,NASA COOLR (synthetic NER),,nasa_coolr_synthetic,simulated,NASA Open Data (synthetic representation only)
COOLR-SYN-0316,25.741899,90.567386,2020-07-22,rain,debris_flow,small,Meghalaya,South Garo Hills,NASA COOLR (synthetic NER),,nasa_coolr_synthetic,simulated,NASA Open Data (synthetic representation only)
COOLR-SYN-0317,27.329616,88.544822,2013-02-03,rain,rotational_slide,medium,Sikkim,East Sikkim,NASA COOLR (synthetic NER),,nasa_coolr_synthetic,simulated,NASA Open Data (synthetic representation only)
COOLR-SYN-0318,27.035168,88.72249,2010-12-08,rain,rotational_slide,medium,Sikkim,East Sikkim,NASA COOLR (synthetic NER),,nasa_coolr_synthetic,simulated,NASA Open Data (synthetic representation only)
COOLR-SYN-0319,26.158609,94.708144,2012-07-15,monsoonal_rain,rotational_slide,small,Nagaland,Kohima,NASA COOLR (synthetic NER),,nasa_coolr_synthetic,simulated,NASA Open Data (synthetic representation only)
COOLR-SYN-0320,26.216808,93.717887,2020-03-03,unknown,debris_flow,large,Nagaland,Dimapur,NASA COOLR (synthetic NER),,nasa_coolr_synthetic,simulated,NASA Open Data (synthetic representation only)
COOLR-SYN-0321,26.557365,94.131514,2017-07-09,rain,translational_slide,medium,Nagaland,Dimapur,NASA COOLR (synthetic NER),,nasa_coolr_synthetic,simulated,NASA Open Data (synthetic representation only)
COOLR-SYN-0322,25.68813,91.063047,2011-02-10,rain,rotational_slide,small,Meghalaya,West Khasi Hills,NASA COOLR (synthetic NER),,nasa_coolr_synthetic,simulated,NASA Open Data (synthetic representation only)
COOLR-SYN-0323,23.267773,91.684018,2008-08-02,rain,rotational_slide,medium,Tripura,Gomati,NASA COOLR (synthetic NER),,nasa_coolr_synthetic,simulated,NASA Open Data (synthetic representation only)
COOLR-SYN-0324,27.038591,88.508561,2010-09-16,human_activity,translational_slide,large,Sikkim,East Sikkim,NASA COOLR (synthetic NER),,nasa_coolr_synthetic,simulated,NASA Open Data (synthetic representation only)
COOLR-SYN-0325,27.590838,95.170021,2014-07-06,human_activity,translational_slide,large,Arunachal Pradesh,Lohit,NASA COOLR (synthetic NER),,nasa_coolr_synthetic,simulated,NASA Open Data (synthetic representation only)
COOLR-SYN-0326,25.767669,92.542221,2019-04-13,rain,debris_flow,large,Assam,Cachar,NASA COOLR (synthetic NER),,nasa_coolr_synthetic,simulated,NASA Open Data (synthetic representation only)
COOLR-SYN-0327,25.197325,94.285731,2014-02-27,rain_and_snowmelt,rockfall,medium,Manipur,Chandel,NASA COOLR (synthetic NER),,nasa_coolr_synthetic,simulated,NASA Open Data (synthetic representation only)
COOLR-SYN-0328,25.264477,94.104665,2020-10-03,unknown,debris_flow,large,Manipur,Chandel,NASA COOLR (synthetic NER),,nasa_coolr_synthetic,simulated,NASA Open Data (synthetic representation only)
COOLR-SYN-0329,25.34904,91.882164,2020-08-08,rain,debris_flow,small,Meghalaya,East Khasi Hills,NASA COOLR (synthetic NER),,nasa_coolr_synthetic,simulated,NASA Open Data (synthetic representation only)
COOLR-SYN-0330,25.86254,90.521496,2015-09-07,rain,rotational_slide,small,Meghalaya,South Garo Hills,NASA COOLR (synthetic NER),,nasa_coolr_synthetic,simulated,NASA Open Data (synthetic representation only)
COOLR-SYN-0331,23.426179,92.650241,2019-09-24,rain_and_snowmelt,debris_flow,medium,Mizoram,Champhai,NASA COOLR (synthetic NER),,nasa_coolr_synthetic,simulated,NASA Open Data (synthetic representation only)
COOLR-SYN-0332,26.278165,94.186606,2018-07-27,rain,rockfall,medium,Assam,Karbi Anglong,NASA COOLR (synthetic NER),,nasa_coolr_synthetic,simulated,NASA Open Data (synthetic representation only)
COOLR-SYN-0333,27.240682,93.282786,2009-09-26,earthquake,translational_slide,medium,Arunachal Pradesh,Papum Pare,NASA COOLR (synthetic NER),,nasa_coolr_synthetic,simulated,NASA Open Data (synthetic representation only)
COOLR-SYN-0334,23.914963,91.031509,2009-04-19,human_activity,mudflow,medium,Tripura,West Tripura,NASA COOLR (synthetic NER),,nasa_coolr_synthetic,simulated,NASA Open Data (synthetic representation only)
COOLR-SYN-0335,27.193126,88.364493,2008-09-08,rain,translational_slide,small,Sikkim,East Sikkim,NASA COOLR (synthetic NER),,nasa_coolr_synthetic,simulated,NASA Open Data (synthetic representation only)
COOLR-SYN-0336,26.630806,92.585235,2017-10-23,unknown,debris_flow,medium,Arunachal Pradesh,East Kameng,NASA COOLR (synthetic NER),,nasa_coolr_synthetic,simulated,NASA Open Data (synthetic representation only)
COOLR-SYN-0337,26.589509,94.112975,2009-07-20,rain,rockfall,very_large,Nagaland,Dimapur,NASA COOLR (synthetic NER),,nasa_coolr_synthetic,simulated,NASA Open Data (synthetic representation only)
COOLR-SYN-0338,25.896607,94.196367,2021-04-17,rain,translational_slide,medium,Assam,Karbi Anglong,NASA COOLR (synthetic NER),,nasa_coolr_synthetic,simulated,NASA Open Data (synthetic representation only)
COOLR-SYN-0339,25.076033,94.032156,2007-02-10,rain,mudflow,very_large,Manipur,Chandel,NASA COOLR (synthetic NER),,nasa_coolr_synthetic,simulated,NASA Open Data (synthetic representation only)
COOLR-SYN-0340,25.636758,90.196353,2009-02-20,rain,mudflow,small,Meghalaya,South Garo Hills,NASA COOLR (synthetic NER),,nasa_coolr_synthetic,simulated,NASA Open Data (synthetic representation only)
COOLR-SYN-0341,27.36873,88.535613,2016-03-18,rain,rotational_slide,small,Sikkim,East Sikkim,NASA COOLR (synthetic NER),,nasa_coolr_synthetic,simulated,NASA Open Data (synthetic representation only)
COOLR-SYN-0342,23.011329,93.096156,2020-05-20,human_activity,rotational_slide,large,Mizoram,Lunglei,NASA COOLR (synthetic NER),,nasa_coolr_synthetic,simulated,NASA Open Data (synthetic representation only)
COOLR-SYN-0343,23.644984,92.928216,2021-07-05,monsoonal_rain,mudflow,medium,Mizoram,Aizawl,NASA COOLR (synthetic NER),,nasa_coolr_synthetic,simulated,NASA Open Data (synthetic representation only)
COOLR-SYN-0344,24.745738,94.383847,2007-05-11,rain,rotational_slide,medium,Manipur,Chandel,NASA COOLR (synthetic NER),,nasa_coolr_synthetic,simulated,NASA Open Data (synthetic representation only)
COOLR-SYN-0345,26.237549,93.75698,2009-07-12,monsoonal_rain,rockfall,large,Assam,Karbi Anglong,NASA COOLR (synthetic NER),,nasa_coolr_synthetic,simulated,NASA Open Data (synthetic representation only)
COOLR-SYN-0346,23.427275,92.819983,2018-11-25,rain,debris_flow,small,Mizoram,Aizawl,NASA COOLR (synthetic NER),,nasa_coolr_synthetic,simulated,NASA Open Data (synthetic representation only)
COOLR-SYN-0347,25.65353,90.39576,2007-08-04,unknown,mudflow,small,Meghalaya,South Garo Hills,NASA COOLR (synthetic NER),,nasa_coolr_synthetic,simulated,NASA Open Data (synthetic representation only)
COOLR-SYN-0348,23.969086,91.212328,2012-06-07,rain,rotational_slide,medium,Tripura,West Tripura,NASA COOLR (synthetic NER),,nasa_coolr_synthetic,simulated,NASA Open Data (synthetic representation only)
COOLR-SYN-0349,27.334177,88.163037,2015-05-26,earthquake,translational_slide,small,Sikkim,North Sikkim,NASA COOLR (synthetic NER),,nasa_coolr_synthetic,simulated,NASA Open Data (synthetic representation only)
COOLR-SYN-0350,28.032464,94.635195,2022-05-21,rain,translational_slide,medium,Arunachal Pradesh,Upper Siang,NASA COOLR (synthetic NER),,nasa_coolr_synthetic,simulated,NASA Open Data (synthetic representation only)
COOLR-SYN-0351,23.204374,91.840291,2010-06-10,rain_and_snowmelt,rotational_slide,very_large,Tripura,Gomati,NASA COOLR (synthetic NER),,nasa_coolr_synthetic,simulated,NASA Open Data (synthetic representation only)
COOLR-SYN-0352,26.147572,94.579899,2021-08-04,rain,rotational_slide,small,Nagaland,Kohima,NASA COOLR (synthetic NER),,nasa_coolr_synthetic,simulated,NASA Open Data (synthetic representation only)
COOLR-SYN-0353,23.565285,91.128566,2015-09-25,rain,debris_flow,large,Tripura,West Tripura,NASA COOLR (synthetic NER),,nasa_coolr_synthetic,simulated,NASA Open Data (synthetic representation only)
COOLR-SYN-0354,26.181694,92.831952,2017-10-13,monsoonal_rain,rockfall,large,Arunachal Pradesh,East Kameng,NASA COOLR (synthetic NER),,nasa_coolr_synthetic,simulated,NASA Open Data (synthetic representation only)
COOLR-SYN-0355,27.183275,93.008145,2019-06-01,rain_and_snowmelt,mudflow,medium,Arunachal Pradesh,Papum Pare,NASA COOLR (synthetic NER),,nasa_coolr_synthetic,simulated,NASA Open Data (synthetic representation only)
COOLR-SYN-0356,26.307376,93.778406,2011-07-21,rain,mudflow,large,Nagaland,Dimapur,NASA COOLR (synthetic NER),,nasa_coolr_synthetic,simulated,NASA Open Data (synthetic representation only)
COOLR-SYN-0357,23.725361,91.327159,2017-11-14,rain,rockfall,medium,Tripura,Gomati,NASA COOLR (synthetic NER),,nasa_coolr_synthetic,simulated,NASA Open Data (synthetic representation only)
COOLR-SYN-0358,23.805017,91.21718,2016-07-02,earthquake,rotational_slide,medium,Tripura,West Tripura,NASA COOLR (synthetic NER),,nasa_coolr_synthetic,simulated,NASA Open Data (synthetic representation only)
COOLR-SYN-0359,25.911437,94.658203,2012-09-03,rain,translational_slide,medium,Nagaland,Kohima,NASA COOLR (synthetic NER),,nasa_coolr_synthetic,simulated,NASA Open Data (synthetic representation only)
COOLR-SYN-0360,23.101828,92.659419,2022-04-12,rain,rockfall,medium,Mizoram,Aizawl,NASA COOLR (synthetic NER),,nasa_coolr_synthetic,simulated,NASA Open Data (synthetic representation only)
COOLR-SYN-0361,25.136944,93.842672,2012-08-03,earthquake,mudflow,medium,Manipur,Chandel,NASA COOLR (synthetic NER),,nasa_coolr_synthetic,simulated,NASA Open Data (synthetic representation only)
COOLR-SYN-0362,26.068949,94.559202,2007-09-20,rain,debris_flow,small,Nagaland,Mokokchung,NASA COOLR (synthetic NER),,nasa_coolr_synthetic,simulated,NASA Open Data (synthetic representation only)
COOLR-SYN-0363,27.426557,88.323191,2015-06-15,monsoonal_rain,debris_flow,small,Sikkim,West Sikkim,NASA COOLR (synthetic NER),,nasa_coolr_synthetic,simulated,NASA Open Data (synthetic representation only)
COOLR-SYN-0364,27.517955,95.094257,2022-08-21,rain,rotational_slide,medium,Arunachal Pradesh,Lohit,NASA COOLR (synthetic NER),,nasa_coolr_synthetic,simulated,NASA Open Data (synthetic representation only)
COOLR-SYN-0365,25.193458,93.869163,2012-02-11,rain,translational_slide,small,Manipur,Chandel,NASA COOLR (synthetic NER),,nasa_coolr_synthetic,simulated,NASA Open Data (synthetic representation only)
COOLR-SYN-0366,24.607165,93.823423,2022-02-08,rain,debris_flow,medium,Manipur,Ukhrul,NASA COOLR (synthetic NER),,nasa_coolr_synthetic,simulated,NASA Open Data (synthetic representation only)
COOLR-SYN-0367,25.057259,92.102333,2009-10-03,earthquake,mudflow,large,Meghalaya,East Khasi Hills,NASA COOLR (synthetic NER),,nasa_coolr_synthetic,simulated,NASA Open Data (synthetic representation only)
COOLR-SYN-0368,26.588308,94.036104,2012-12-19,rain,rockfall,small,Nagaland,Dimapur,NASA COOLR (synthetic NER),,nasa_coolr_synthetic,simulated,NASA Open Data (synthetic representation only)
COOLR-SYN-0369,26.472068,94.100679,2021-06-11,unknown,mudflow,small,Assam,Dima Hasao,NASA COOLR (synthetic NER),,nasa_coolr_synthetic,simulated,NASA Open Data (synthetic representation only)
COOLR-SYN-0370,25.149052,91.238878,2016-04-22,human_activity,rockfall,very_large,Assam,Kamrup,NASA COOLR (synthetic NER),,nasa_coolr_synthetic,simulated,NASA Open Data (synthetic representation only)
COOLR-SYN-0371,23.7858,91.035676,2021-11-27,unknown,rotational_slide,medium,Tripura,West Tripura,NASA COOLR (synthetic NER),,nasa_coolr_synthetic,simulated,NASA Open Data (synthetic representation only)
COOLR-SYN-0372,27.329449,88.69662,2020-09-03,rain,mudflow,large,Sikkim,North Sikkim,NASA COOLR (synthetic NER),,nasa_coolr_synthetic,simulated,NASA Open Data (synthetic representation only)
COOLR-SYN-0373,27.708692,88.330062,2010-04-07,rain,translational_slide,small,Sikkim,North Sikkim,NASA COOLR (synthetic NER),,nasa_coolr_synthetic,simulated,NASA Open Data (synthetic representation only)
COOLR-SYN-0374,25.120036,91.368336,2011-06-07,rain,mudflow,medium,Assam,Kamrup,NASA COOLR (synthetic NER),,nasa_coolr_synthetic,simulated,NASA Open Data (synthetic representation only)
COOLR-SYN-0375,25.212274,93.847802,2013-02-08,rain,translational_slide,small,Manipur,Chandel,NASA COOLR (synthetic NER),,nasa_coolr_synthetic,simulated,NASA Open Data (synthetic representation only)
COOLR-SYN-0376,26.491056,94.541312,2007-02-01,rain,mudflow,small,Nagaland,Kohima,NASA COOLR (synthetic NER),,nasa_coolr_synthetic,simulated,NASA Open Data (synthetic representation only)
COOLR-SYN-0377,23.852251,92.441076,2019-10-11,rain_and_snowmelt,translational_slide,medium,Mizoram,Champhai,NASA COOLR (synthetic NER),,nasa_coolr_synthetic,simulated,NASA Open Data (synthetic representation only)
COOLR-SYN-0378,23.491109,92.513273,2007-09-27,rain,mudflow,small,Mizoram,Champhai,NASA COOLR (synthetic NER),,nasa_coolr_synthetic,simulated,NASA Open Data (synthetic representation only)
COOLR-SYN-0379,27.506916,92.033154,2018-12-06,rain,rockfall,medium,Arunachal Pradesh,Tawang,NASA COOLR (synthetic NER),,nasa_coolr_synthetic,simulated,NASA Open Data (synthetic representation only)
COOLR-SYN-0380,25.639007,92.449569,2016-08-17,monsoonal_rain,translational_slide,medium,Assam,Cachar,NASA COOLR (synthetic NER),,nasa_coolr_synthetic,simulated,NASA Open Data (synthetic representation only)
COOLR-SYN-0381,27.605003,91.7562,2007-05-17,earthquake,rotational_slide,large,Arunachal Pradesh,Tawang,NASA COOLR (synthetic NER),,nasa_coolr_synthetic,simulated,NASA Open Data (synthetic representation only)
COOLR-SYN-0382,25.446489,92.947694,2009-08-25,rain,mudflow,medium,Assam,Cachar,NASA COOLR (synthetic NER),,nasa_coolr_synthetic,simulated,NASA Open Data (synthetic representation only)
COOLR-SYN-0383,26.370458,94.231615,2015-01-27,rain,rotational_slide,large,Nagaland,Kohima,NASA COOLR (synthetic NER),,nasa_coolr_synthetic,simulated,NASA Open Data (synthetic representation only)
COOLR-SYN-0384,24.751217,94.432181,2010-10-09,rain,mudflow,small,Manipur,Senapati,NASA COOLR (synthetic NER),,nasa_coolr_synthetic,simulated,NASA Open Data (synthetic representation only)
COOLR-SYN-0385,26.569519,93.927218,2013-08-12,monsoonal_rain,rockfall,large,Assam,Dima Hasao,NASA COOLR (synthetic NER),,nasa_coolr_synthetic,simulated,NASA Open Data (synthetic representation only)
COOLR-SYN-0386,25.441562,90.457033,2018-08-04,rain,mudflow,small,Meghalaya,South Garo Hills,NASA COOLR (synthetic NER),,nasa_coolr_synthetic,simulated,NASA Open Data (synthetic representation only)
COOLR-SYN-0387,25.237342,94.37202,2016-09-11,rain,rotational_slide,large,Manipur,Chandel,NASA COOLR (synthetic NER),,nasa_coolr_synthetic,simulated,NASA Open Data (synthetic representation only)
COOLR-SYN-0388,26.560779,94.443532,2010-06-23,earthquake,rockfall,small,Nagaland,Mokokchung,NASA COOLR (synthetic NER),,nasa_coolr_synthetic,simulated,NASA Open Data (synthetic representation only)
COOLR-SYN-0389,26.185608,94.578075,2022-08-19,rain,rockfall,large,Nagaland,Mokokchung,NASA COOLR (synthetic NER),,nasa_coolr_synthetic,simulated,NASA Open Data (synthetic representation only)
COOLR-SYN-0390,26.532628,94.53688,2018-05-27,rain,rockfall,medium,Nagaland,Mokokchung,NASA COOLR (synthetic NER),,nasa_coolr_synthetic,simulated,NASA Open Data (synthetic representation only)
COOLR-SYN-0391,27.873862,91.917674,2011-09-05,earthquake,rockfall,large,Arunachal Pradesh,Tawang,NASA COOLR (synthetic NER),,nasa_coolr_synthetic,simulated,NASA Open Data (synthetic representation only)
COOLR-SYN-0392,27.580967,91.738933,2015-08-14,rain,translational_slide,large,Arunachal Pradesh,Tawang,NASA COOLR (synthetic NER),,nasa_coolr_synthetic,simulated,NASA Open Data (synthetic representation only)
COOLR-SYN-0393,23.755369,91.332443,2009-09-05,human_activity,debris_flow,small,Tripura,West Tripura,NASA COOLR (synthetic NER),,nasa_coolr_synthetic,simulated,NASA Open Data (synthetic representation only)
COOLR-SYN-0394,26.027049,94.854326,2012-06-17,rain,mudflow,large,Nagaland,Mokokchung,NASA COOLR (synthetic NER),,nasa_coolr_synthetic,simulated,NASA Open Data (synthetic representation only)
COOLR-SYN-0395,25.264346,91.596465,2022-05-19,rain,mudflow,medium,Assam,Kamrup,NASA COOLR (synthetic NER),,nasa_coolr_synthetic,simulated,NASA Open Data (synthetic representation only)
COOLR-SYN-0396,23.170667,92.56145,2011-07-11,rain,mudflow,medium,Mizoram,Lunglei,NASA COOLR (synthetic NER),,nasa_coolr_synthetic,simulated,NASA Open Data (synthetic representation only)
COOLR-SYN-0397,27.109436,94.927682,2021-06-18,rain,debris_flow,medium,Arunachal Pradesh,Lohit,NASA COOLR (synthetic NER),,nasa_coolr_synthetic,simulated,NASA Open Data (synthetic representation only)
COOLR-SYN-0398,26.709383,92.988275,2020-10-26,rain,debris_flow,medium,Arunachal Pradesh,Papum Pare,NASA COOLR (synthetic NER),,nasa_coolr_synthetic,simulated,NASA Open Data (synthetic representation only)
COOLR-SYN-0399,27.586511,88.793293,2008-08-21,human_activity,rotational_slide,medium,Sikkim,East Sikkim,NASA COOLR (synthetic NER),,nasa_coolr_synthetic,simulated,NASA Open Data (synthetic representation only)
COOLR-SYN-0400,25.039514,92.399086,2017-06-06,unknown,rockfall,very_large,Meghalaya,East Khasi Hills,NASA COOLR (synthetic NER),,nasa_coolr_synthetic,simulated,NASA Open Data (synthetic representation only)
COOLR-SYN-0401,25.660488,92.819329,2018-09-24,rain,mudflow,medium,Assam,Cachar,NASA COOLR (synthetic NER),,nasa_coolr_synthetic,simulated,NASA Open Data (synthetic representation only)
COOLR-SYN-0402,25.697971,91.442798,2007-05-08,rain,debris_flow,medium,Assam,Kamrup,NASA COOLR (synthetic NER),,nasa_coolr_synthetic,simulated,NASA Open Data (synthetic representation only)
COOLR-SYN-0403,23.311937,92.70442,2016-07-06,unknown,rockfall,large,Mizoram,Aizawl,NASA COOLR (synthetic NER),,nasa_coolr_synthetic,simulated,NASA Open Data (synthetic representation only)
COOLR-SYN-0404,25.457742,91.389196,2013-08-01,rain,mudflow,medium,Assam,Kamrup,NASA COOLR (synthetic NER),,nasa_coolr_synthetic,simulated,NASA Open Data (synthetic representation only)
COOLR-SYN-0405,22.794008,92.710896,2022-08-23,unknown,translational_slide,medium,Mizoram,Lunglei,NASA COOLR (synthetic NER),,nasa_coolr_synthetic,simulated,NASA Open Data (synthetic representation only)
COOLR-SYN-0406,27.722245,91.733169,2008-06-16,rain,rockfall,medium,Arunachal Pradesh,Tawang,NASA COOLR (synthetic NER),,nasa_coolr_synthetic,simulated,NASA Open Data (synthetic representation only)
COOLR-SYN-0407,24.948219,94.026896,2016-09-15,earthquake,rockfall,medium,Manipur,Chandel,NASA COOLR (synthetic NER),,nasa_coolr_synthetic,simulated,NASA Open Data (synthetic representation only)
COOLR-SYN-0408,25.926748,90.514395,2010-06-18,monsoonal_rain,mudflow,small,Meghalaya,South Garo Hills,NASA COOLR (synthetic NER),,nasa_coolr_synthetic,simulated,NASA Open Data (synthetic representation only)
COOLR-SYN-0409,24.708345,93.642326,2019-08-09,unknown,rotational_slide,large,Manipur,Ukhrul,NASA COOLR (synthetic NER),,nasa_coolr_synthetic,simulated,NASA Open Data (synthetic representation only)
COOLR-SYN-0410,23.917037,92.773283,2009-08-27,rain_and_snowmelt,rotational_slide,large,Mizoram,Champhai,NASA COOLR (synthetic NER),,nasa_coolr_synthetic,simulated,NASA Open Data (synthetic representation only)
COOLR-SYN-0411,23.126416,92.54227,2009-09-02,human_activity,debris_flow,small,Mizoram,Aizawl,NASA COOLR (synthetic NER),,nasa_coolr_synthetic,simulated,NASA Open Data (synthetic representation only)
COOLR-SYN-0412,25.206105,91.888713,2011-07-20,rain_and_snowmelt,rotational_slide,small,Meghalaya,East Khasi Hills,NASA COOLR (synthetic NER),,nasa_coolr_synthetic,simulated,NASA Open Data (synthetic representation only)
COOLR-SYN-0413,27.161993,92.924412,2015-08-20,unknown,rockfall,small,Arunachal Pradesh,Papum Pare,NASA COOLR (synthetic NER),,nasa_coolr_synthetic,simulated,NASA Open Data (synthetic representation only)
COOLR-SYN-0414,25.682166,91.216671,2011-08-24,rain_and_snowmelt,rotational_slide,small,Assam,Kamrup,NASA COOLR (synthetic NER),,nasa_coolr_synthetic,simulated,NASA Open Data (synthetic representation only)
COOLR-SYN-0415,25.542099,90.917154,2009-08-22,rain,mudflow,small,Meghalaya,West Khasi Hills,NASA COOLR (synthetic NER),,nasa_coolr_synthetic,simulated,NASA Open Data (synthetic representation only)
COOLR-SYN-0416,24.369156,93.99369,2013-07-05,rain,mudflow,medium,Manipur,Ukhrul,NASA COOLR (synthetic NER),,nasa_coolr_synthetic,simulated,NASA Open Data (synthetic representation only)
COOLR-SYN-0417,25.257396,90.89337,2010-03-27,rain_and_snowmelt,mudflow,very_large,Meghalaya,West Khasi Hills,NASA COOLR (synthetic NER),,nasa_coolr_synthetic,simulated,NASA Open Data (synthetic representation only)
COOLR-SYN-0418,27.04203,93.089913,2021-01-17,rain,translational_slide,medium,Arunachal Pradesh,Papum Pare,NASA COOLR (synthetic NER),,nasa_coolr_synthetic,simulated,NASA Open Data (synthetic representation only)
COOLR-SYN-0419,26.633441,93.702834,2016-07-22,earthquake,rockfall,very_large,Nagaland,Dimapur,NASA COOLR (synthetic NER),,nasa_coolr_synthetic,simulated,NASA Open Data (synthetic representation only)
COOLR-SYN-0420,26.323508,92.779415,2017-07-14,earthquake,debris_flow,medium,Arunachal Pradesh,East Kameng,NASA COOLR (synthetic NER),,nasa_coolr_synthetic,simulated,NASA Open Data (synthetic representation only)
COOLR-SYN-0421,23.833152,91.201635,2019-07-10,rain,rockfall,small,Tripura,West Tripura,NASA COOLR (synthetic NER),,nasa_coolr_synthetic,simulated,NASA Open Data (synthetic representation only)
COOLR-SYN-0422,24.788087,94.161728,2013-05-15,rain,debris_flow,very_large,Manipur,Chandel,NASA COOLR (synthetic NER),,nasa_coolr_synthetic,simulated,NASA Open Data (synthetic representation only)
COOLR-SYN-0423,23.697613,91.469483,2013-09-24,earthquake,rotational_slide,small,Tripura,Gomati,NASA COOLR (synthetic NER),,nasa_coolr_synthetic,simulated,NASA Open Data (synthetic representation only)
COOLR-SYN-0424,25.599841,91.131477,2012-07-23,rain_and_snowmelt,rotational_slide,small,Meghalaya,West Khasi Hills,NASA COOLR (synthetic NER),,nasa_coolr_synthetic,simulated,NASA Open Data (synthetic representation only)
COOLR-SYN-0425,26.787905,94.486683,2021-02-11,unknown,translational_slide,large,Assam,Dima Hasao,NASA COOLR (synthetic NER),,nasa_coolr_synthetic,simulated,NASA Open Data (synthetic representation only)
COOLR-SYN-0426,27.572122,88.360768,2017-04-02,rain,rockfall,small,Sikkim,East Sikkim,NASA COOLR (synthetic NER),,nasa_coolr_synthetic,simulated,NASA Open Data (synthetic representation only)
COOLR-SYN-0427,26.213622,93.917535,2015-08-11,rain,debris_flow,medium,Assam,Karbi Anglong,NASA COOLR (synthetic NER),,nasa_coolr_synthetic,simulated,NASA Open Data (synthetic representation only)
COOLR-SYN-0428,27.875127,91.962094,2020-04-21,unknown,translational_slide,medium,Arunachal Pradesh,Tawang,NASA COOLR (synthetic NER),,nasa_coolr_synthetic,simulated,NASA Open Data (synthetic representation only)
COOLR-SYN-0429,25.273105,94.373269,2014-09-25,monsoonal_rain,rotational_slide,medium,Manipur,Chandel,NASA COOLR (synthetic NER),,nasa_coolr_synthetic,simulated,NASA Open Data (synthetic representation only)
COOLR-SYN-0430,24.33189,93.901898,2022-08-26,rain,rotational_slide,medium,Manipur,Ukhrul,NASA COOLR (synthetic NER),,nasa_coolr_synthetic,simulated,NASA Open Data (synthetic representation only)
COOLR-SYN-0431,25.352625,91.669664,2015-09-14,earthquake,rockfall,medium,Assam,Kamrup,NASA COOLR (synthetic NER),,nasa_coolr_synthetic,simulated,NASA Open Data (synthetic representation only)
COOLR-SYN-0432,26.367147,94.037113,2016-06-10,rain,rockfall,small,Nagaland,Dimapur,NASA COOLR (synthetic NER),,nasa_coolr_synthetic,simulated,NASA Open Data (synthetic representation only)
COOLR-SYN-0433,24.223494,93.938192,2020-06-01,rain,rockfall,small,Manipur,Ukhrul,NASA COOLR (synthetic NER),,nasa_coolr_synthetic,simulated,NASA Open Data (synthetic representation only)
COOLR-SYN-0434,28.394788,94.867647,2020-08-22,rain,debris_flow,small,Arunachal Pradesh,Upper Siang,NASA COOLR (synthetic NER),,nasa_coolr_synthetic,simulated,NASA Open Data (synthetic representation only)
COOLR-SYN-0435,25.927932,90.006111,2018-07-04,rain,rotational_slide,medium,Meghalaya,South Garo Hills,NASA COOLR (synthetic NER),,nasa_coolr_synthetic,simulated,NASA Open Data (synthetic representation only)
COOLR-SYN-0436,27.726265,91.883381,2015-07-16,monsoonal_rain,rockfall,small,Arunachal Pradesh,Tawang,NASA COOLR (synthetic NER),,nasa_coolr_synthetic,simulated,NASA Open Data (synthetic representation only)
COOLR-SYN-0437,23.421764,92.982796,2021-11-12,rain,rotational_slide,medium,Mizoram,Aizawl,NASA COOLR (synthetic NER),,nasa_coolr_synthetic,simulated,NASA Open Data (synthetic representation only)
COOLR-SYN-0438,25.407859,91.131603,2012-09-09,unknown,rockfall,medium,Assam,Kamrup,NASA COOLR (synthetic NER),,nasa_coolr_synthetic,simulated,NASA Open Data (synthetic representation only)
COOLR-SYN-0439,27.161946,92.78918,2018-07-23,rain,mudflow,medium,Arunachal Pradesh,Papum Pare,NASA COOLR (synthetic NER),,nasa_coolr_synthetic,simulated,NASA Open Data (synthetic representation only)
COOLR-SYN-0440,25.560815,90.030035,2021-08-07,rain_and_snowmelt,mudflow,large,Meghalaya,South Garo Hills,NASA COOLR (synthetic NER),,nasa_coolr_synthetic,simulated,NASA Open Data (synthetic representation only)
COOLR-SYN-0441,27.208221,88.29847,2011-09-26,earthquake,translational_slide,large,Sikkim,North Sikkim,NASA COOLR (synthetic NER),,nasa_coolr_synthetic,simulated,NASA Open Data (synthetic representation only)
COOLR-SYN-0442,24.315069,93.980165,2011-07-16,rain,rotational_slide,small,Manipur,Ukhrul,NASA COOLR (synthetic NER),,nasa_coolr_synthetic,simulated,NASA Open Data (synthetic representation only)
COOLR-SYN-0443,25.695629,90.789538,2021-08-15,rain,rotational_slide,medium,Meghalaya,West Khasi Hills,NASA COOLR (synthetic NER),,nasa_coolr_synthetic,simulated,NASA Open Data (synthetic representation only)
COOLR-SYN-0444,22.692904,92.509077,2009-11-11,rain,debris_flow,small,Mizoram,Lunglei,NASA COOLR (synthetic NER),,nasa_coolr_synthetic,simulated,NASA Open Data (synthetic representation only)
COOLR-SYN-0445,27.041215,88.822841,2013-08-20,human_activity,rockfall,large,Sikkim,East Sikkim,NASA COOLR (synthetic NER),,nasa_coolr_synthetic,simulated,NASA Open Data (synthetic representation only)
COOLR-SYN-0446,27.707093,91.912763,2012-07-11,earthquake,rockfall,small,Arunachal Pradesh,Tawang,NASA COOLR (synthetic NER),,nasa_coolr_synthetic,simulated,NASA Open Data (synthetic representation only)
COOLR-SYN-0447,25.173527,92.10649,2020-06-21,monsoonal_rain,debris_flow,small,Meghalaya,East Khasi Hills,NASA COOLR (synthetic NER),,nasa_coolr_synthetic,simulated,NASA Open Data (synthetic representation only)
COOLR-SYN-0448,24.790857,94.103368,2021-09-11,unknown,rockfall,medium,Manipur,Chandel,NASA COOLR (synthetic NER),,nasa_coolr_synthetic,simulated,NASA Open Data (synthetic representation only)
COOLR-SYN-0449,24.576809,94.431726,2015-12-09,unknown,rotational_slide,large,Manipur,Senapati,NASA COOLR (synthetic NER),,nasa_coolr_synthetic,simulated,NASA Open Data (synthetic representation only)
COOLR-SYN-0450,26.114987,94.939836,2013-08-11,rain,rotational_slide,medium,Nagaland,Mokokchung,NASA COOLR (synthetic NER),,nasa_coolr_synthetic,simulated,NASA Open Data (synthetic representation only)
COOLR-SYN-0451,26.136778,94.429648,2011-07-05,monsoonal_rain,mudflow,small,Nagaland,Mokokchung,NASA COOLR (synthetic NER),,nasa_coolr_synthetic,simulated,NASA Open Data (synthetic representation only)
COOLR-SYN-0452,23.564112,92.249158,2018-02-15,earthquake,mudflow,small,Mizoram,Champhai,NASA COOLR (synthetic NER),,nasa_coolr_synthetic,simulated,NASA Open Data (synthetic representation only)
COOLR-SYN-0453,25.100382,91.831161,2012-08-13,monsoonal_rain,rotational_slide,medium,Meghalaya,East Khasi Hills,NASA COOLR (synthetic NER),,nasa_coolr_synthetic,simulated,NASA Open Data (synthetic representation only)
COOLR-SYN-0454,23.094255,92.755249,2018-08-09,earthquake,rockfall,small,Mizoram,Lunglei,NASA COOLR (synthetic NER),,nasa_coolr_synthetic,simulated,NASA Open Data (synthetic representation only)
COOLR-SYN-0455,27.488989,88.643104,2012-09-14,rain,rockfall,medium,Sikkim,East Sikkim,NASA COOLR (synthetic NER),,nasa_coolr_synthetic,simulated,NASA Open Data (synthetic representation only)
COOLR-SYN-0456,25.563703,92.692841,2011-04-27,rain_and_snowmelt,rockfall,very_large,Assam,Cachar,NASA COOLR (synthetic NER),,nasa_coolr_synthetic,simulated,NASA Open Data (synthetic representation only)
COOLR-SYN-0457,23.495224,91.402445,2012-08-26,rain,debris_flow,medium,Tripura,Gomati,NASA COOLR (synthetic NER),,nasa_coolr_synthetic,simulated,NASA Open Data (synthetic representation only)
COOLR-SYN-0458,26.391438,94.267798,2007-05-20,rain,debris_flow,medium,Assam,Dima Hasao,NASA COOLR (synthetic NER),,nasa_coolr_synthetic,simulated,NASA Open Data (synthetic representation only)
COOLR-SYN-0459,27.595247,88.736231,2008-07-19,rain,translational_slide,medium,Sikkim,East Sikkim,NASA COOLR (synthetic NER),,nasa_coolr_synthetic,simulated,NASA Open Data (synthetic representation only)
COOLR-SYN-0460,27.846185,94.469822,2021-06-25,unknown,mudflow,large,Arunachal Pradesh,Upper Siang,NASA COOLR (synthetic NER),,nasa_coolr_synthetic,simulated,NASA Open Data (synthetic representation only)
COOLR-SYN-0461,25.36292,91.35614,2018-10-02,rain,rotational_slide,large,Assam,Kamrup,NASA COOLR (synthetic NER),,nasa_coolr_synthetic,simulated,NASA Open Data (synthetic representation only)
COOLR-SYN-0462,25.578652,90.999086,2020-12-11,rain,mudflow,large,Meghalaya,West Khasi Hills,NASA COOLR (synthetic NER),,nasa_coolr_synthetic,simulated,NASA Open Data (synthetic representation only)
COOLR-SYN-0463,26.227247,94.266831,2021-07-13,rain,rotational_slide,large,Nagaland,Kohima,NASA COOLR (synthetic NER),,nasa_coolr_synthetic,simulated,NASA Open Data (synthetic representation only)
COOLR-SYN-0464,24.431858,93.675549,2020-06-01,rain,mudflow,small,Manipur,Ukhrul,NASA COOLR (synthetic NER),,nasa_coolr_synthetic,simulated,NASA Open Data (synthetic representation only)
COOLR-SYN-0465,26.372052,94.949253,2019-08-13,rain_and_snowmelt,translational_slide,very_large,Nagaland,Mokokchung,NASA COOLR (synthetic NER),,nasa_coolr_synthetic,simulated,NASA Open Data (synthetic representation only)
COOLR-SYN-0466,27.58923,91.565785,2013-06-24,rain,mudflow,medium,Arunachal Pradesh,Tawang,NASA COOLR (synthetic NER),,nasa_coolr_synthetic,simulated,NASA Open Data (synthetic representation only)
COOLR-SYN-0467,26.248443,94.709748,2018-08-23,rain,rockfall,very_large,Nagaland,Mokokchung,NASA COOLR (synthetic NER),,nasa_coolr_synthetic,simulated,NASA Open Data (synthetic representation only)
COOLR-SYN-0468,25.409447,92.20829,2011-08-15,unknown,rotational_slide,medium,Meghalaya,East Khasi Hills,NASA COOLR (synthetic NER),,nasa_coolr_synthetic,simulated,NASA Open Data (synthetic representation only)
COOLR-SYN-0469,25.913958,90.537562,2010-06-25,rain,translational_slide,medium,Meghalaya,South Garo Hills,NASA COOLR (synthetic NER),,nasa_coolr_synthetic,simulated,NASA Open Data (synthetic representation only)
COOLR-SYN-0470,23.681463,91.250463,2009-09-06,human_activity,rotational_slide,small,Tripura,West Tripura,NASA COOLR (synthetic NER),,nasa_coolr_synthetic,simulated,NASA Open Data (synthetic representation only)
COOLR-SYN-0471,25.195952,91.468073,2021-09-10,rain,translational_slide,small,Assam,Kamrup,NASA COOLR (synthetic NER),,nasa_coolr_synthetic,simulated,NASA Open Data (synthetic representation only)
COOLR-SYN-0472,26.291126,93.677818,2011-10-02,monsoonal_rain,rotational_slide,large,Assam,Karbi Anglong,NASA COOLR (synthetic NER),,nasa_coolr_synthetic,simulated,NASA Open Data (synthetic representation only)
COOLR-SYN-0473,27.099095,88.635416,2008-05-02,rain,translational_slide,small,Sikkim,East Sikkim,NASA COOLR (synthetic NER),,nasa_coolr_synthetic,simulated,NASA Open Data (synthetic representation only)
COOLR-SYN-0474,23.237129,92.438194,2011-11-22,rain,rockfall,small,Mizoram,Aizawl,NASA COOLR (synthetic NER),,nasa_coolr_synthetic,simulated,NASA Open Data (synthetic representation only)
COOLR-SYN-0475,27.002656,88.280667,2015-07-13,rain_and_snowmelt,translational_slide,medium,Sikkim,West Sikkim,NASA COOLR (synthetic NER),,nasa_coolr_synthetic,simulated,NASA Open Data (synthetic representation only)
COOLR-SYN-0476,27.673435,88.576341,2011-07-19,rain,debris_flow,large,Sikkim,North Sikkim,NASA COOLR (synthetic NER),,nasa_coolr_synthetic,simulated,NASA Open Data (synthetic representation only)
COOLR-SYN-0477,25.729285,90.014014,2014-10-16,rain,rotational_slide,small,Meghalaya,South Garo Hills,NASA COOLR (synthetic NER),,nasa_coolr_synthetic,simulated,NASA Open Data (synthetic representation only)
COOLR-SYN-0478,24.587585,94.431092,2007-07-23,rain,translational_slide,medium,Manipur,Senapati,NASA COOLR (synthetic NER),,nasa_coolr_synthetic,simulated,NASA Open Data (synthetic representation only)
COOLR-SYN-0479,26.438038,94.416665,2009-08-09,monsoonal_rain,rockfall,medium,Nagaland,Mokokchung,NASA COOLR (synthetic NER),,nasa_coolr_synthetic,simulated,NASA Open Data (synthetic representation only)
COOLR-SYN-0480,23.598492,91.209514,2018-09-22,rain,debris_flow,medium,Tripura,West Tripura,NASA COOLR (synthetic NER),,nasa_coolr_synthetic,simulated,NASA Open Data (synthetic representation only)
COOLR-SYN-0481,25.641216,91.348012,2014-12-21,human_activity,rockfall,small,Assam,Kamrup,NASA COOLR (synthetic NER),,nasa_coolr_synthetic,simulated,NASA Open Data (synthetic representation only)
COOLR-SYN-0482,27.290106,88.378384,2016-05-14,monsoonal_rain,debris_flow,small,Sikkim,East Sikkim,NASA COOLR (synthetic NER),,nasa_coolr_synthetic,simulated,NASA Open Data (synthetic representation only)
COOLR-SYN-0483,26.22473,94.129387,2011-06-24,rain,debris_flow,small,Assam,Dima Hasao,NASA COOLR (synthetic NER),,nasa_coolr_synthetic,simulated,NASA Open Data (synthetic representation only)
COOLR-SYN-0484,25.49238,91.388356,2008-02-11,rain_and_snowmelt,rockfall,small,Assam,Kamrup,NASA COOLR (synthetic NER),,nasa_coolr_synthetic,simulated,NASA Open Data (synthetic representation only)
COOLR-SYN-0485,23.688231,92.863766,2018-03-06,rain,mudflow,large,Mizoram,Aizawl,NASA COOLR (synthetic NER),,nasa_coolr_synthetic,simulated,NASA Open Data (synthetic representation only)
COOLR-SYN-0486,22.648409,92.548587,2020-04-08,unknown,mudflow,small,Mizoram,Lunglei,NASA COOLR (synthetic NER),,nasa_coolr_synthetic,simulated,NASA Open Data (synthetic representation only)
COOLR-SYN-0487,24.580766,94.692775,2017-05-03,unknown,mudflow,small,Manipur,Senapati,NASA COOLR (synthetic NER),,nasa_coolr_synthetic,simulated,NASA Open Data (synthetic representation only)
COOLR-SYN-0488,26.026,94.508801,2012-08-02,unknown,rockfall,small,Nagaland,Kohima,NASA COOLR (synthetic NER),,nasa_coolr_synthetic,simulated,NASA Open Data (synthetic representation only)
COOLR-SYN-0489,23.597673,91.678705,2008-09-16,rain,rotational_slide,large,Tripura,Gomati,NASA COOLR (synthetic NER),,nasa_coolr_synthetic,simulated,NASA Open Data (synthetic representation only)
COOLR-SYN-0490,26.625678,92.7984,2012-01-04,monsoonal_rain,translational_slide,small,Arunachal Pradesh,East Kameng,NASA COOLR (synthetic NER),,nasa_coolr_synthetic,simulated,NASA Open Data (synthetic representation only)
COOLR-SYN-0491,27.493038,95.075206,2017-07-23,earthquake,debris_flow,small,Arunachal Pradesh,Lohit,NASA COOLR (synthetic NER),,nasa_coolr_synthetic,simulated,NASA Open Data (synthetic representation only)
COOLR-SYN-0492,23.508119,91.315061,2022-08-26,rain,mudflow,medium,Tripura,Gomati,NASA COOLR (synthetic NER),,nasa_coolr_synthetic,simulated,NASA Open Data (synthetic representation only)
COOLR-SYN-0493,26.456554,94.722241,2018-06-09,rain_and_snowmelt,translational_slide,medium,Nagaland,Kohima,NASA COOLR (synthetic NER),,nasa_coolr_synthetic,simulated,NASA Open Data (synthetic representation only)
COOLR-SYN-0494,26.593476,94.760096,2021-06-05,rain,mudflow,medium,Nagaland,Mokokchung,NASA COOLR (synthetic NER),,nasa_coolr_synthetic,simulated,NASA Open Data (synthetic representation only)
COOLR-SYN-0495,26.653341,94.081193,2008-09-03,rain,rotational_slide,small,Assam,Dima Hasao,NASA COOLR (synthetic NER),,nasa_coolr_synthetic,simulated,NASA Open Data (synthetic representation only)
COOLR-SYN-0496,26.29703,94.039027,2009-04-24,rain,debris_flow,large,Nagaland,Dimapur,NASA COOLR (synthetic NER),,nasa_coolr_synthetic,simulated,NASA Open Data (synthetic representation only)
COOLR-SYN-0497,23.683806,91.500256,2010-07-15,rain,translational_slide,small,Tripura,Gomati,NASA COOLR (synthetic NER),,nasa_coolr_synthetic,simulated,NASA Open Data (synthetic representation only)
COOLR-SYN-0498,22.741724,92.894884,2010-08-01,unknown,rockfall,medium,Mizoram,Lunglei,NASA COOLR (synthetic NER),,nasa_coolr_synthetic,simulated,NASA Open Data (synthetic representation only)
COOLR-SYN-0499,23.474075,92.648513,2020-06-02,rain,rotational_slide,medium,Mizoram,Champhai,NASA COOLR (synthetic NER),,nasa_coolr_synthetic,simulated,NASA Open Data (synthetic representation only)
COOLR-SYN-0500,24.822649,94.478323,2021-07-15,rain,debris_flow,small,Manipur,Senapati,NASA COOLR (synthetic NER),,nasa_coolr_synthetic,simulated,NASA Open Data (synthetic representation only)
COOLR-SYN-0501,25.299792,92.135895,2018-10-26,rain,rotational_slide,medium,Meghalaya,East Khasi Hills,NASA COOLR (synthetic NER),,nasa_coolr_synthetic,simulated,NASA Open Data (synthetic representation only)
COOLR-SYN-0502,26.928579,92.955598,2011-12-22,rain_and_snowmelt,rockfall,small,Arunachal Pradesh,Papum Pare,NASA COOLR (synthetic NER),,nasa_coolr_synthetic,simulated,NASA Open Data (synthetic representation only)
COOLR-SYN-0503,25.940747,90.297207,2010-05-01,human_activity,debris_flow,medium,Meghalaya,South Garo Hills,NASA COOLR (synthetic NER),,nasa_coolr_synthetic,simulated,NASA Open Data (synthetic representation only)
COOLR-SYN-0504,27.518731,88.263437,2010-09-16,rain,translational_slide,large,Sikkim,North Sikkim,NASA COOLR (synthetic NER),,nasa_coolr_synthetic,simulated,NASA Open Data (synthetic representation only)
COOLR-SYN-0505,26.203139,94.005398,2013-05-27,earthquake,rotational_slide,small,Assam,Dima Hasao,NASA COOLR (synthetic NER),,nasa_coolr_synthetic,simulated,NASA Open Data (synthetic representation only)
COOLR-SYN-0506,25.176526,92.117398,2010-07-25,rain,rotational_slide,large,Meghalaya,East Khasi Hills,NASA COOLR (synthetic NER),,nasa_coolr_synthetic,simulated,NASA Open Data (synthetic representation only)
COOLR-SYN-0507,25.307736,92.662364,2011-10-22,rain,rotational_slide,medium,Assam,Cachar,NASA COOLR (synthetic NER),,nasa_coolr_synthetic,simulated,NASA Open Data (synthetic representation only)
COOLR-SYN-0508,22.739424,92.884072,2022-06-15,rain,rotational_slide,large,Mizoram,Lunglei,NASA COOLR (synthetic NER),,nasa_coolr_synthetic,simulated,NASA Open Data (synthetic representation only)
COOLR-SYN-0509,26.707017,93.293336,2016-07-01,rain_and_snowmelt,mudflow,medium,Arunachal Pradesh,Papum Pare,NASA COOLR (synthetic NER),,nasa_coolr_synthetic,simulated,NASA Open Data (synthetic representation only)
COOLR-SYN-0510,27.430881,91.707405,2009-06-20,human_activity,rotational_slide,large,Arunachal Pradesh,Tawang,NASA COOLR (synthetic NER),,nasa_coolr_synthetic,simulated,NASA Open Data (synthetic representation only)
COOLR-SYN-0511,27.270764,94.973903,2021-08-05,monsoonal_rain,rotational_slide,small,Arunachal Pradesh,Lohit,NASA COOLR (synthetic NER),,nasa_coolr_synthetic,simulated,NASA Open Data (synthetic representation only)
COOLR-SYN-0512,27.134176,95.15828,2019-06-20,rain_and_snowmelt,translational_slide,medium,Arunachal Pradesh,Lohit,NASA COOLR (synthetic NER),,nasa_coolr_synthetic,simulated,NASA Open Data (synthetic representation only)
COOLR-SYN-0513,25.212854,92.2929,2010-08-13,rain,debris_flow,small,Meghalaya,East Khasi Hills,NASA COOLR (synthetic NER),,nasa_coolr_synthetic,simulated,NASA Open Data (synthetic representation only)
COOLR-SYN-0514,27.425359,88.250326,2022-09-26,human_activity,mudflow,large,Sikkim,North Sikkim,NASA COOLR (synthetic NER),,nasa_coolr_synthetic,simulated,NASA Open Data (synthetic representation only)
COOLR-SYN-0515,27.431546,88.345043,2008-08-12,rain,rotational_slide,small,Sikkim,East Sikkim,NASA COOLR (synthetic NER),,nasa_coolr_synthetic,simulated,NASA Open Data (synthetic representation only)
COOLR-SYN-0516,25.932075,93.824429,2008-07-11,human_activity,rockfall,medium,Assam,Karbi Anglong,NASA COOLR (synthetic NER),,nasa_coolr_synthetic,simulated,NASA Open Data (synthetic representation only)
COOLR-SYN-0517,23.113458,92.585203,2009-07-05,unknown,mudflow,very_large,Mizoram,Aizawl,NASA COOLR (synthetic NER),,nasa_coolr_synthetic,simulated,NASA Open Data (synthetic representation only)
COOLR-SYN-0518,23.191205,92.539695,2014-07-13,rain,translational_slide,medium,Mizoram,Aizawl,NASA COOLR (synthetic NER),,nasa_coolr_synthetic,simulated,NASA Open Data (synthetic representation only)
COOLR-SYN-0519,26.220613,94.112277,2014-07-07,rain,debris_flow,large,Assam,Dima Hasao,NASA COOLR (synthetic NER),,nasa_coolr_synthetic,simulated,NASA Open Data (synthetic representation only)
COOLR-SYN-0520,26.184663,94.808357,2021-08-25,unknown,mudflow,small,Nagaland,Mokokchung,NASA COOLR (synthetic NER),,nasa_coolr_synthetic,simulated,NASA Open Data (synthetic representation only)
COOLR-SYN-0521,27.685934,91.787544,2011-09-01,human_activity,debris_flow,large,Arunachal Pradesh,Tawang,NASA COOLR (synthetic NER),,nasa_coolr_synthetic,simulated,NASA Open Data (synthetic representation only)
COOLR-SYN-0522,23.517835,92.59669,2013-06-24,rain,rockfall,medium,Mizoram,Aizawl,NASA COOLR (synthetic NER),,nasa_coolr_synthetic,simulated,NASA Open Data (synthetic representation only)
COOLR-SYN-0523,26.695691,94.253949,2009-06-01,unknown,mudflow,medium,Assam,Dima Hasao,NASA COOLR (synthetic NER),,nasa_coolr_synthetic,simulated,NASA Open Data (synthetic representation only)
COOLR-SYN-0524,26.402602,94.502727,2013-09-18,earthquake,rockfall,large,Nagaland,Mokokchung,NASA COOLR (synthetic NER),,nasa_coolr_synthetic,simulated,NASA Open Data (synthetic representation only)
COOLR-SYN-0525,23.753194,91.825613,2021-07-20,rain_and_snowmelt,rockfall,large,Tripura,Gomati,NASA COOLR (synthetic NER),,nasa_coolr_synthetic,simulated,NASA Open Data (synthetic representation only)
COOLR-SYN-0526,24.572596,93.683082,2020-11-17,earthquake,mudflow,small,Manipur,Ukhrul,NASA COOLR (synthetic NER),,nasa_coolr_synthetic,simulated,NASA Open Data (synthetic representation only)
COOLR-SYN-0527,24.624899,94.390007,2008-07-01,human_activity,rockfall,small,Manipur,Senapati,NASA COOLR (synthetic NER),,nasa_coolr_synthetic,simulated,NASA Open Data (synthetic representation only)
COOLR-SYN-0528,23.60292,92.431931,2018-09-09,rain,rockfall,small,Mizoram,Aizawl,NASA COOLR (synthetic NER),,nasa_coolr_synthetic,simulated,NASA Open Data (synthetic representation only)
COOLR-SYN-0529,24.779391,94.043147,2009-07-04,earthquake,rockfall,small,Manipur,Ukhrul,NASA COOLR (synthetic NER),,nasa_coolr_synthetic,simulated,NASA Open Data (synthetic representation only)
COOLR-SYN-0530,27.531819,91.700023,2021-11-19,rain,translational_slide,small,Arunachal Pradesh,Tawang,NASA COOLR (synthetic NER),,nasa_coolr_synthetic,simulated,NASA Open Data (synthetic representation only)
COOLR-SYN-0531,26.683657,93.982509,2015-07-10,earthquake,mudflow,small,Nagaland,Dimapur,NASA COOLR (synthetic NER),,nasa_coolr_synthetic,simulated,NASA Open Data (synthetic representation only)
COOLR-SYN-0532,27.760712,91.761075,2009-11-23,rain,rotational_slide,large,Arunachal Pradesh,Tawang,NASA COOLR (synthetic NER),,nasa_coolr_synthetic,simulated,NASA Open Data (synthetic representation only)
COOLR-SYN-0533,26.765342,94.110247,2007-05-23,rain,rockfall,large,Nagaland,Dimapur,NASA COOLR (synthetic NER),,nasa_coolr_synthetic,simulated,NASA Open Data (synthetic representation only)
COOLR-SYN-0534,27.419989,95.311055,2020-09-14,rain,mudflow,small,Arunachal Pradesh,Lohit,NASA COOLR (synthetic NER),,nasa_coolr_synthetic,simulated,NASA Open Data (synthetic representation only)
COOLR-SYN-0535,23.448768,92.324079,2010-09-02,rain,mudflow,medium,Mizoram,Champhai,NASA COOLR (synthetic NER),,nasa_coolr_synthetic,simulated,NASA Open Data (synthetic representation only)
COOLR-SYN-0536,23.493399,91.771735,2021-06-02,human_activity,mudflow,small,Tripura,Gomati,NASA COOLR (synthetic NER),,nasa_coolr_synthetic,simulated,NASA Open Data (synthetic representation only)
COOLR-SYN-0537,23.429528,92.227148,2013-04-06,rain,rotational_slide,very_large,Mizoram,Champhai,NASA COOLR (synthetic NER),,nasa_coolr_synthetic,simulated,NASA Open Data (synthetic representation only)
COOLR-SYN-0538,24.420344,93.718387,2019-04-14,rain,rockfall,medium,Manipur,Ukhrul,NASA COOLR (synthetic NER),,nasa_coolr_synthetic,simulated,NASA Open Data (synthetic representation only)
COOLR-SYN-0539,26.341869,93.935319,2013-09-01,unknown,mudflow,large,Assam,Dima Hasao,NASA COOLR (synthetic NER),,nasa_coolr_synthetic,simulated,NASA Open Data (synthetic representation only)
COOLR-SYN-0540,27.409343,95.020036,2014-06-17,rain,translational_slide,large,Arunachal Pradesh,Lohit,NASA COOLR (synthetic NER),,nasa_coolr_synthetic,simulated,NASA Open Data (synthetic representation only)
COOLR-SYN-0541,26.1812,93.80042,2018-11-24,rain,mudflow,medium,Assam,Karbi Anglong,NASA COOLR (synthetic NER),,nasa_coolr_synthetic,simulated,NASA Open Data (synthetic representation only)
COOLR-SYN-0542,24.728373,94.218188,2012-11-03,human_activity,mudflow,small,Manipur,Chandel,NASA COOLR (synthetic NER),,nasa_coolr_synthetic,simulated,NASA Open Data (synthetic representation only)
COOLR-SYN-0543,25.722035,91.068251,2018-08-09,monsoonal_rain,debris_flow,medium,Meghalaya,West Khasi Hills,NASA COOLR (synthetic NER),,nasa_coolr_synthetic,simulated,NASA Open Data (synthetic representation only)
COOLR-SYN-0544,26.214876,93.858994,2020-07-12,earthquake,translational_slide,small,Nagaland,Dimapur,NASA COOLR (synthetic NER),,nasa_coolr_synthetic,simulated,NASA Open Data (synthetic representation only)
COOLR-SYN-0545,26.309903,94.461864,2020-07-01,rain_and_snowmelt,rotational_slide,medium,Assam,Dima Hasao,NASA COOLR (synthetic NER),,nasa_coolr_synthetic,simulated,NASA Open Data (synthetic representation only)
COOLR-SYN-0546,22.724975,93.099528,2020-08-06,unknown,mudflow,small,Mizoram,Lunglei,NASA COOLR (synthetic NER),,nasa_coolr_synthetic,simulated,NASA Open Data (synthetic representation only)
COOLR-SYN-0547,23.246717,92.580376,2018-05-18,unknown,rotational_slide,small,Mizoram,Aizawl,NASA COOLR (synthetic NER),,nasa_coolr_synthetic,simulated,NASA Open Data (synthetic representation only)
COOLR-SYN-0548,24.93817,94.188906,2016-07-04,human_activity,translational_slide,large,Manipur,Chandel,NASA COOLR (synthetic NER),,nasa_coolr_synthetic,simulated,NASA Open Data (synthetic representation only)
COOLR-SYN-0549,23.683236,92.679167,2018-09-03,earthquake,debris_flow,small,Mizoram,Champhai,NASA COOLR (synthetic NER),,nasa_coolr_synthetic,simulated,NASA Open Data (synthetic representation only)
COOLR-SYN-0550,27.165817,88.820284,2014-08-06,earthquake,mudflow,medium,Sikkim,East Sikkim,NASA COOLR (synthetic NER),,nasa_coolr_synthetic,simulated,NASA Open Data (synthetic representation only)
COOLR-SYN-0551,23.580982,91.061263,2021-04-06,rain_and_snowmelt,rotational_slide,small,Tripura,West Tripura,NASA COOLR (synthetic NER),,nasa_coolr_synthetic,simulated,NASA Open Data (synthetic representation only)
COOLR-SYN-0552,25.981115,90.35332,2022-01-09,rain,rotational_slide,medium,Meghalaya,South Garo Hills,NASA COOLR (synthetic NER),,nasa_coolr_synthetic,simulated,NASA Open Data (synthetic representation only)
COOLR-SYN-0553,25.35624,92.778858,2008-07-01,rain,mudflow,small,Assam,Cachar,NASA COOLR (synthetic NER),,nasa_coolr_synthetic,simulated,NASA Open Data (synthetic representation only)
COOLR-SYN-0554,25.028942,94.201246,2013-08-17,unknown,rotational_slide,medium,Manipur,Chandel,NASA COOLR (synthetic NER),,nasa_coolr_synthetic,simulated,NASA Open Data (synthetic representation only)
COOLR-SYN-0555,27.218025,88.374463,2018-07-09,monsoonal_rain,rockfall,medium,Sikkim,East Sikkim,NASA COOLR (synthetic NER),,nasa_coolr_synthetic,simulated,NASA Open Data (synthetic representation only)
COOLR-SYN-0556,24.263756,93.776376,2009-03-15,rain,debris_flow,small,Manipur,Ukhrul,NASA COOLR (synthetic NER),,nasa_coolr_synthetic,simulated,NASA Open Data (synthetic representation only)
COOLR-SYN-0557,23.541095,91.174381,2009-06-02,earthquake,mudflow,medium,Tripura,West Tripura,NASA COOLR (synthetic NER),,nasa_coolr_synthetic,simulated,NASA Open Data (synthetic representation only)
COOLR-SYN-0558,27.561522,95.465349,2009-09-19,rain_and_snowmelt,mudflow,medium,Arunachal Pradesh,Lohit,NASA COOLR (synthetic NER),,nasa_coolr_synthetic,simulated,NASA Open Data (synthetic representation only)
COOLR-SYN-0559,27.786736,92.081999,2020-02-26,rain,translational_slide,medium,Arunachal Pradesh,Tawang,NASA COOLR (synthetic NER),,nasa_coolr_synthetic,simulated,NASA Open Data (synthetic representation only)
COOLR-SYN-0560,26.07415,94.755254,2019-05-03,monsoonal_rain,translational_slide,small,Nagaland,Mokokchung,NASA COOLR (synthetic NER),,nasa_coolr_synthetic,simulated,NASA Open Data (synthetic representation only)
COOLR-SYN-0561,23.328432,92.62192,2018-08-15,rain,rockfall,medium,Mizoram,Aizawl,NASA COOLR (synthetic NER),,nasa_coolr_synthetic,simulated,NASA Open Data (synthetic representation only)
COOLR-SYN-0562,25.306038,91.539977,2020-08-26,rain_and_snowmelt,rotational_slide,large,Assam,Kamrup,NASA COOLR (synthetic NER),,nasa_coolr_synthetic,simulated,NASA Open Data (synthetic representation only)
COOLR-SYN-0563,26.999355,88.215394,2020-08-07,monsoonal_rain,rockfall,large,Sikkim,West Sikkim,NASA COOLR (synthetic NER),,nasa_coolr_synthetic,simulated,NASA Open Data (synthetic representation only)
COOLR-SYN-0564,27.301544,88.526854,2014-01-05,rain_and_snowmelt,rockfall,medium,Sikkim,North Sikkim,NASA COOLR (synthetic NER),,nasa_coolr_synthetic,simulated,NASA Open Data (synthetic representation only)
COOLR-SYN-0565,23.151146,92.828919,2020-07-03,earthquake,rockfall,very_large,Mizoram,Aizawl,NASA COOLR (synthetic NER),,nasa_coolr_synthetic,simulated,NASA Open Data (synthetic representation only)
COOLR-SYN-0566,26.198736,94.733845,2014-08-04,rain,mudflow,small,Nagaland,Kohima,NASA COOLR (synthetic NER),,nasa_coolr_synthetic,simulated,NASA Open Data (synthetic representation only)
COOLR-SYN-0567,24.822657,93.820907,2018-09-13,rain_and_snowmelt,translational_slide,large,Manipur,Chandel,NASA COOLR (synthetic NER),,nasa_coolr_synthetic,simulated,NASA Open Data (synthetic representation only)
COOLR-SYN-0568,23.606162,92.635478,2008-05-15,rain,mudflow,large,Mizoram,Aizawl,NASA COOLR (synthetic NER),,nasa_coolr_synthetic,simulated,NASA Open Data (synthetic representation only)
COOLR-SYN-0569,26.496275,94.455425,2008-06-22,rain,mudflow,large,Nagaland,Kohima,NASA COOLR (synthetic NER),,nasa_coolr_synthetic,simulated,NASA Open Data (synthetic representation only)
COOLR-SYN-0570,27.40985,88.865559,2017-08-27,human_activity,mudflow,very_large,Sikkim,East Sikkim,NASA COOLR (synthetic NER),,nasa_coolr_synthetic,simulated,NASA Open Data (synthetic representation only)
COOLR-SYN-0571,26.437137,94.240355,2008-07-13,rain,rotational_slide,small,Nagaland,Dimapur,NASA COOLR (synthetic NER),,nasa_coolr_synthetic,simulated,NASA Open Data (synthetic representation only)
COOLR-SYN-0572,27.099328,93.286234,2012-08-01,rain,rotational_slide,small,Arunachal Pradesh,Papum Pare,NASA COOLR (synthetic NER),,nasa_coolr_synthetic,simulated,NASA Open Data (synthetic representation only)
COOLR-SYN-0573,22.786288,93.00703,2007-02-21,rain_and_snowmelt,rotational_slide,large,Mizoram,Lunglei,NASA COOLR (synthetic NER),,nasa_coolr_synthetic,simulated,NASA Open Data (synthetic representation only)
COOLR-SYN-0574,27.079252,88.35385,2021-07-10,rain,rotational_slide,small,Sikkim,East Sikkim,NASA COOLR (synthetic NER),,nasa_coolr_synthetic,simulated,NASA Open Data (synthetic representation only)
COOLR-SYN-0575,26.584462,94.108131,2009-02-14,rain,translational_slide,large,Nagaland,Dimapur,NASA COOLR (synthetic NER),,nasa_coolr_synthetic,simulated,NASA Open Data (synthetic representation only)
COOLR-SYN-0576,27.190282,88.32347,2021-06-23,rain,rotational_slide,medium,Sikkim,East Sikkim,NASA COOLR (synthetic NER),,nasa_coolr_synthetic,simulated,NASA Open Data (synthetic representation only)
COOLR-SYN-0577,26.012868,94.757337,2011-05-10,human_activity,rotational_slide,small,Nagaland,Kohima,NASA COOLR (synthetic NER),,nasa_coolr_synthetic,simulated,NASA Open Data (synthetic representation only)
COOLR-SYN-0578,27.533872,88.452709,2012-05-05,monsoonal_rain,rotational_slide,large,Sikkim,North Sikkim,NASA COOLR (synthetic NER),,nasa_coolr_synthetic,simulated,NASA Open Data (synthetic representation only)
COOLR-SYN-0579,26.371009,94.123531,2022-07-24,human_activity,debris_flow,very_large,Nagaland,Dimapur,NASA COOLR (synthetic NER),,nasa_coolr_synthetic,simulated,NASA Open Data (synthetic representation only)
COOLR-SYN-0580,23.563457,91.557463,2008-11-15,rain,translational_slide,medium,Tripura,Gomati,NASA COOLR (synthetic NER),,nasa_coolr_synthetic,simulated,NASA Open Data (synthetic representation only)
COOLR-SYN-0581,26.160478,94.753478,2017-08-14,rain_and_snowmelt,mudflow,large,Nagaland,Kohima,NASA COOLR (synthetic NER),,nasa_coolr_synthetic,simulated,NASA Open Data (synthetic representation only)
COOLR-SYN-0582,27.255664,92.908982,2021-10-16,human_activity,translational_slide,medium,Arunachal Pradesh,Papum Pare,NASA COOLR (synthetic NER),,nasa_coolr_synthetic,simulated,NASA Open Data (synthetic representation only)
COOLR-SYN-0583,27.226418,88.694536,2010-08-01,rain,rockfall,small,Sikkim,North Sikkim,NASA COOLR (synthetic NER),,nasa_coolr_synthetic,simulated,NASA Open Data (synthetic representation only)
COOLR-SYN-0584,26.293242,93.048841,2022-06-16,rain_and_snowmelt,translational_slide,large,Arunachal Pradesh,East Kameng,NASA COOLR (synthetic NER),,nasa_coolr_synthetic,simulated,NASA Open Data (synthetic representation only)
COOLR-SYN-0585,28.335975,94.759324,2012-03-23,rain_and_snowmelt,mudflow,medium,Arunachal Pradesh,Upper Siang,NASA COOLR (synthetic NER),,nasa_coolr_synthetic,simulated,NASA Open Data (synthetic representation only)
COOLR-SYN-0586,26.555074,94.444092,2011-03-24,unknown,debris_flow,small,Nagaland,Mokokchung,NASA COOLR (synthetic NER),,nasa_coolr_synthetic,simulated,NASA Open Data (synthetic representation only)
COOLR-SYN-0587,27.366209,88.532911,2008-03-01,rain,debris_flow,large,Sikkim,West Sikkim,NASA COOLR (synthetic NER),,nasa_coolr_synthetic,simulated,NASA Open Data (synthetic representation only)
COOLR-SYN-0588,26.255983,93.777948,2018-08-04,rain,translational_slide,small,Nagaland,Dimapur,NASA COOLR (synthetic NER),,nasa_coolr_synthetic,simulated,NASA Open Data (synthetic representation only)
COOLR-SYN-0589,27.15281,94.972588,2015-06-11,human_activity,rotational_slide,large,Arunachal Pradesh,Lohit,NASA COOLR (synthetic NER),,nasa_coolr_synthetic,simulated,NASA Open Data (synthetic representation only)
COOLR-SYN-0590,26.134639,94.257956,2019-12-16,rain,translational_slide,small,Nagaland,Kohima,NASA COOLR (synthetic NER),,nasa_coolr_synthetic,simulated,NASA Open Data (synthetic representation only)
COOLR-SYN-0591,26.040895,93.760412,2013-06-24,human_activity,rockfall,small,Assam,Karbi Anglong,NASA COOLR (synthetic NER),,nasa_coolr_synthetic,simulated,NASA Open Data (synthetic representation only)
COOLR-SYN-0592,27.189662,88.388451,2010-08-22,rain,mudflow,large,Sikkim,East Sikkim,NASA COOLR (synthetic NER),,nasa_coolr_synthetic,simulated,NASA Open Data (synthetic representation only)
COOLR-SYN-0593,26.064119,94.60236,2018-07-13,rain,translational_slide,large,Nagaland,Mokokchung,NASA COOLR (synthetic NER),,nasa_coolr_synthetic,simulated,NASA Open Data (synthetic representation only)
COOLR-SYN-0594,27.349646,91.894349,2014-07-06,earthquake,rotational_slide,medium,Arunachal Pradesh,Tawang,NASA COOLR (synthetic NER),,nasa_coolr_synthetic,simulated,NASA Open Data (synthetic representation only)
COOLR-SYN-0595,27.071125,88.663972,2021-08-15,unknown,rockfall,medium,Sikkim,East Sikkim,NASA COOLR (synthetic NER),,nasa_coolr_synthetic,simulated,NASA Open Data (synthetic representation only)
COOLR-SYN-0596,27.470713,88.196699,2011-07-21,monsoonal_rain,mudflow,medium,Sikkim,North Sikkim,NASA COOLR (synthetic NER),,nasa_coolr_synthetic,simulated,NASA Open Data (synthetic representation only)
COOLR-SYN-0597,23.491833,91.50168,2017-07-10,rain,mudflow,small,Tripura,Gomati,NASA COOLR (synthetic NER),,nasa_coolr_synthetic,simulated,NASA Open Data (synthetic representation only)
COOLR-SYN-0598,27.361511,88.498652,2012-10-25,unknown,debris_flow,large,Sikkim,East Sikkim,NASA COOLR (synthetic NER),,nasa_coolr_synthetic,simulated,NASA Open Data (synthetic representation only)
COOLR-SYN-0599,27.014581,93.224798,2012-05-23,rain,mudflow,very_large,Arunachal Pradesh,Papum Pare,NASA COOLR (synthetic NER),,nasa_coolr_synthetic,simulated,NASA Open Data (synthetic representation only)
COOLR-SYN-0600,25.224041,92.319382,2021-09-16,human_activity,rockfall,large,Meghalaya,East Khasi Hills,NASA COOLR (synthetic NER),,nasa_coolr_synthetic,simulated,NASA Open Data (synthetic representation only)
COOLR-SYN-0601,28.112643,94.685294,2018-02-26,monsoonal_rain,rotational_slide,medium,Arunachal Pradesh,Upper Siang,NASA COOLR (synthetic NER),,nasa_coolr_synthetic,simulated,NASA Open Data (synthetic representation only)
COOLR-SYN-0602,25.572162,91.100001,2014-07-23,unknown,rotational_slide,small,Meghalaya,West Khasi Hills,NASA COOLR (synthetic NER),,nasa_coolr_synthetic,simulated,NASA Open Data (synthetic representation only)
COOLR-SYN-0603,25.027207,94.354427,2012-11-09,earthquake,rotational_slide,large,Manipur,Senapati,NASA COOLR (synthetic NER),,nasa_coolr_synthetic,simulated,NASA Open Data (synthetic representation only)
COOLR-SYN-0604,23.630795,92.278032,2018-06-03,rain_and_snowmelt,mudflow,small,Mizoram,Champhai,NASA COOLR (synthetic NER),,nasa_coolr_synthetic,simulated,NASA Open Data (synthetic representation only)
COOLR-SYN-0605,23.510938,91.199569,2015-06-21,rain,debris_flow,medium,Tripura,West Tripura,NASA COOLR (synthetic NER),,nasa_coolr_synthetic,simulated,NASA Open Data (synthetic representation only)
COOLR-SYN-0606,26.71094,94.142614,2021-08-06,unknown,rockfall,medium,Assam,Dima Hasao,NASA COOLR (synthetic NER),,nasa_coolr_synthetic,simulated,NASA Open Data (synthetic representation only)
COOLR-SYN-0607,25.012653,92.190657,2019-07-15,unknown,rotational_slide,medium,Meghalaya,East Khasi Hills,NASA COOLR (synthetic NER),,nasa_coolr_synthetic,simulated,NASA Open Data (synthetic representation only)
COOLR-SYN-0608,25.429955,90.308559,2014-08-27,rain_and_snowmelt,mudflow,medium,Meghalaya,South Garo Hills,NASA COOLR (synthetic NER),,nasa_coolr_synthetic,simulated,NASA Open Data (synthetic representation only)
COOLR-SYN-0609,23.755569,91.837982,2017-08-04,rain,rotational_slide,small,Tripura,Gomati,NASA COOLR (synthetic NER),,nasa_coolr_synthetic,simulated,NASA Open Data (synthetic representation only)
COOLR-SYN-0610,27.239779,92.988135,2007-08-10,unknown,translational_slide,small,Arunachal Pradesh,Papum Pare,NASA COOLR (synthetic NER),,nasa_coolr_synthetic,simulated,NASA Open Data (synthetic representation only)
COOLR-SYN-0611,26.956036,88.433866,2011-10-11,rain,rotational_slide,small,Sikkim,West Sikkim,NASA COOLR (synthetic NER),,nasa_coolr_synthetic,simulated,NASA Open Data (synthetic representation only)
COOLR-SYN-0612,23.779595,91.566209,2009-03-01,rain,translational_slide,small,Tripura,West Tripura,NASA COOLR (synthetic NER),,nasa_coolr_synthetic,simulated,NASA Open Data (synthetic representation only)
COOLR-SYN-0613,22.669118,92.5582,2022-02-20,rain,rotational_slide,small,Mizoram,Lunglei,NASA COOLR (synthetic NER),,nasa_coolr_synthetic,simulated,NASA Open Data (synthetic representation only)
COOLR-SYN-0614,25.225025,91.139903,2013-09-22,unknown,translational_slide,large,Meghalaya,West Khasi Hills,NASA COOLR (synthetic NER),,nasa_coolr_synthetic,simulated,NASA Open Data (synthetic representation only)
COOLR-SYN-0615,23.916243,91.591739,2016-07-22,human_activity,debris_flow,large,Tripura,West Tripura,NASA COOLR (synthetic NER),,nasa_coolr_synthetic,simulated,NASA Open Data (synthetic representation only)
COOLR-SYN-0616,27.309331,95.144225,2015-07-18,rain,debris_flow,medium,Arunachal Pradesh,Lohit,NASA COOLR (synthetic NER),,nasa_coolr_synthetic,simulated,NASA Open Data (synthetic representation only)
COOLR-SYN-0617,23.840156,92.278599,2018-06-11,human_activity,mudflow,small,Mizoram,Champhai,NASA COOLR (synthetic NER),,nasa_coolr_synthetic,simulated,NASA Open Data (synthetic representation only)
COOLR-SYN-0618,25.807423,93.639864,2009-09-19,rain,translational_slide,small,Assam,Karbi Anglong,NASA COOLR (synthetic NER),,nasa_coolr_synthetic,simulated,NASA Open Data (synthetic representation only)
COOLR-SYN-0619,24.792144,94.374345,2016-06-07,earthquake,debris_flow,small,Manipur,Chandel,NASA COOLR (synthetic NER),,nasa_coolr_synthetic,simulated,NASA Open Data (synthetic representation only)
COOLR-SYN-0620,26.096514,93.836676,2010-08-10,rain,translational_slide,medium,Assam,Karbi Anglong,NASA COOLR (synthetic NER),,nasa_coolr_synthetic,simulated,NASA Open Data (synthetic representation only)
COOLR-SYN-0621,25.062097,92.105496,2018-07-13,human_activity,translational_slide,large,Meghalaya,East Khasi Hills,NASA COOLR (synthetic NER),,nasa_coolr_synthetic,simulated,NASA Open Data (synthetic representation only)
COOLR-SYN-0622,24.650835,94.135455,2010-11-06,rain,translational_slide,small,Manipur,Ukhrul,NASA COOLR (synthetic NER),,nasa_coolr_synthetic,simulated,NASA Open Data (synthetic representation only)
COOLR-SYN-0623,25.666589,92.4939,2012-12-03,rain,rotational_slide,medium,Assam,Cachar,NASA COOLR (synthetic NER),,nasa_coolr_synthetic,simulated,NASA Open Data (synthetic representation only)
COOLR-SYN-0624,25.854687,90.079757,2013-08-03,monsoonal_rain,mudflow,medium,Meghalaya,South Garo Hills,NASA COOLR (synthetic NER),,nasa_coolr_synthetic,simulated,NASA Open Data (synthetic representation only)
COOLR-SYN-0625,24.209733,93.895609,2012-09-17,rain,debris_flow,medium,Manipur,Ukhrul,NASA COOLR (synthetic NER),,nasa_coolr_synthetic,simulated,NASA Open Data (synthetic representation only)
COOLR-SYN-0626,23.85158,92.303249,2015-08-23,rain,rotational_slide,medium,Mizoram,Champhai,NASA COOLR (synthetic NER),,nasa_coolr_synthetic,simulated,NASA Open Data (synthetic representation only)
COOLR-SYN-0627,25.964229,93.756573,2011-06-13,human_activity,translational_slide,large,Assam,Karbi Anglong,NASA COOLR (synthetic NER),,nasa_coolr_synthetic,simulated,NASA Open Data (synthetic representation only)
COOLR-SYN-0628,24.627455,94.211364,2012-10-01,unknown,debris_flow,medium,Manipur,Senapati,NASA COOLR (synthetic NER),,nasa_coolr_synthetic,simulated,NASA Open Data (synthetic representation only)
COOLR-SYN-0629,27.574005,95.109408,2012-08-27,unknown,rockfall,medium,Arunachal Pradesh,Lohit,NASA COOLR (synthetic NER),,nasa_coolr_synthetic,simulated,NASA Open Data (synthetic representation only)
COOLR-SYN-0630,26.324139,94.993751,2019-07-19,rain_and_snowmelt,rotational_slide,small,Nagaland,Mokokchung,NASA COOLR (synthetic NER),,nasa_coolr_synthetic,simulated,NASA Open Data (synthetic representation only)
COOLR-SYN-0631,23.762416,92.512523,2020-09-06,earthquake,rockfall,medium,Mizoram,Champhai,NASA COOLR (synthetic NER),,nasa_coolr_synthetic,simulated,NASA Open Data (synthetic representation only)
COOLR-SYN-0632,25.686806,90.818702,2013-09-17,rain,rockfall,small,Meghalaya,West Khasi Hills,NASA COOLR (synthetic NER),,nasa_coolr_synthetic,simulated,NASA Open Data (synthetic representation only)
COOLR-SYN-0633,23.42553,91.820388,2007-06-04,rain,debris_flow,small,Tripura,Gomati,NASA COOLR (synthetic NER),,nasa_coolr_synthetic,simulated,NASA Open Data (synthetic representation only)
COOLR-SYN-0634,23.679161,92.850484,2022-07-15,human_activity,translational_slide,medium,Mizoram,Aizawl,NASA COOLR (synthetic NER),,nasa_coolr_synthetic,simulated,NASA Open Data (synthetic representation only)
COOLR-SYN-0635,25.857236,93.83565,2020-06-05,rain,rockfall,medium,Assam,Karbi Anglong,NASA COOLR (synthetic NER),,nasa_coolr_synthetic,simulated,NASA Open Data (synthetic representation only)
COOLR-SYN-0636,26.303123,92.85648,2021-06-05,rain,translational_slide,large,Arunachal Pradesh,East Kameng,NASA COOLR (synthetic NER),,nasa_coolr_synthetic,simulated,NASA Open Data (synthetic representation only)
COOLR-SYN-0637,23.745622,92.222176,2016-06-08,rain,mudflow,large,Mizoram,Champhai,NASA COOLR (synthetic NER),,nasa_coolr_synthetic,simulated,NASA Open Data (synthetic representation only)
COOLR-SYN-0638,25.694635,91.113104,2008-06-22,rain,debris_flow,small,Meghalaya,West Khasi Hills,NASA COOLR (synthetic NER),,nasa_coolr_synthetic,simulated,NASA Open Data (synthetic representation only)
COOLR-SYN-0639,26.184486,93.078883,2015-02-07,rain,translational_slide,medium,Arunachal Pradesh,East Kameng,NASA COOLR (synthetic NER),,nasa_coolr_synthetic,simulated,NASA Open Data (synthetic representation only)
COOLR-SYN-0640,25.359574,92.66241,2010-07-20,rain_and_snowmelt,rotational_slide,medium,Assam,Cachar,NASA COOLR (synthetic NER),,nasa_coolr_synthetic,simulated,NASA Open Data (synthetic representation only)
COOLR-SYN-0641,24.925309,93.898238,2021-12-09,unknown,debris_flow,medium,Manipur,Chandel,NASA COOLR (synthetic NER),,nasa_coolr_synthetic,simulated,NASA Open Data (synthetic representation only)
COOLR-SYN-0642,27.806126,94.76396,2019-05-07,rain,rockfall,large,Arunachal Pradesh,Upper Siang,NASA COOLR (synthetic NER),,nasa_coolr_synthetic,simulated,NASA Open Data (synthetic representation only)
COOLR-SYN-0643,26.011311,94.460117,2015-07-24,rain,rockfall,small,Nagaland,Mokokchung,NASA COOLR (synthetic NER),,nasa_coolr_synthetic,simulated,NASA Open Data (synthetic representation only)
COOLR-SYN-0644,26.225405,94.013187,2022-08-08,rain,rockfall,large,Nagaland,Dimapur,NASA COOLR (synthetic NER),,nasa_coolr_synthetic,simulated,NASA Open Data (synthetic representation only)
COOLR-SYN-0645,26.53873,92.55195,2016-08-10,unknown,rockfall,small,Arunachal Pradesh,East Kameng,NASA COOLR (synthetic NER),,nasa_coolr_synthetic,simulated,NASA Open Data (synthetic representation only)
COOLR-SYN-0646,27.256057,93.02384,2017-03-25,rain,debris_flow,small,Arunachal Pradesh,Papum Pare,NASA COOLR (synthetic NER),,nasa_coolr_synthetic,simulated,NASA Open Data (synthetic representation only)
COOLR-SYN-0647,25.390662,92.474974,2011-08-24,rain,rockfall,medium,Assam,Cachar,NASA COOLR (synthetic NER),,nasa_coolr_synthetic,simulated,NASA Open Data (synthetic representation only)
COOLR-SYN-0648,27.41575,95.376631,2017-07-21,rain,rockfall,small,Arunachal Pradesh,Lohit,NASA COOLR (synthetic NER),,nasa_coolr_synthetic,simulated,NASA Open Data (synthetic representation only)
COOLR-SYN-0649,27.029681,88.806993,2012-06-08,human_activity,mudflow,large,Sikkim,East Sikkim,NASA COOLR (synthetic NER),,nasa_coolr_synthetic,simulated,NASA Open Data (synthetic representation only)
COOLR-SYN-0650,23.515137,92.328599,2011-08-16,monsoonal_rain,mudflow,large,Mizoram,Champhai,NASA COOLR (synthetic NER),,nasa_coolr_synthetic,simulated,NASA Open Data (synthetic representation only)
COOLR-SYN-0651,26.637152,94.162707,2010-05-15,earthquake,rotational_slide,small,Nagaland,Dimapur,NASA COOLR (synthetic NER),,nasa_coolr_synthetic,simulated,NASA Open Data (synthetic representation only)
COOLR-SYN-0652,25.338037,92.742987,2007-04-03,rain,rockfall,large,Assam,Cachar,NASA COOLR (synthetic NER),,nasa_coolr_synthetic,simulated,NASA Open Data (synthetic representation only)
COOLR-SYN-0653,25.294123,90.712776,2018-08-12,unknown,rockfall,small,Meghalaya,West Khasi Hills,NASA COOLR (synthetic NER),,nasa_coolr_synthetic,simulated,NASA Open Data (synthetic representation only)
COOLR-SYN-0654,25.101144,91.58297,2020-10-03,rain,translational_slide,medium,Assam,Kamrup,NASA COOLR (synthetic NER),,nasa_coolr_synthetic,simulated,NASA Open Data (synthetic representation only)
COOLR-SYN-0655,23.692433,92.795186,2013-08-21,rain,rockfall,small,Mizoram,Champhai,NASA COOLR (synthetic NER),,nasa_coolr_synthetic,simulated,NASA Open Data (synthetic representation only)
COOLR-SYN-0656,25.54132,91.400009,2014-06-01,rain,rockfall,medium,Assam,Kamrup,NASA COOLR (synthetic NER),,nasa_coolr_synthetic,simulated,NASA Open Data (synthetic representation only)
COOLR-SYN-0657,25.407652,91.5164,2020-08-07,monsoonal_rain,rotational_slide,small,Assam,Kamrup,NASA COOLR (synthetic NER),,nasa_coolr_synthetic,simulated,NASA Open Data (synthetic representation only)
COOLR-SYN-0658,25.440759,91.178581,2007-09-06,rain,debris_flow,medium,Assam,Kamrup,NASA COOLR (synthetic NER),,nasa_coolr_synthetic,simulated,NASA Open Data (synthetic representation only)
COOLR-SYN-0659,28.333531,94.536014,2019-05-12,rain_and_snowmelt,translational_slide,medium,Arunachal Pradesh,Upper Siang,NASA COOLR (synthetic NER),,nasa_coolr_synthetic,simulated,NASA Open Data (synthetic representation only)
COOLR-SYN-0660,25.488789,90.406297,2015-08-08,rain,mudflow,large,Meghalaya,South Garo Hills,NASA COOLR (synthetic NER),,nasa_coolr_synthetic,simulated,NASA Open Data (synthetic representation only)
COOLR-SYN-0661,25.081773,93.809236,2022-09-06,rain,mudflow,small,Manipur,Chandel,NASA COOLR (synthetic NER),,nasa_coolr_synthetic,simulated,NASA Open Data (synthetic representation only)
COOLR-SYN-0662,25.699153,90.152051,2012-05-19,human_activity,mudflow,small,Meghalaya,South Garo Hills,NASA COOLR (synthetic NER),,nasa_coolr_synthetic,simulated,NASA Open Data (synthetic representation only)
COOLR-SYN-0663,26.628896,93.860939,2008-07-01,rain,translational_slide,small,Nagaland,Dimapur,NASA COOLR (synthetic NER),,nasa_coolr_synthetic,simulated,NASA Open Data (synthetic representation only)
COOLR-SYN-0664,27.087398,95.044693,2021-07-10,human_activity,mudflow,large,Arunachal Pradesh,Lohit,NASA COOLR (synthetic NER),,nasa_coolr_synthetic,simulated,NASA Open Data (synthetic representation only)
COOLR-SYN-0665,27.798336,88.566384,2021-07-11,rain,translational_slide,small,Sikkim,North Sikkim,NASA COOLR (synthetic NER),,nasa_coolr_synthetic,simulated,NASA Open Data (synthetic representation only)
COOLR-SYN-0666,25.768995,92.432072,2020-12-19,rain,rockfall,medium,Assam,Cachar,NASA COOLR (synthetic NER),,nasa_coolr_synthetic,simulated,NASA Open Data (synthetic representation only)
COOLR-SYN-0667,26.073928,94.978751,2007-12-08,human_activity,debris_flow,large,Nagaland,Mokokchung,NASA COOLR (synthetic NER),,nasa_coolr_synthetic,simulated,NASA Open Data (synthetic representation only)
COOLR-SYN-0668,25.596984,91.235181,2021-09-17,rain,rockfall,large,Meghalaya,West Khasi Hills,NASA COOLR (synthetic NER),,nasa_coolr_synthetic,simulated,NASA Open Data (synthetic representation only)
COOLR-SYN-0669,25.171143,92.341426,2013-04-14,rain,rotational_slide,medium,Meghalaya,East Khasi Hills,NASA COOLR (synthetic NER),,nasa_coolr_synthetic,simulated,NASA Open Data (synthetic representation only)
COOLR-SYN-0670,23.943261,92.317827,2009-07-05,earthquake,mudflow,large,Mizoram,Champhai,NASA COOLR (synthetic NER),,nasa_coolr_synthetic,simulated,NASA Open Data (synthetic representation only)
COOLR-SYN-0671,27.454667,91.797134,2016-03-18,rain,mudflow,large,Arunachal Pradesh,Tawang,NASA COOLR (synthetic NER),,nasa_coolr_synthetic,simulated,NASA Open Data (synthetic representation only)
COOLR-SYN-0672,24.514725,93.65635,2017-10-18,rain,translational_slide,large,Manipur,Ukhrul,NASA COOLR (synthetic NER),,nasa_coolr_synthetic,simulated,NASA Open Data (synthetic representation only)
COOLR-SYN-0673,27.617577,88.541169,2007-07-03,rain,debris_flow,medium,Sikkim,North Sikkim,NASA COOLR (synthetic NER),,nasa_coolr_synthetic,simulated,NASA Open Data (synthetic representation only)
COOLR-SYN-0674,26.455849,93.993706,2022-01-14,rain,rockfall,small,Assam,Dima Hasao,NASA COOLR (synthetic NER),,nasa_coolr_synthetic,simulated,NASA Open Data (synthetic representation only)
COOLR-SYN-0675,26.481837,94.205912,2012-09-02,rain,rockfall,very_large,Assam,Dima Hasao,NASA COOLR (synthetic NER),,nasa_coolr_synthetic,simulated,NASA Open Data (synthetic representation only)
COOLR-SYN-0676,27.274312,88.556699,2022-06-22,unknown,translational_slide,small,Sikkim,East Sikkim,NASA COOLR (synthetic NER),,nasa_coolr_synthetic,simulated,NASA Open Data (synthetic representation only)
COOLR-SYN-0677,28.098355,94.660291,2016-05-13,rain,debris_flow,large,Arunachal Pradesh,Upper Siang,NASA COOLR (synthetic NER),,nasa_coolr_synthetic,simulated,NASA Open Data (synthetic representation only)
COOLR-SYN-0678,26.598645,93.026599,2021-08-03,unknown,rockfall,large,Arunachal Pradesh,East Kameng,NASA COOLR (synthetic NER),,nasa_coolr_synthetic,simulated,NASA Open Data (synthetic representation only)
COOLR-SYN-0679,26.723776,93.876239,2014-05-09,rain,rotational_slide,very_large,Nagaland,Dimapur,NASA COOLR (synthetic NER),,nasa_coolr_synthetic,simulated,NASA Open Data (synthetic representation only)
COOLR-SYN-0680,25.451773,90.581618,2022-07-19,unknown,translational_slide,medium,Meghalaya,South Garo Hills,NASA COOLR (synthetic NER),,nasa_coolr_synthetic,simulated,NASA Open Data (synthetic representation only)
COOLR-SYN-0681,25.60803,91.158738,2008-09-25,monsoonal_rain,translational_slide,large,Meghalaya,West Khasi Hills,NASA COOLR (synthetic NER),,nasa_coolr_synthetic,simulated,NASA Open Data (synthetic representation only)
COOLR-SYN-0682,24.915205,94.19653,2017-10-24,rain,translational_slide,small,Manipur,Senapati,NASA COOLR (synthetic NER),,nasa_coolr_synthetic,simulated,NASA Open Data (synthetic representation only)
COOLR-SYN-0683,26.256115,94.497808,2020-09-12,rain,mudflow,medium,Nagaland,Kohima,NASA COOLR (synthetic NER),,nasa_coolr_synthetic,simulated,NASA Open Data (synthetic representation only)
COOLR-SYN-0684,25.03973,94.33504,2021-08-14,rain,mudflow,small,Manipur,Senapati,NASA COOLR (synthetic NER),,nasa_coolr_synthetic,simulated,NASA Open Data (synthetic representation only)
COOLR-SYN-0685,27.585058,91.503298,2012-09-24,rain,mudflow,large,Arunachal Pradesh,Tawang,NASA COOLR (synthetic NER),,nasa_coolr_synthetic,simulated,NASA Open Data (synthetic representation only)
COOLR-SYN-0686,23.684849,92.524896,2016-07-23,rain,debris_flow,large,Mizoram,Aizawl,NASA COOLR (synthetic NER),,nasa_coolr_synthetic,simulated,NASA Open Data (synthetic representation only)
COOLR-SYN-0687,27.67392,88.364306,2018-03-04,unknown,translational_slide,small,Sikkim,North Sikkim,NASA COOLR (synthetic NER),,nasa_coolr_synthetic,simulated,NASA Open Data (synthetic representation only)
COOLR-SYN-0688,25.307744,91.487033,2016-08-03,human_activity,rockfall,medium,Assam,Kamrup,NASA COOLR (synthetic NER),,nasa_coolr_synthetic,simulated,NASA Open Data (synthetic representation only)
COOLR-SYN-0689,23.531008,92.788484,2021-08-04,rain,rotational_slide,medium,Mizoram,Champhai,NASA COOLR (synthetic NER),,nasa_coolr_synthetic,simulated,NASA Open Data (synthetic representation only)
COOLR-SYN-0690,23.787086,92.629606,2012-04-05,rain,translational_slide,medium,Mizoram,Champhai,NASA COOLR (synthetic NER),,nasa_coolr_synthetic,simulated,NASA Open Data (synthetic representation only)
COOLR-SYN-0691,24.660055,94.286376,2018-07-14,monsoonal_rain,debris_flow,large,Manipur,Senapati,NASA COOLR (synthetic NER),,nasa_coolr_synthetic,simulated,NASA Open Data (synthetic representation only)
COOLR-SYN-0692,25.426956,91.058902,2015-09-24,rain_and_snowmelt,rotational_slide,small,Meghalaya,West Khasi Hills,NASA COOLR (synthetic NER),,nasa_coolr_synthetic,simulated,NASA Open Data (synthetic representation only)
COOLR-SYN-0693,26.78347,93.269074,2022-07-19,rain_and_snowmelt,debris_flow,large,Arunachal Pradesh,Papum Pare,NASA COOLR (synthetic NER),,nasa_coolr_synthetic,simulated,NASA Open Data (synthetic representation only)
COOLR-SYN-0694,26.000023,94.467365,2009-11-16,rain,mudflow,medium,Nagaland,Kohima,NASA COOLR (synthetic NER),,nasa_coolr_synthetic,simulated,NASA Open Data (synthetic representation only)
COOLR-SYN-0695,25.977934,93.855268,2014-03-04,rain,debris_flow,large,Assam,Karbi Anglong,NASA COOLR (synthetic NER),,nasa_coolr_synthetic,simulated,NASA Open Data (synthetic representation only)
COOLR-SYN-0696,25.07301,94.32022,2022-09-04,rain,rockfall,small,Manipur,Senapati,NASA COOLR (synthetic NER),,nasa_coolr_synthetic,simulated,NASA Open Data (synthetic representation only)
COOLR-SYN-0697,26.229569,94.076351,2016-08-19,rain,rotational_slide,medium,Assam,Karbi Anglong,NASA COOLR (synthetic NER),,nasa_coolr_synthetic,simulated,NASA Open Data (synthetic representation only)
COOLR-SYN-0698,26.063797,93.916287,2008-09-14,earthquake,mudflow,large,Assam,Karbi Anglong,NASA COOLR (synthetic NER),,nasa_coolr_synthetic,simulated,NASA Open Data (synthetic representation only)
COOLR-SYN-0699,26.974266,92.878625,2016-08-01,earthquake,mudflow,medium,Arunachal Pradesh,Papum Pare,NASA COOLR (synthetic NER),,nasa_coolr_synthetic,simulated,NASA Open Data (synthetic representation only)
COOLR-SYN-0700,27.23715,88.372912,2009-06-08,rain,mudflow,large,Sikkim,East Sikkim,NASA COOLR (synthetic NER),,nasa_coolr_synthetic,simulated,NASA Open Data (synthetic representation only)
COOLR-SYN-0701,22.759373,92.869729,2021-08-21,rain,debris_flow,medium,Mizoram,Lunglei,NASA COOLR (synthetic NER),,nasa_coolr_synthetic,simulated,NASA Open Data (synthetic representation only)
COOLR-SYN-0702,24.252785,94.026368,2020-10-06,rain,mudflow,small,Manipur,Ukhrul,NASA COOLR (synthetic NER),,nasa_coolr_synthetic,simulated,NASA Open Data (synthetic representation only)
COOLR-SYN-0703,26.798784,94.285923,2019-05-13,rain,rotational_slide,small,Nagaland,Dimapur,NASA COOLR (synthetic NER),,nasa_coolr_synthetic,simulated,NASA Open Data (synthetic representation only)
COOLR-SYN-0704,27.552321,91.68423,2020-07-20,rain,rockfall,large,Arunachal Pradesh,Tawang,NASA COOLR (synthetic NER),,nasa_coolr_synthetic,simulated,NASA Open Data (synthetic representation only)
COOLR-SYN-0705,25.754819,92.502423,2010-12-21,unknown,debris_flow,small,Assam,Cachar,NASA COOLR (synthetic NER),,nasa_coolr_synthetic,simulated,NASA Open Data (synthetic representation only)
COOLR-SYN-0706,24.304366,93.624079,2018-06-14,rain,debris_flow,small,Manipur,Ukhrul,NASA COOLR (synthetic NER),,nasa_coolr_synthetic,simulated,NASA Open Data (synthetic representation only)
COOLR-SYN-0707,25.126151,91.666537,2009-05-21,rain,translational_slide,medium,Assam,Kamrup,NASA COOLR (synthetic NER),,nasa_coolr_synthetic,simulated,NASA Open Data (synthetic representation only)
COOLR-SYN-0708,26.206049,94.075846,2017-08-19,rain_and_snowmelt,rotational_slide,small,Nagaland,Dimapur,NASA COOLR (synthetic NER),,nasa_coolr_synthetic,simulated,NASA Open Data (synthetic representation only)
COOLR-SYN-0709,25.693833,91.60594,2011-05-24,rain,rotational_slide,very_large,Assam,Kamrup,NASA COOLR (synthetic NER),,nasa_coolr_synthetic,simulated,NASA Open Data (synthetic representation only)
COOLR-SYN-0710,26.708,94.380406,2013-07-04,rain,mudflow,small,Assam,Dima Hasao,NASA COOLR (synthetic NER),,nasa_coolr_synthetic,simulated,NASA Open Data (synthetic representation only)
COOLR-SYN-0711,23.557143,91.272056,2019-06-14,rain,rockfall,small,Tripura,West Tripura,NASA COOLR (synthetic NER),,nasa_coolr_synthetic,simulated,NASA Open Data (synthetic representation only)
COOLR-SYN-0712,26.732022,92.928404,2009-07-03,earthquake,translational_slide,medium,Arunachal Pradesh,Papum Pare,NASA COOLR (synthetic NER),,nasa_coolr_synthetic,simulated,NASA Open Data (synthetic representation only)
COOLR-SYN-0713,25.1063,91.987151,2015-10-21,earthquake,mudflow,small,Meghalaya,East Khasi Hills,NASA COOLR (synthetic NER),,nasa_coolr_synthetic,simulated,NASA Open Data (synthetic representation only)
COOLR-SYN-0714,23.371104,92.718175,2012-08-08,earthquake,rotational_slide,medium,Mizoram,Aizawl,NASA COOLR (synthetic NER),,nasa_coolr_synthetic,simulated,NASA Open Data (synthetic representation only)
COOLR-SYN-0715,25.632018,92.812646,2010-05-17,rain_and_snowmelt,rockfall,medium,Assam,Cachar,NASA COOLR (synthetic NER),,nasa_coolr_synthetic,simulated,NASA Open Data (synthetic representation only)
COOLR-SYN-0716,23.273705,92.930438,2010-12-21,rain,translational_slide,large,Mizoram,Aizawl,NASA COOLR (synthetic NER),,nasa_coolr_synthetic,simulated,NASA Open Data (synthetic representation only)
COOLR-SYN-0717,24.078651,91.166644,2015-07-09,rain_and_snowmelt,translational_slide,large,Tripura,West Tripura,NASA COOLR (synthetic NER),,nasa_coolr_synthetic,simulated,NASA Open Data (synthetic representation only)
COOLR-SYN-0718,23.148667,92.53794,2017-08-14,rain_and_snowmelt,translational_slide,medium,Mizoram,Aizawl,NASA COOLR (synthetic NER),,nasa_coolr_synthetic,simulated,NASA Open Data (synthetic representation only)
COOLR-SYN-0719,26.946231,88.33754,2010-06-19,rain,debris_flow,small,Sikkim,West Sikkim,NASA COOLR (synthetic NER),,nasa_coolr_synthetic,simulated,NASA Open Data (synthetic representation only)
COOLR-SYN-0720,24.815499,94.18762,2019-08-06,rain,mudflow,large,Manipur,Senapati,NASA COOLR (synthetic NER),,nasa_coolr_synthetic,simulated,NASA Open Data (synthetic representation only)
COOLR-SYN-0721,27.233318,88.635414,2008-06-12,rain,debris_flow,large,Sikkim,East Sikkim,NASA COOLR (synthetic NER),,nasa_coolr_synthetic,simulated,NASA Open Data (synthetic representation only)
COOLR-SYN-0722,27.205034,93.037761,2018-08-02,rain_and_snowmelt,rockfall,medium,Arunachal Pradesh,Papum Pare,NASA COOLR (synthetic NER),,nasa_coolr_synthetic,simulated,NASA Open Data (synthetic representation only)
COOLR-SYN-0723,27.395799,91.92005,2011-10-17,rain,debris_flow,large,Arunachal Pradesh,Tawang,NASA COOLR (synthetic NER),,nasa_coolr_synthetic,simulated,NASA Open Data (synthetic representation only)
COOLR-SYN-0724,23.528512,92.864932,2016-07-17,rain,translational_slide,small,Mizoram,Aizawl,NASA COOLR (synthetic NER),,nasa_coolr_synthetic,simulated,NASA Open Data (synthetic representation only)
COOLR-SYN-0725,27.086785,88.480958,2018-08-22,rain,translational_slide,small,Sikkim,West Sikkim,NASA COOLR (synthetic NER),,nasa_coolr_synthetic,simulated,NASA Open Data (synthetic representation only)
COOLR-SYN-0726,27.59599,92.032319,2013-09-23,rain,rockfall,large,Arunachal Pradesh,Tawang,NASA COOLR (synthetic NER),,nasa_coolr_synthetic,simulated,NASA Open Data (synthetic representation only)
COOLR-SYN-0727,27.181694,88.636884,2013-04-11,human_activity,translational_slide,medium,Sikkim,East Sikkim,NASA COOLR (synthetic NER),,nasa_coolr_synthetic,simulated,NASA Open Data (synthetic representation only)
COOLR-SYN-0728,25.705406,91.022302,2013-06-05,rain,mudflow,medium,Meghalaya,West Khasi Hills,NASA COOLR (synthetic NER),,nasa_coolr_synthetic,simulated,NASA Open Data (synthetic representation only)
COOLR-SYN-0729,26.759121,94.049517,2008-07-21,rain,rotational_slide,medium,Nagaland,Dimapur,NASA COOLR (synthetic NER),,nasa_coolr_synthetic,simulated,NASA Open Data (synthetic representation only)
COOLR-SYN-0730,23.432661,92.457497,2017-08-23,rain,mudflow,medium,Mizoram,Champhai,NASA COOLR (synthetic NER),,nasa_coolr_synthetic,simulated,NASA Open Data (synthetic representation only)
COOLR-SYN-0731,23.925424,91.130651,2018-08-14,rain_and_snowmelt,translational_slide,small,Tripura,West Tripura,NASA COOLR (synthetic NER),,nasa_coolr_synthetic,simulated,NASA Open Data (synthetic representation only)
COOLR-SYN-0732,22.991307,92.534658,2016-01-22,earthquake,rockfall,small,Mizoram,Lunglei,NASA COOLR (synthetic NER),,nasa_coolr_synthetic,simulated,NASA Open Data (synthetic representation only)
COOLR-SYN-0733,27.950072,94.877293,2014-06-16,rain,rotational_slide,small,Arunachal Pradesh,Upper Siang,NASA COOLR (synthetic NER),,nasa_coolr_synthetic,simulated,NASA Open Data (synthetic representation only)
COOLR-SYN-0734,26.278095,94.607811,2022-12-06,rain,mudflow,small,Nagaland,Mokokchung,NASA COOLR (synthetic NER),,nasa_coolr_synthetic,simulated,NASA Open Data (synthetic representation only)
COOLR-SYN-0735,25.776761,92.508317,2010-08-02,rain_and_snowmelt,rotational_slide,small,Assam,Cachar,NASA COOLR (synthetic NER),,nasa_coolr_synthetic,simulated,NASA Open Data (synthetic representation only)
COOLR-SYN-0736,23.083745,92.648916,2017-10-14,rain,rotational_slide,large,Mizoram,Lunglei,NASA COOLR (synthetic NER),,nasa_coolr_synthetic,simulated,NASA Open Data (synthetic representation only)
COOLR-SYN-0737,26.696804,94.000759,2020-04-12,human_activity,mudflow,large,Assam,Dima Hasao,NASA COOLR (synthetic NER),,nasa_coolr_synthetic,simulated,NASA Open Data (synthetic representation only)
COOLR-SYN-0738,26.510745,93.988676,2007-10-09,earthquake,rockfall,small,Assam,Dima Hasao,NASA COOLR (synthetic NER),,nasa_coolr_synthetic,simulated,NASA Open Data (synthetic representation only)
COOLR-SYN-0739,25.713283,90.490105,2009-10-11,unknown,translational_slide,very_large,Meghalaya,South Garo Hills,NASA COOLR (synthetic NER),,nasa_coolr_synthetic,simulated,NASA Open Data (synthetic representation only)
COOLR-SYN-0740,27.132987,88.789226,2010-12-16,rain,rockfall,small,Sikkim,East Sikkim,NASA COOLR (synthetic NER),,nasa_coolr_synthetic,simulated,NASA Open Data (synthetic representation only)
COOLR-SYN-0741,24.717595,93.87237,2013-07-19,unknown,rockfall,small,Manipur,Chandel,NASA COOLR (synthetic NER),,nasa_coolr_synthetic,simulated,NASA Open Data (synthetic representation only)
COOLR-SYN-0742,25.172333,92.141592,2010-01-16,human_activity,rockfall,small,Meghalaya,East Khasi Hills,NASA COOLR (synthetic NER),,nasa_coolr_synthetic,simulated,NASA Open Data (synthetic representation only)
COOLR-SYN-0743,26.118849,94.25937,2010-05-03,rain_and_snowmelt,rotational_slide,medium,Nagaland,Kohima,NASA COOLR (synthetic NER),,nasa_coolr_synthetic,simulated,NASA Open Data (synthetic representation only)
COOLR-SYN-0744,26.569241,94.983101,2009-08-25,monsoonal_rain,mudflow,medium,Nagaland,Mokokchung,NASA COOLR (synthetic NER),,nasa_coolr_synthetic,simulated,NASA Open Data (synthetic representation only)
COOLR-SYN-0745,25.340973,91.824508,2019-06-06,earthquake,rockfall,small,Meghalaya,East Khasi Hills,NASA COOLR (synthetic NER),,nasa_coolr_synthetic,simulated,NASA Open Data (synthetic representation only)
COOLR-SYN-0746,27.568802,95.006922,2020-06-16,monsoonal_rain,translational_slide,medium,Arunachal Pradesh,Lohit,NASA COOLR (synthetic NER),,nasa_coolr_synthetic,simulated,NASA Open Data (synthetic representation only)
COOLR-SYN-0747,27.452755,94.938373,2020-10-16,rain,rockfall,medium,Arunachal Pradesh,Lohit,NASA COOLR (synthetic NER),,nasa_coolr_synthetic,simulated,NASA Open Data (synthetic representation only)
COOLR-SYN-0748,27.08311,93.129381,2022-08-15,rain,rotational_slide,very_large,Arunachal Pradesh,Papum Pare,NASA COOLR (synthetic NER),,nasa_coolr_synthetic,simulated,NASA Open Data (synthetic representation only)
COOLR-SYN-0749,25.834086,90.214678,2010-08-12,rain,translational_slide,small,Meghalaya,South Garo Hills,NASA COOLR (synthetic NER),,nasa_coolr_synthetic,simulated,NASA Open Data (synthetic representation only)
COOLR-SYN-0750,25.322207,92.973936,2012-08-08,rain,mudflow,medium,Assam,Cachar,NASA COOLR (synthetic NER),,nasa_coolr_synthetic,simulated,NASA Open Data (synthetic representation only)
COOLR-SYN-0751,27.315862,88.457124,2019-06-25,rain_and_snowmelt,rotational_slide,medium,Sikkim,North Sikkim,NASA COOLR (synthetic NER),,nasa_coolr_synthetic,simulated,NASA Open Data (synthetic representation only)
COOLR-SYN-0752,22.645664,92.5247,2016-09-24,rain,rockfall,medium,Mizoram,Lunglei,NASA COOLR (synthetic NER),,nasa_coolr_synthetic,simulated,NASA Open Data (synthetic representation only)
COOLR-SYN-0753,23.650226,92.445314,2018-07-13,rain,translational_slide,small,Mizoram,Champhai,NASA COOLR (synthetic NER),,nasa_coolr_synthetic,simulated,NASA Open Data (synthetic representation only)
COOLR-SYN-0754,27.222189,88.596395,2015-09-10,rain,rockfall,small,Sikkim,East Sikkim,NASA COOLR (synthetic NER),,nasa_coolr_synthetic,simulated,NASA Open Data (synthetic representation only)
COOLR-SYN-0755,26.021257,93.645383,2012-08-18,rain,rockfall,small,Assam,Karbi Anglong,NASA COOLR (synthetic NER),,nasa_coolr_synthetic,simulated,NASA Open Data (synthetic representation only)
COOLR-SYN-0756,25.5492,92.83723,2017-08-27,human_activity,debris_flow,small,Assam,Cachar,NASA COOLR (synthetic NER),,nasa_coolr_synthetic,simulated,NASA Open Data (synthetic representation only)
COOLR-SYN-0757,24.295933,93.949018,2020-06-01,rain,debris_flow,small,Manipur,Ukhrul,NASA COOLR (synthetic NER),,nasa_coolr_synthetic,simulated,NASA Open Data (synthetic representation only)
COOLR-SYN-0758,27.294949,93.14502,2015-01-20,rain,mudflow,medium,Arunachal Pradesh,Papum Pare,NASA COOLR (synthetic NER),,nasa_coolr_synthetic,simulated,NASA Open Data (synthetic representation only)
COOLR-SYN-0759,26.484774,94.667136,2013-05-23,rain,rockfall,medium,Nagaland,Kohima,NASA COOLR (synthetic NER),,nasa_coolr_synthetic,simulated,NASA Open Data (synthetic representation only)
COOLR-SYN-0760,25.041769,94.42235,2008-08-06,rain,rockfall,small,Manipur,Senapati,NASA COOLR (synthetic NER),,nasa_coolr_synthetic,simulated,NASA Open Data (synthetic representation only)
COOLR-SYN-0761,27.201672,92.920787,2019-09-21,unknown,mudflow,medium,Arunachal Pradesh,Papum Pare,NASA COOLR (synthetic NER),,nasa_coolr_synthetic,simulated,NASA Open Data (synthetic representation only)
COOLR-SYN-0762,24.009326,91.00893,2011-06-09,rain,mudflow,very_large,Tripura,West Tripura,NASA COOLR (synthetic NER),,nasa_coolr_synthetic,simulated,NASA Open Data (synthetic representation only)
COOLR-SYN-0763,27.187209,88.397834,2017-06-15,monsoonal_rain,debris_flow,small,Sikkim,West Sikkim,NASA COOLR (synthetic NER),,nasa_coolr_synthetic,simulated,NASA Open Data (synthetic representation only)
COOLR-SYN-0764,22.830269,92.906463,2007-07-08,rain,debris_flow,large,Mizoram,Lunglei,NASA COOLR (synthetic NER),,nasa_coolr_synthetic,simulated,NASA Open Data (synthetic representation only)
COOLR-SYN-0765,25.230185,92.459567,2007-06-20,rain,rotational_slide,medium,Assam,Cachar,NASA COOLR (synthetic NER),,nasa_coolr_synthetic,simulated,NASA Open Data (synthetic representation only)
COOLR-SYN-0766,25.178395,94.2647,2008-08-12,rain_and_snowmelt,debris_flow,medium,Manipur,Chandel,NASA COOLR (synthetic NER),,nasa_coolr_synthetic,simulated,NASA Open Data (synthetic representation only)
COOLR-SYN-0767,27.883201,92.038049,2021-01-10,rain_and_snowmelt,rockfall,small,Arunachal Pradesh,Tawang,NASA COOLR (synthetic NER),,nasa_coolr_synthetic,simulated,NASA Open Data (synthetic representation only)
COOLR-SYN-0768,23.183199,92.861685,2020-06-15,monsoonal_rain,translational_slide,medium,Mizoram,Aizawl,NASA COOLR (synthetic NER),,nasa_coolr_synthetic,simulated,NASA Open Data (synthetic representation only)
COOLR-SYN-0769,24.897027,93.863335,2012-08-21,rain,rockfall,small,Manipur,Chandel,NASA COOLR (synthetic NER),,nasa_coolr_synthetic,simulated,NASA Open Data (synthetic representation only)
COOLR-SYN-0770,24.379121,94.0182,2017-10-13,rain,debris_flow,large,Manipur,Ukhrul,NASA COOLR (synthetic NER),,nasa_coolr_synthetic,simulated,NASA Open Data (synthetic representation only)
COOLR-SYN-0771,23.602595,92.535338,2015-02-18,unknown,rotational_slide,medium,Mizoram,Champhai,NASA COOLR (synthetic NER),,nasa_coolr_synthetic,simulated,NASA Open Data (synthetic representation only)
COOLR-SYN-0772,26.854009,93.059304,2019-06-17,rain_and_snowmelt,debris_flow,small,Arunachal Pradesh,Papum Pare,NASA COOLR (synthetic NER),,nasa_coolr_synthetic,simulated,NASA Open Data (synthetic representation only)
COOLR-SYN-0773,26.363613,93.774978,2013-05-07,human_activity,debris_flow,large,Nagaland,Dimapur,NASA COOLR (synthetic NER),,nasa_coolr_synthetic,simulated,NASA Open Data (synthetic representation only)
COOLR-SYN-0774,23.915312,92.73069,2009-08-06,monsoonal_rain,mudflow,small,Mizoram,Champhai,NASA COOLR (synthetic NER),,nasa_coolr_synthetic,simulated,NASA Open Data (synthetic representation only)
COOLR-SYN-0775,25.053442,94.520729,2011-07-07,rain,rockfall,large,Manipur,Senapati,NASA COOLR (synthetic NER),,nasa_coolr_synthetic,simulated,NASA Open Data (synthetic representation only)
COOLR-SYN-0776,24.898577,94.210466,2009-07-21,rain,debris_flow,medium,Manipur,Senapati,NASA COOLR (synthetic NER),,nasa_coolr_synthetic,simulated,NASA Open Data (synthetic representation only)
COOLR-SYN-0777,26.975513,88.268369,2022-05-01,rain,translational_slide,medium,Sikkim,West Sikkim,NASA COOLR (synthetic NER),,nasa_coolr_synthetic,simulated,NASA Open Data (synthetic representation only)
COOLR-SYN-0778,27.507539,95.466647,2019-06-06,human_activity,rockfall,very_large,Arunachal Pradesh,Lohit,NASA COOLR (synthetic NER),,nasa_coolr_synthetic,simulated,NASA Open Data (synthetic representation only)
COOLR-SYN-0779,27.626105,88.125079,2007-08-01,rain_and_snowmelt,mudflow,small,Sikkim,North Sikkim,NASA COOLR (synthetic NER),,nasa_coolr_synthetic,simulated,NASA Open Data (synthetic representation only)
COOLR-SYN-0780,25.494484,91.203946,2019-06-26,human_activity,rotational_slide,small,Assam,Kamrup,NASA COOLR (synthetic NER),,nasa_coolr_synthetic,simulated,NASA Open Data (synthetic representation only)
COOLR-SYN-0781,27.513137,95.446236,2022-10-10,earthquake,mudflow,large,Arunachal Pradesh,Lohit,NASA COOLR (synthetic NER),,nasa_coolr_synthetic,simulated,NASA Open Data (synthetic representation only)
COOLR-SYN-0782,25.7328,92.76613,2009-07-04,unknown,rotational_slide,medium,Assam,Cachar,NASA COOLR (synthetic NER),,nasa_coolr_synthetic,simulated,NASA Open Data (synthetic representation only)
COOLR-SYN-0783,25.544332,91.478616,2019-08-11,rain_and_snowmelt,mudflow,medium,Assam,Kamrup,NASA COOLR (synthetic NER),,nasa_coolr_synthetic,simulated,NASA Open Data (synthetic representation only)
COOLR-SYN-0784,26.556387,94.481586,2022-06-18,rain,mudflow,medium,Assam,Dima Hasao,NASA COOLR (synthetic NER),,nasa_coolr_synthetic,simulated,NASA Open Data (synthetic representation only)
COOLR-SYN-0785,26.52397,94.16026,2008-04-09,earthquake,rotational_slide,small,Assam,Dima Hasao,NASA COOLR (synthetic NER),,nasa_coolr_synthetic,simulated,NASA Open Data (synthetic representation only)
COOLR-SYN-0786,26.474298,94.361867,2022-05-27,earthquake,debris_flow,small,Assam,Dima Hasao,NASA COOLR (synthetic NER),,nasa_coolr_synthetic,simulated,NASA Open Data (synthetic representation only)
COOLR-SYN-0787,25.47691,92.407977,2021-08-04,rain,rotational_slide,medium,Assam,Cachar,NASA COOLR (synthetic NER),,nasa_coolr_synthetic,simulated,NASA Open Data (synthetic representation only)
COOLR-SYN-0788,25.569427,90.358427,2012-09-27,rain,debris_flow,large,Meghalaya,South Garo Hills,NASA COOLR (synthetic NER),,nasa_coolr_synthetic,simulated,NASA Open Data (synthetic representation only)
COOLR-SYN-0789,25.155973,93.928757,2017-04-25,human_activity,rotational_slide,very_large,Manipur,Chandel,NASA COOLR (synthetic NER),,nasa_coolr_synthetic,simulated,NASA Open Data (synthetic representation only)
COOLR-SYN-0790,27.551395,88.479819,2011-07-06,human_activity,translational_slide,small,Sikkim,East Sikkim,NASA COOLR (synthetic NER),,nasa_coolr_synthetic,simulated,NASA Open Data (synthetic representation only)
COOLR-SYN-0791,28.180034,94.848541,2011-05-21,rain,rockfall,small,Arunachal Pradesh,Upper Siang,NASA COOLR (synthetic NER),,nasa_coolr_synthetic,simulated,NASA Open Data (synthetic representation only)
COOLR-SYN-0792,24.486062,93.924776,2008-08-15,rain,debris_flow,large,Manipur,Ukhrul,NASA COOLR (synthetic NER),,nasa_coolr_synthetic,simulated,NASA Open Data (synthetic representation only)
COOLR-SYN-0793,28.356406,94.702348,2012-10-15,rain,translational_slide,medium,Arunachal Pradesh,Upper Siang,NASA COOLR (synthetic NER),,nasa_coolr_synthetic,simulated,NASA Open Data (synthetic representation only)
COOLR-SYN-0794,26.299875,93.987593,2007-08-12,monsoonal_rain,rotational_slide,small,Nagaland,Dimapur,NASA COOLR (synthetic NER),,nasa_coolr_synthetic,simulated,NASA Open Data (synthetic representation only)
COOLR-SYN-0795,26.773672,92.852306,2019-09-21,rain,rockfall,small,Arunachal Pradesh,Papum Pare,NASA COOLR (synthetic NER),,nasa_coolr_synthetic,simulated,NASA Open Data (synthetic representation only)
COOLR-SYN-0796,25.986817,94.605904,2016-06-16,earthquake,rotational_slide,medium,Nagaland,Kohima,NASA COOLR (synthetic NER),,nasa_coolr_synthetic,simulated,NASA Open Data (synthetic representation only)
COOLR-SYN-0797,25.640985,90.260392,2008-04-19,unknown,translational_slide,small,Meghalaya,South Garo Hills,NASA COOLR (synthetic NER),,nasa_coolr_synthetic,simulated,NASA Open Data (synthetic representation only)
COOLR-SYN-0798,25.231269,91.039511,2013-07-12,rain,mudflow,large,Meghalaya,West Khasi Hills,NASA COOLR (synthetic NER),,nasa_coolr_synthetic,simulated,NASA Open Data (synthetic representation only)
COOLR-SYN-0799,23.090915,92.681157,2014-03-23,human_activity,rotational_slide,small,Mizoram,Lunglei,NASA COOLR (synthetic NER),,nasa_coolr_synthetic,simulated,NASA Open Data (synthetic representation only)
COOLR-SYN-0800,25.35556,91.229199,2007-08-02,rain,rotational_slide,small,Assam,Kamrup,NASA COOLR (synthetic NER),,nasa_coolr_synthetic,simulated,NASA Open Data (synthetic representation only)
