event_id,latitude,longitude,elevation,slope,aspect,curvature,terrain_ruggedness,data_source,data_quality
ISRO-2017-0001,27.269439,95.379299,3236.0,39.17,200.79,-0.063,29.11,dem_synthetic,simulated
ISRO-2001-0002,25.475193,90.935399,1731.1,24.38,265.1,-0.0111,27.13,dem_synthetic,simulated
ISRO-2011-0003,27.081909,95.363816,934.1,43.28,359.19,0.093,5.95,dem_synthetic,simulated
ISRO-2017-0004,23.547319,92.483361,651.7,35.58,2.49,0.0345,9.35,dem_synthetic,simulated
ISRO-2006-0005,24.43523,93.884778,1837.5,36.1,162.69,-0.0306,90.12,dem_synthetic,simulated
ISRO-2008-0006,23.966339,91.400133,955.6,7.87,129.0,-0.1087,35.48,dem_synthetic,simulated
ISRO-2015-0007,25.319876,92.549954,930.2,34.89,85.26,-0.0118,34.76,dem_synthetic,simulated
ISRO-2009-0008,25.734371,90.119898,1935.8,28.74,226.77,-0.057,56.82,dem_synthetic,simulated
ISRO-2013-0009,25.72679,90.329604,2060.7,12.16,327.15,0.0081,23.83,dem_synthetic,simulated
ISRO-2019-0010,23.36697,91.379151,415.8,13.65,222.31,0.0274,29.32,dem_synthetic,simulated
ISRO-2014-0011,23.453193,91.75701,474.6,33.69,125.26,-0.0449,193.08,dem_synthetic,simulated
ISRO-2002-0012,26.200522,94.326156,2158.9,41.43,30.12,-0.0784,2.95,dem_synthetic,simulated
ISRO-2007-0013,23.193825,92.509003,1018.2,11.88,232.86,0.0153,65.24,dem_synthetic,simulated
ISRO-2017-0014,25.608445,92.674681,1827.1,29.22,83.06,-0.0464,38.56,dem_synthetic,simulated
ISRO-2005-0015,26.23961,94.338386,1371.1,43.07,251.76,0.1452,116.4,dem_synthetic,simulated
ISRO-2012-0016,27.074923,92.792222,3469.1,28.68,184.92,-0.0033,36.81,dem_synthetic,simulated
ISRO-2000-0017,23.743822,92.335296,2048.6,26.21,202.38,0.0323,1.16,dem_synthetic,simulated
ISRO-2021-0018,26.991152,93.141368,1638.3,39.88,93.76,0.041,9.38,dem_synthetic,simulated
ISRO-2009-0019,25.583488,90.215784,1762.9,27.93,196.19,0.0157,130.52,dem_synthetic,simulated
ISRO-2001-0020,25.727018,90.104288,1511.1,27.78,238.23,0.1142,26.99,dem_synthetic,simulated
ISRO-2000-0021,25.608006,91.265107,2055.5,44.52,198.93,0.0216,32.98,dem_synthetic,simulated
ISRO-2005-0022,23.72645,91.495459,1051.3,26.88,243.28,0.0206,25.25,dem_synthetic,simulated
ISRO-2008-0023,26.346188,94.095839,1381.7,32.67,27.99,-0.0113,16.28,dem_synthetic,simulated
ISRO-2017-0024,27.680831,91.736829,2967.6,35.28,131.48,0.0111,61.81,dem_synthetic,simulated
ISRO-2001-0025,27.765556,91.626642,1620.8,42.13,270.86,0.0188,21.95,dem_synthetic,simulated
ISRO-2017-0026,23.735913,91.600371,1057.8,21.64,167.65,0.0062,5.03,dem_synthetic,simulated
ISRO-2001-0027,23.503165,91.697131,959.5,25.24,140.71,-0.0675,153.68,dem_synthetic,simulated
ISRO-2001-0028,27.111877,88.813781,1956.8,48.64,342.66,0.0016,0.2,dem_synthetic,simulated
ISRO-2005-0029,25.712404,90.76243,1912.7,52.75,249.64,0.1035,42.89,dem_synthetic,simulated
ISRO-2022-0030,27.648021,92.016512,2196.7,47.69,115.31,0.0477,87.54,dem_synthetic,simulated
ISRO-2018-0031,26.248409,93.76632,1892.0,22.6,61.23,-0.0201,96.15,dem_synthetic,simulated
ISRO-2007-0032,26.962941,93.075966,2286.1,35.83,345.25,0.0189,123.52,dem_synthetic,simulated
ISRO-2018-0033,27.102639,88.383279,3249.3,36.65,317.59,-0.0913,96.36,dem_synthetic,simulated
ISRO-2021-0034,27.032766,88.19236,2076.7,43.37,243.48,0.0414,18.86,dem_synthetic,simulated
ISRO-1999-0035,27.345572,88.690357,1318.0,44.46,15.71,-0.0165,9.04,dem_synthetic,simulated
ISRO-1999-0036,25.340749,90.868372,1159.4,16.34,120.07,-0.0035,101.14,dem_synthetic,simulated
ISRO-2011-0037,23.600836,91.466729,1117.9,37.84,30.26,0.0628,76.3,dem_synthetic,simulated
ISRO-2022-0038,25.651013,92.839739,2651.5,41.24,138.64,0.0067,47.05,dem_synthetic,simulated
ISRO-2019-0039,23.4814,91.542545,470.9,7.33,24.16,0.109,32.02,dem_synthetic,simulated
ISRO-2003-0040,23.333756,92.633196,881.4,14.71,57.24,-0.05,61.82,dem_synthetic,simulated
ISRO-2020-0041,23.690455,92.414181,675.4,23.74,255.67,0.0366,108.95,dem_synthetic,simulated
ISRO-2013-0042,26.394078,94.117447,1887.9,33.13,303.14,-0.001,23.23,dem_synthetic,simulated
ISRO-2000-0043,23.012858,92.592247,544.8,21.41,64.42,-0.01,72.51,dem_synthetic,simulated
ISRO-2017-0044,25.147557,94.323014,1861.7,29.81,63.38,-0.0115,29.24,dem_synthetic,simulated
ISRO-2012-0045,27.036215,92.982993,2320.2,33.23,88.17,0.0824,75.93,dem_synthetic,simulated
ISRO-2021-0046,26.809867,92.808552,1874.3,37.43,38.49,-0.0199,135.55,dem_synthetic,simulated
ISRO-2006-0047,26.399183,94.631266,1960.5,34.26,97.09,-0.0184,22.23,dem_synthetic,simulated
ISRO-2021-0048,27.268952,95.14166,2605.7,27.7,97.79,0.0149,153.66,dem_synthetic,simulated
ISRO-2007-0049,27.243316,93.10888,2114.5,37.32,203.53,0.0544,305.97,dem_synthetic,simulated
ISRO-2012-0050,25.393048,91.856151,1375.7,26.1,278.18,-0.0081,113.21,dem_synthetic,simulated
ISRO-2005-0051,27.809221,91.940647,3599.8,39.83,240.79,0.0166,20.36,dem_synthetic,simulated
ISRO-2000-0052,28.349552,94.782842,2850.9,37.76,248.82,0.074,146.79,dem_synthetic,simulated
ISRO-2001-0053,25.138384,93.949102,56.3,22.97,228.05,-0.0022,208.63,dem_synthetic,simulated
ISRO-2013-0054,27.450741,88.469276,2335.2,33.54,18.89,0.0294,155.8,dem_synthetic,simulated
ISRO-2015-0055,27.46899,88.370076,2180.9,34.38,181.06,-0.0571,69.61,dem_synthetic,simulated
ISRO-2019-0056,27.127606,95.317311,2813.4,43.68,171.12,0.121,93.35,dem_synthetic,simulated
ISRO-1999-0057,25.558154,90.771175,2210.5,20.1,104.28,0.0013,0.52,dem_synthetic,simulated
ISRO-2022-0058,24.77928,94.54204,1254.2,26.66,119.84,-0.0377,59.92,dem_synthetic,simulated
ISRO-2012-0059,24.599888,93.974617,1128.2,15.04,228.27,-0.0019,184.48,dem_synthetic,simulated
ISRO-2000-0060,26.817047,92.889038,1430.8,32.26,99.01,-0.0005,17.27,dem_synthetic,simulated
ISRO-2008-0061,26.858814,93.044153,1554.4,43.36,283.9,0.0395,19.69,dem_synthetic,simulated
ISRO-2012-0062,27.332886,95.301001,3411.4,42.52,134.54,0.0164,136.12,dem_synthetic,simulated
ISRO-2008-0063,26.563006,94.130329,2594.7,28.64,93.64,0.0104,4.57,dem_synthetic,simulated
ISRO-2011-0064,26.649935,93.907225,687.9,29.86,251.26,0.043,74.6,dem_synthetic,simulated
ISRO-1999-0065,27.190306,88.517065,1962.9,48.95,128.58,-0.0138,82.84,dem_synthetic,simulated
ISRO-2019-0066,26.136131,94.326806,964.0,32.93,211.58,-0.1356,120.19,dem_synthetic,simulated
ISRO-2017-0067,24.905481,94.193833,730.7,37.65,45.06,-0.0559,32.55,dem_synthetic,simulated
ISRO-2011-0068,26.331876,93.832953,3264.2,23.13,123.23,-0.0058,57.09,dem_synthetic,simulated
ISRO-2001-0069,22.874123,92.746286,650.4,10.56,228.11,-0.0594,73.57,dem_synthetic,simulated
ISRO-2002-0070,26.303552,93.672325,2631.5,27.48,122.0,-0.0176,21.2,dem_synthetic,simulated
ISRO-2000-0071,27.471834,91.971794,2682.4,42.04,335.74,-0.038,22.44,dem_synthetic,simulated
ISRO-2007-0072,26.219764,94.419228,2404.5,40.69,21.56,-0.0242,22.99,dem_synthetic,simulated
ISRO-2020-0073,25.043562,94.275137,1574.1,31.75,266.81,0.0926,54.81,dem_synthetic,simulated
ISRO-2020-0074,23.565416,91.438753,418.1,39.58,348.43,-0.0032,230.29,dem_synthetic,simulated
ISRO-2005-0075,24.549239,93.653657,1328.8,25.77,213.41,-0.0118,172.49,dem_synthetic,simulated
ISRO-2009-0076,27.630716,88.601664,2702.6,44.88,240.16,0.0221,93.84,dem_synthetic,simulated
ISRO-2016-0077,25.470044,91.026552,1664.0,31.57,175.16,0.0487,105.46,dem_synthetic,simulated
ISRO-2016-0078,23.423246,91.411935,888.7,36.92,85.87,0.0625,43.08,dem_synthetic,simulated
ISRO-2022-0079,25.355788,91.546841,1936.5,14.61,201.61,-0.0594,15.22,dem_synthetic,simulated
ISRO-1998-0080,25.436351,92.474349,1333.5,32.02,24.18,0.0011,151.87,dem_synthetic,simulated
ISRO-2016-0081,26.650436,93.774482,2717.2,30.83,208.61,-0.0113,25.08,dem_synthetic,simulated
ISRO-2014-0082,25.264804,92.650678,1464.7,44.31,268.22,0.0327,5.29,dem_synthetic,simulated
ISRO-2019-0083,26.199472,94.74516,1524.2,25.85,172.53,-0.0411,187.42,dem_synthetic,simulated
ISRO-2006-0084,23.80882,92.653716,247.6,22.82,202.82,-0.0024,71.77,dem_synthetic,simulated
ISRO-2022-0085,26.500441,92.847606,2684.8,35.65,310.73,-0.0537,5.94,dem_synthetic,simulated
ISRO-1999-0086,27.15099,94.958834,2112.3,37.5,164.21,-0.0034,55.87,dem_synthetic,simulated
ISRO-2016-0087,23.520428,91.49227,1516.9,37.68,116.62,0.0816,72.53,dem_synthetic,simulated
ISRO-2016-0088,23.545372,91.67672,1628.6,28.76,201.74,-0.0246,5.46,dem_synthetic,simulated
ISRO-2005-0089,27.630745,91.945987,3578.2,44.64,95.75,-0.0188,97.23,dem_synthetic,simulated
ISRO-2018-0090,25.701277,92.843795,2140.5,21.93,18.91,-0.0427,258.3,dem_synthetic,simulated
ISRO-2010-0091,26.266486,94.467921,2336.6,30.7,309.03,0.0537,0.72,dem_synthetic,simulated
ISRO-2009-0092,23.508044,91.506285,1055.6,18.9,141.55,-0.0157,182.74,dem_synthetic,simulated
ISRO-2003-0093,24.901036,94.047063,784.7,35.92,152.59,0.0336,72.79,dem_synthetic,simulated
ISRO-2010-0094,27.294751,95.116547,1390.6,43.59,355.14,0.0219,127.45,dem_synthetic,simulated
ISRO-2004-0095,23.389932,92.791629,50.0,20.01,337.25,0.0267,19.31,dem_synthetic,simulated
ISRO-2015-0096,27.325227,88.173687,3027.7,34.64,347.17,0.0007,7.81,dem_synthetic,simulated
ISRO-2000-0097,27.060075,92.870819,2082.8,26.64,184.15,0.0124,64.73,dem_synthetic,simulated
ISRO-2013-0098,25.331372,91.136469,2883.2,32.75,19.27,-0.0656,15.66,dem_synthetic,simulated
ISRO-2022-0099,27.130768,88.45658,2456.2,39.73,283.08,0.0165,20.33,dem_synthetic,simulated
ISRO-2005-0100,22.689054,92.564917,985.7,30.25,292.48,-0.0763,52.62,dem_synthetic,simulated
ISRO-2016-0101,26.008577,94.09501,2034.7,25.26,273.94,0.0361,11.87,dem_synthetic,simulated
ISRO-2010-0102,26.545887,94.452004,2866.2,22.25,220.68,0.0231,43.53,dem_synthetic,simulated
ISRO-2020-0103,27.3181,95.260896,1993.9,27.65,104.86,0.0245,72.17,dem_synthetic,simulated
ISRO-2018-0104,23.25908,91.647857,93.3,31.48,37.67,0.0499,153.98,dem_synthetic,simulated
ISRO-2007-0105,25.58881,91.112885,746.1,15.81,24.68,0.037,144.61,dem_synthetic,simulated
ISRO-1998-0106,23.948014,91.310115,1323.5,30.29,284.57,-0.0034,47.18,dem_synthetic,simulated
ISRO-2001-0107,25.530775,91.939221,2342.7,32.99,338.89,0.0088,18.37,dem_synthetic,simulated
ISRO-2016-0108,27.689183,88.339526,2581.2,45.25,191.6,-0.0932,85.54,dem_synthetic,simulated
ISRO-2000-0109,25.201987,94.282786,2290.5,26.33,16.11,0.0346,58.7,dem_synthetic,simulated
ISRO-2022-0110,26.438572,94.309656,2794.4,28.93,58.25,-0.0771,137.73,dem_synthetic,simulated
ISRO-2008-0111,24.550887,94.117691,977.2,39.84,20.13,-0.014,16.08,dem_synthetic,simulated
ISRO-2002-0112,25.492281,91.319739,1672.2,31.32,289.68,0.0306,6.8,dem_synthetic,simulated
ISRO-2004-0113,25.251044,91.242883,2220.5,26.99,20.23,-0.008,35.45,dem_synthetic,simulated
ISRO-2021-0114,27.37626,95.197753,2438.4,29.57,248.35,0.0165,1.63,dem_synthetic,simulated
ISRO-2020-0115,26.542284,94.941183,2941.5,42.03,61.37,0.0504,25.94,dem_synthetic,simulated
ISRO-2000-0116,25.172898,94.158378,2108.7,29.13,211.58,-0.0358,168.33,dem_synthetic,simulated
ISRO-2012-0117,24.917565,94.298016,1220.4,27.93,317.18,0.0265,32.19,dem_synthetic,simulated
ISRO-2021-0118,23.210328,92.898061,525.7,29.23,102.33,0.0623,113.29,dem_synthetic,simulated
ISRO-2009-0119,27.972629,94.805123,4371.7,33.49,89.61,-0.0171,355.81,dem_synthetic,simulated
ISRO-2004-0120,25.230627,91.62001,1965.8,29.14,132.9,0.0075,43.11,dem_synthetic,simulated
ISRO-2011-0121,24.467282,93.715877,957.0,24.31,354.77,-0.0311,83.74,dem_synthetic,simulated
ISRO-2011-0122,24.653859,94.276592,1207.5,19.52,317.33,0.0528,86.28,dem_synthetic,simulated
ISRO-2009-0123,28.050226,94.715943,2995.3,47.2,248.12,-0.0324,86.58,dem_synthetic,simulated
ISRO-2001-0124,27.510333,88.520694,2993.6,34.81,127.48,-0.0447,247.96,dem_synthetic,simulated
ISRO-2017-0125,22.755977,93.011892,762.0,23.28,291.33,0.011,76.61,dem_synthetic,simulated
ISRO-1999-0126,27.479131,88.214515,2188.9,41.11,210.91,0.0395,332.66,dem_synthetic,simulated
ISRO-2016-0127,24.48055,93.979976,1505.3,22.68,319.41,-0.0319,256.96,dem_synthetic,simulated
ISRO-2014-0128,27.473004,94.970127,2792.7,34.34,54.09,-0.0418,259.5,dem_synthetic,simulated
ISRO-2014-0129,26.40124,94.223768,1621.9,38.7,92.83,-0.0374,48.95,dem_synthetic,simulated
ISRO-2010-0130,23.603543,92.65965,1346.2,22.43,280.11,-0.0312,72.19,dem_synthetic,simulated
ISRO-2000-0131,27.383745,88.677759,2849.8,40.57,59.22,0.0497,86.47,dem_synthetic,simulated
ISRO-2019-0132,23.67334,91.383925,660.2,38.43,121.34,-0.0292,0.5,dem_synthetic,simulated
ISRO-2020-0133,27.051261,88.32104,2721.6,27.3,255.15,0.0475,54.16,dem_synthetic,simulated
ISRO-2006-0134,28.338064,94.649838,3146.4,27.56,316.04,0.0136,111.9,dem_synthetic,simulated
ISRO-2009-0135,25.017969,94.576992,515.4,31.18,291.56,-0.065,54.15,dem_synthetic,simulated
ISRO-2004-0136,27.506336,88.811937,3508.8,49.82,275.05,-0.1112,183.08,dem_synthetic,simulated
ISRO-2010-0137,27.278226,95.070113,3117.6,56.64,331.69,0.0386,68.0,dem_synthetic,simulated
ISRO-2003-0138,26.258028,94.080285,1199.3,27.23,21.23,-0.0279,17.64,dem_synthetic,simulated
ISRO-2001-0139,25.637168,92.507852,1863.4,15.59,50.44,0.0598,43.86,dem_synthetic,simulated
ISRO-2013-0140,24.71645,94.140411,2199.2,20.08,205.98,-0.0161,10.96,dem_synthetic,simulated
ISRO-2014-0141,26.305922,94.366265,1665.3,19.45,221.5,0.0083,128.44,dem_synthetic,simulated
ISRO-2014-0142,26.546021,94.949711,1912.4,44.21,285.75,0.0285,54.09,dem_synthetic,simulated
ISRO-2009-0143,26.062388,93.67571,1267.9,29.11,283.84,-0.0154,119.89,dem_synthetic,simulated
ISRO-2008-0144,23.710773,91.42441,1756.8,18.09,206.25,0.0247,65.48,dem_synthetic,simulated
ISRO-2000-0145,27.026763,88.31692,3531.2,27.23,112.88,-0.0892,27.01,dem_synthetic,simulated
ISRO-1998-0146,27.376129,95.361564,1837.2,32.44,38.33,0.0623,110.91,dem_synthetic,simulated
ISRO-2018-0147,24.796378,94.047241,1676.8,21.25,357.65,0.0529,42.95,dem_synthetic,simulated
ISRO-2009-0148,26.133952,94.359595,2671.1,36.97,235.92,0.0403,462.1,dem_synthetic,simulated
ISRO-2002-0149,26.561554,92.749253,2314.5,40.5,225.88,-0.0642,8.4,dem_synthetic,simulated
ISRO-2019-0150,26.637798,92.986429,2516.0,31.23,53.81,-0.091,112.81,dem_synthetic,simulated
ISRO-2012-0151,27.625454,91.964273,2390.8,49.75,276.42,-0.0303,16.11,dem_synthetic,simulated
ISRO-2004-0152,22.859328,92.928955,1107.3,43.08,269.14,0.0875,11.25,dem_synthetic,simulated
ISRO-2005-0153,26.432048,92.888326,2984.7,45.52,220.14,-0.1115,37.6,dem_synthetic,simulated
ISRO-2002-0154,26.495132,94.684978,3288.5,37.79,261.67,0.0034,0.74,dem_synthetic,simulated
ISRO-2002-0155,25.389764,91.957046,1883.9,25.76,314.61,0.1162,78.36,dem_synthetic,simulated
ISRO-2019-0156,22.810199,92.730379,134.1,14.93,298.21,0.0081,24.69,dem_synthetic,simulated
ISRO-2020-0157,26.514833,94.499916,2520.7,36.14,114.6,-0.0075,123.25,dem_synthetic,simulated
ISRO-2016-0158,23.659904,91.61303,866.3,29.19,47.6,0.0656,90.59,dem_synthetic,simulated
ISRO-2012-0159,27.453095,95.035171,3300.5,60.14,178.15,-0.0766,82.76,dem_synthetic,simulated
ISRO-2007-0160,26.342376,94.514026,2017.5,39.88,326.3,0.0312,158.64,dem_synthetic,simulated
ISRO-2006-0161,23.354335,92.66576,675.0,22.26,359.49,0.0477,16.66,dem_synthetic,simulated
ISRO-2009-0162,26.133967,93.880909,1944.1,46.19,229.13,0.1161,46.32,dem_synthetic,simulated
ISRO-2000-0163,25.333031,91.111557,1808.2,28.27,228.42,-0.0072,59.4,dem_synthetic,simulated
ISRO-2018-0164,25.713752,91.048697,2537.2,29.27,33.79,-0.0623,2.19,dem_synthetic,simulated
ISRO-2012-0165,26.952309,88.069271,2772.4,35.08,254.76,0.0324,35.23,dem_synthetic,simulated
ISRO-2010-0166,25.482879,92.452737,2441.5,35.67,208.33,-0.012,54.95,dem_synthetic,simulated
ISRO-2004-0167,27.930294,94.837454,1730.0,38.71,2.81,0.1083,118.98,dem_synthetic,simulated
ISRO-2002-0168,27.547136,88.589074,3471.8,29.9,95.51,0.0094,106.41,dem_synthetic,simulated
ISRO-2022-0169,22.953606,92.76249,444.4,29.12,316.42,-0.0435,68.77,dem_synthetic,simulated
ISRO-2005-0170,28.001898,94.887167,3168.0,38.85,22.42,0.0458,103.72,dem_synthetic,simulated
ISRO-2014-0171,22.838367,92.859357,374.7,17.53,171.55,-0.0923,27.04,dem_synthetic,simulated
ISRO-2002-0172,25.622071,90.098405,2253.4,34.18,336.1,-0.015,22.39,dem_synthetic,simulated
ISRO-2014-0173,23.585705,92.767117,556.4,19.84,286.07,-0.0253,157.44,dem_synthetic,simulated
ISRO-2021-0174,25.0702,92.202899,1554.4,24.24,122.75,0.0884,38.77,dem_synthetic,simulated
ISRO-2000-0175,26.979912,88.467354,2843.4,27.67,50.05,-0.0709,344.88,dem_synthetic,simulated
ISRO-2009-0176,26.081559,94.934376,2142.1,45.95,78.75,-0.0221,147.92,dem_synthetic,simulated
ISRO-2019-0177,23.803922,92.66501,1367.6,36.52,252.17,-0.0345,53.16,dem_synthetic,simulated
ISRO-2011-0178,26.121748,94.099461,1504.8,39.68,108.16,0.0218,37.65,dem_synthetic,simulated
ISRO-2007-0179,26.045753,93.694877,2264.9,24.37,119.22,-0.0256,19.14,dem_synthetic,simulated
ISRO-1998-0180,27.128762,95.05291,2671.0,36.51,238.79,-0.0302,31.95,dem_synthetic,simulated
ISRO-2003-0181,27.874559,94.526801,1864.0,54.72,292.16,0.0112,139.66,dem_synthetic,simulated
ISRO-2013-0182,23.550934,92.650292,901.7,24.82,236.49,-0.0542,2.89,dem_synthetic,simulated
ISRO-2003-0183,25.268921,92.322847,1545.8,33.11,351.58,0.1261,61.03,dem_synthetic,simulated
ISRO-2014-0184,26.486427,92.76738,2264.1,42.23,169.46,0.0048,32.52,dem_synthetic,simulated
ISRO-2000-0185,27.298824,88.609775,2370.1,37.76,262.71,0.0064,49.8,dem_synthetic,simulated
ISRO-2008-0186,26.983413,88.346478,2466.8,37.53,290.7,0.0506,3.31,dem_synthetic,simulated
ISRO-2020-0187,25.287781,91.880165,345.2,35.72,105.37,0.0814,5.1,dem_synthetic,simulated
ISRO-2019-0188,26.565533,94.123837,3283.6,44.14,288.71,-0.0224,176.02,dem_synthetic,simulated
ISRO-2018-0189,22.902881,92.918287,888.4,20.34,26.08,0.0278,66.72,dem_synthetic,simulated
ISRO-2013-0190,24.923635,94.597344,1553.0,25.12,199.7,-0.0067,7.28,dem_synthetic,simulated
ISRO-2005-0191,24.514696,94.091413,1450.6,34.23,189.05,-0.0943,41.42,dem_synthetic,simulated
ISRO-2001-0192,26.186715,94.604167,3963.1,26.98,359.85,0.0317,52.81,dem_synthetic,simulated
ISRO-2017-0193,25.623995,92.857537,2836.8,34.09,172.68,0.096,114.15,dem_synthetic,simulated
ISRO-2009-0194,25.44603,92.570464,3197.9,16.5,215.43,-0.0551,10.72,dem_synthetic,simulated
ISRO-2005-0195,26.134636,94.367999,1888.0,30.25,181.1,0.1161,43.96,dem_synthetic,simulated
ISRO-2022-0196,22.956758,92.99489,433.0,18.8,102.5,-0.0844,26.89,dem_synthetic,simulated
ISRO-2009-0197,23.397157,92.653681,466.4,39.75,86.0,-0.0422,26.09,dem_synthetic,simulated
ISRO-2017-0198,26.673918,94.447412,2559.2,41.1,36.2,-0.0762,44.15,dem_synthetic,simulated
ISRO-2013-0199,27.519403,88.52232,2809.9,41.11,40.03,0.0744,189.07,dem_synthetic,simulated
ISRO-2021-0200,22.85144,92.96706,755.7,27.0,348.34,0.0505,24.59,dem_synthetic,simulated
ISRO-2020-0201,27.020028,88.388854,2699.6,29.65,221.92,0.0115,183.04,dem_synthetic,simulated
ISRO-2008-0202,27.566258,91.676517,3385.8,30.98,303.9,-0.0022,5.28,dem_synthetic,simulated
ISRO-1998-0203,23.735584,92.747039,1014.3,24.13,330.81,-0.0223,52.39,dem_synthetic,simulated
ISRO-2007-0204,27.123538,92.935772,3214.0,35.28,357.06,0.0392,74.99,dem_synthetic,simulated
ISRO-2014-0205,25.595201,91.241494,2028.3,32.84,284.35,-0.0311,49.76,dem_synthetic,simulated
ISRO-2016-0206,27.098894,95.184116,1988.3,44.68,262.6,0.0112,17.94,dem_synthetic,simulated
ISRO-2020-0207,26.65136,94.083015,3088.6,37.78,304.2,-0.0577,70.77,dem_synthetic,simulated
ISRO-2003-0208,23.973336,91.249598,1474.3,17.91,37.81,-0.0008,19.02,dem_synthetic,simulated
ISRO-2020-0209,24.675499,94.07419,1014.3,31.98,64.43,0.0122,65.15,dem_synthetic,simulated
ISRO-2016-0210,25.314147,91.140419,372.4,12.87,133.29,-0.0813,100.17,dem_synthetic,simulated
ISRO-2016-0211,23.660253,91.724676,862.7,18.92,275.56,0.0208,19.49,dem_synthetic,simulated
ISRO-2012-0212,25.447551,91.143446,1134.6,27.53,344.32,-0.0125,81.54,dem_synthetic,simulated
ISRO-2002-0213,26.447616,94.930313,1298.8,24.11,106.89,-0.0266,8.28,dem_synthetic,simulated
ISRO-2009-0214,23.943314,92.296904,1462.3,17.66,76.62,0.0465,138.42,dem_synthetic,simulated
ISRO-2022-0215,23.591765,92.60066,1087.9,15.7,8.67,-0.0729,17.02,dem_synthetic,simulated
ISRO-1998-0216,23.660079,91.405959,1183.2,19.08,20.25,0.1659,26.55,dem_synthetic,simulated
ISRO-1998-0217,26.448218,94.222574,2200.5,25.16,241.84,0.0096,63.25,dem_synthetic,simulated
ISRO-2020-0218,26.357962,94.015646,2874.2,38.41,214.36,-0.0253,107.12,dem_synthetic,simulated
ISRO-2015-0219,25.06778,94.221997,2064.9,22.89,154.13,-0.0594,56.19,dem_synthetic,simulated
ISRO-2020-0220,27.755876,91.724782,4202.6,38.96,199.58,0.1003,28.67,dem_synthetic,simulated
ISRO-2006-0221,27.134567,88.455886,2170.6,35.11,353.71,0.0828,3.89,dem_synthetic,simulated
ISRO-2001-0222,27.763627,91.84012,2822.2,33.03,55.51,-0.0778,51.96,dem_synthetic,simulated
ISRO-2015-0223,23.773696,91.223032,627.7,25.16,326.43,-0.1151,121.36,dem_synthetic,simulated
ISRO-2004-0224,26.671035,93.915101,2183.5,41.31,356.91,0.0287,11.06,dem_synthetic,simulated
ISRO-2003-0225,26.594451,94.204898,2003.4,25.85,229.85,-0.0419,91.18,dem_synthetic,simulated
ISRO-2013-0226,25.061773,93.91754,450.3,33.96,197.77,0.0229,16.07,dem_synthetic,simulated
ISRO-2008-0227,27.893356,94.561184,2211.4,37.25,160.38,-0.0591,19.53,dem_synthetic,simulated
ISRO-2017-0228,27.586278,91.799597,1924.2,31.99,14.87,-0.1249,89.49,dem_synthetic,simulated
ISRO-2016-0229,23.285925,91.607844,50.0,26.41,264.72,0.0049,23.73,dem_synthetic,simulated
ISRO-2009-0230,25.340442,90.858458,1281.4,24.25,95.9,0.0564,29.19,dem_synthetic,simulated
ISRO-1998-0231,26.234991,94.327142,3129.5,37.21,178.6,-0.0167,48.23,dem_synthetic,simulated
ISRO-2008-0232,25.529822,91.26534,3403.7,32.06,18.93,-0.0728,185.33,dem_synthetic,simulated
ISRO-2003-0233,26.193446,94.575217,2955.1,35.25,47.93,-0.0361,116.18,dem_synthetic,simulated
ISRO-2013-0234,25.579985,91.616467,2453.1,23.82,201.27,-0.084,82.22,dem_synthetic,simulated
ISRO-2022-0235,25.742523,92.903053,1485.1,33.24,41.97,0.0283,6.15,dem_synthetic,simulated
ISRO-2010-0236,26.468335,92.754162,2220.4,42.43,203.72,-0.0509,56.77,dem_synthetic,simulated
ISRO-2019-0237,25.473141,90.863934,1757.0,36.11,196.44,0.0158,42.22,dem_synthetic,simulated
ISRO-2014-0238,25.387516,92.482473,2129.8,33.96,42.82,-0.0242,13.46,dem_synthetic,simulated
ISRO-2013-0239,25.472344,90.971426,1607.0,27.2,163.42,0.0254,51.31,dem_synthetic,simulated
ISRO-2020-0240,23.424747,92.52502,756.0,20.24,150.01,0.0172,12.05,dem_synthetic,simulated
ISRO-2010-0241,27.400136,88.388616,2684.4,45.88,217.76,-0.0287,10.56,dem_synthetic,simulated
ISRO-1998-0242,24.769589,94.472005,1403.6,23.43,183.12,0.0532,9.74,dem_synthetic,simulated
ISRO-2009-0243,27.551703,88.272783,2002.2,38.37,304.73,-0.001,195.62,dem_synthetic,simulated
ISRO-2018-0244,27.212843,92.850674,2778.1,35.62,249.34,0.0078,171.38,dem_synthetic,simulated
ISRO-2017-0245,27.735101,88.602951,2343.1,39.27,247.0,-0.0432,38.45,dem_synthetic,simulated
ISRO-2013-0246,23.758627,91.335921,792.3,24.34,243.04,0.0519,150.1,dem_synthetic,simulated
ISRO-2009-0247,25.504915,90.906107,2504.6,23.47,330.89,-0.0251,96.31,dem_synthetic,simulated
ISRO-2009-0248,26.421284,94.617073,3108.4,41.74,216.47,0.0813,113.49,dem_synthetic,simulated
ISRO-2013-0249,23.613335,92.578947,1380.2,17.26,343.41,0.1291,111.41,dem_synthetic,simulated
ISRO-2006-0250,27.285622,88.387653,1219.6,40.09,180.43,0.0826,41.28,dem_synthetic,simulated
ISRO-2019-0251,25.373195,91.626488,1675.0,21.12,165.77,-0.0679,82.66,dem_synthetic,simulated
ISRO-2001-0252,26.193767,93.673686,1775.9,36.73,41.44,-0.0078,11.61,dem_synthetic,simulated
ISRO-2004-0253,25.266022,92.757193,646.6,35.74,7.07,-0.0091,64.99,dem_synthetic,simulated
ISRO-2009-0254,25.347036,91.555151,1461.6,22.98,114.56,-0.0038,18.4,dem_synthetic,simulated
ISRO-2006-0255,26.46064,93.800144,1484.4,24.94,40.42,-0.001,27.67,dem_synthetic,simulated
ISRO-2005-0256,27.343778,88.366178,2158.7,37.44,135.77,-0.0426,16.58,dem_synthetic,simulated
ISRO-2001-0257,25.418143,91.243824,2437.0,33.63,107.97,0.0395,85.52,dem_synthetic,simulated
ISRO-2022-0258,26.987438,92.815461,2486.6,27.23,54.42,0.0037,135.83,dem_synthetic,simulated
ISRO-2008-0259,25.915053,90.301206,1259.6,22.35,243.54,-0.0892,54.97,dem_synthetic,simulated
ISRO-2004-0260,27.177738,92.944945,3018.9,23.99,13.42,0.0123,58.55,dem_synthetic,simulated
ISRO-2007-0261,24.350092,93.990017,772.2,22.86,22.21,-0.0461,63.91,dem_synthetic,simulated
ISRO-2015-0262,26.083255,93.830649,2489.9,47.66,36.01,-0.0657,20.37,dem_synthetic,simulated
ISRO-1998-0263,26.4973,93.811969,2585.4,44.15,329.33,-0.0791,193.7,dem_synthetic,simulated
ISRO-2013-0264,26.60518,94.306793,1616.4,35.9,104.5,0.0652,132.73,dem_synthetic,simulated
ISRO-2002-0265,26.356555,94.457062,2316.4,38.09,234.73,0.0378,84.56,dem_synthetic,simulated
ISRO-2004-0266,25.166405,91.289677,2120.6,38.84,149.77,0.1822,96.43,dem_synthetic,simulated
ISRO-2000-0267,25.162602,91.251057,1713.6,20.91,137.47,0.0448,2.11,dem_synthetic,simulated
ISRO-2005-0268,23.93697,91.432378,646.8,20.69,304.59,0.1263,121.57,dem_synthetic,simulated
ISRO-2005-0269,26.714621,93.797171,2544.1,32.99,102.28,0.0217,50.4,dem_synthetic,simulated
ISRO-2017-0270,23.849611,92.551205,1063.9,19.11,350.59,0.0255,86.18,dem_synthetic,simulated
ISRO-2009-0271,23.582607,92.446368,644.5,25.43,84.29,-0.0109,111.89,dem_synthetic,simulated
ISRO-2006-0272,26.501256,93.958872,1284.4,25.91,310.03,0.0085,21.07,dem_synthetic,simulated
ISRO-2008-0273,25.861956,90.178361,1251.2,29.02,76.71,-0.0085,13.11,dem_synthetic,simulated
ISRO-2011-0274,23.634989,91.459114,798.2,18.51,41.4,-0.006,33.49,dem_synthetic,simulated
ISRO-2016-0275,24.579424,94.448928,1549.7,27.95,28.29,0.0195,75.33,dem_synthetic,simulated
ISRO-2000-0276,25.018526,94.597364,1680.8,42.95,130.21,0.0045,96.24,dem_synthetic,simulated
ISRO-2001-0277,25.102076,92.349883,1884.9,14.47,188.84,0.0561,28.23,dem_synthetic,simulated
ISRO-2000-0278,27.414816,88.523747,2007.6,54.73,172.41,-0.0454,31.09,dem_synthetic,simulated
ISRO-2020-0279,25.576654,90.402636,1141.1,39.94,280.47,0.0344,17.23,dem_synthetic,simulated
ISRO-2000-0280,25.224926,94.224257,1937.7,25.17,35.99,-0.0149,73.27,dem_synthetic,simulated
ISRO-2005-0281,25.080315,92.034439,1765.5,36.01,104.33,-0.0225,0.84,dem_synthetic,simulated
ISRO-2007-0282,25.322692,91.416953,3010.8,14.86,251.72,0.0126,31.54,dem_synthetic,simulated
ISRO-2020-0283,27.146836,92.779359,1677.4,30.82,75.49,-0.0134,209.73,dem_synthetic,simulated
ISRO-2012-0284,24.813282,94.22576,1542.6,15.01,169.72,0.0904,51.03,dem_synthetic,simulated
ISRO-2016-0285,25.171228,94.284527,1188.6,41.8,256.94,-0.003,13.27,dem_synthetic,simulated
ISRO-2008-0286,25.144052,92.019512,2363.5,34.89,235.2,-0.1097,49.08,dem_synthetic,simulated
ISRO-2002-0287,27.196156,95.436035,2683.7,33.48,76.49,0.0274,28.17,dem_synthetic,simulated
ISRO-2016-0288,27.871588,94.452429,1753.9,35.51,47.38,0.0313,57.01,dem_synthetic,simulated
ISRO-2008-0289,27.412322,88.410857,2589.1,28.73,54.44,-0.0296,10.66,dem_synthetic,simulated
ISRO-2007-0290,24.340353,93.82606,1052.5,38.9,239.81,-0.0006,34.38,dem_synthetic,simulated
ISRO-1998-0291,27.083489,88.551637,2627.0,46.32,49.82,0.0219,50.36,dem_synthetic,simulated
ISRO-2012-0292,26.998999,93.040219,3162.7,34.79,271.19,0.0457,17.5,dem_synthetic,simulated
ISRO-2019-0293,26.434786,94.233873,1897.7,30.91,53.92,-0.0146,224.18,dem_synthetic,simulated
ISRO-2016-0294,27.383199,91.981274,2464.0,31.19,127.58,0.0553,40.12,dem_synthetic,simulated
ISRO-2003-0295,26.524137,93.963122,2709.1,25.78,31.72,0.0492,106.86,dem_synthetic,simulated
ISRO-2018-0296,25.475875,90.288824,1510.3,19.55,96.37,-0.0542,32.06,dem_synthetic,simulated
ISRO-2007-0297,28.110722,94.681114,1231.3,47.67,32.11,0.0122,184.08,dem_synthetic,simulated
ISRO-2019-0298,26.35106,94.516893,1507.3,38.97,85.52,0.0314,86.27,dem_synthetic,simulated
ISRO-1999-0299,27.431126,95.443593,2189.3,31.65,273.48,0.0206,249.77,dem_synthetic,simulated
ISRO-2006-0300,27.055467,88.647595,2471.1,23.33,1.54,-0.0687,74.01,dem_synthetic,simulated
ISRO-2012-0301,23.546135,92.826537,771.8,24.8,181.43,-0.0144,14.33,dem_synthetic,simulated
ISRO-2006-0302,27.715972,88.490948,2621.2,36.14,20.29,-0.0128,97.63,dem_synthetic,simulated
ISRO-2003-0303,24.513818,93.683687,2087.8,23.57,117.34,0.0806,75.68,dem_synthetic,simulated
ISRO-2020-0304,27.11285,92.78431,2398.4,34.49,97.31,-0.0209,49.82,dem_synthetic,simulated
ISRO-2012-0305,27.411232,88.498637,2630.5,54.34,19.67,0.0124,80.32,dem_synthetic,simulated
ISRO-2022-0306,24.630195,94.251203,719.5,21.01,126.21,-0.0638,99.9,dem_synthetic,simulated
ISRO-2012-0307,27.542596,88.478667,2610.9,31.22,48.57,0.0776,141.57,dem_synthetic,simulated
ISRO-2013-0308,27.400597,91.686578,3320.5,30.98,79.7,0.0077,22.28,dem_synthetic,simulated
ISRO-2003-0309,26.517008,92.96372,2728.0,23.44,100.77,0.0831,40.68,dem_synthetic,simulated
ISRO-2016-0310,27.609877,91.734116,2387.1,35.24,121.23,0.0483,118.1,dem_synthetic,simulated
ISRO-2010-0311,24.66742,94.202875,644.8,21.49,209.31,0.0871,189.37,dem_synthetic,simulated
ISRO-2000-0312,25.75433,90.529548,1450.0,42.88,239.1,0.1166,10.98,dem_synthetic,simulated
ISRO-2011-0313,23.355871,91.759725,50.0,35.9,58.33,0.0013,0.99,dem_synthetic,simulated
ISRO-2004-0314,25.976663,94.720176,1564.9,38.58,242.2,0.023,240.45,dem_synthetic,simulated
ISRO-2000-0315,27.298376,88.266366,2944.5,51.77,57.56,-0.0154,171.16,dem_synthetic,simulated
ISRO-2002-0316,24.831658,94.334047,2477.0,27.98,169.88,0.0239,30.88,dem_synthetic,simulated
ISRO-2018-0317,23.865643,91.360073,612.0,27.26,198.79,0.0799,11.24,dem_synthetic,simulated
ISRO-2017-0318,26.338641,92.556199,1634.8,28.69,202.3,0.0675,193.95,dem_synthetic,simulated
ISRO-2011-0319,26.937639,93.234966,1671.8,33.0,246.9,0.0183,31.37,dem_synthetic,simulated
ISRO-2014-0320,27.525001,95.092611,1149.3,40.34,301.79,0.0205,95.12,dem_synthetic,simulated
ISRO-2013-0321,27.389155,88.723366,2234.6,35.54,20.55,-0.0659,18.52,dem_synthetic,simulated
ISRO-2014-0322,25.247778,93.857902,1186.7,25.75,132.55,0.0342,84.86,dem_synthetic,simulated
ISRO-2015-0323,25.679483,92.511145,1488.0,29.54,204.55,-0.0376,21.47,dem_synthetic,simulated
ISRO-1998-0324,24.772628,94.31718,1664.3,36.46,76.77,0.0041,41.73,dem_synthetic,simulated
ISRO-2014-0325,26.112205,94.597695,2694.2,43.65,113.94,-0.0708,33.72,dem_synthetic,simulated
ISRO-2008-0326,25.083698,94.078373,1805.4,42.45,241.3,0.0269,177.04,dem_synthetic,simulated
ISRO-2014-0327,26.225611,94.893323,1128.3,29.35,339.0,0.1066,75.56,dem_synthetic,simulated
ISRO-2002-0328,26.280443,94.061534,2852.7,37.38,237.9,0.0632,55.22,dem_synthetic,simulated
ISRO-2012-0329,27.161248,88.330187,1812.1,29.85,178.44,0.0059,22.6,dem_synthetic,simulated
ISRO-2020-0330,27.365076,88.610488,1717.5,32.44,158.33,0.0022,5.28,dem_synthetic,simulated
ISRO-2015-0331,26.329993,94.537435,1487.5,30.1,264.07,0.1236,78.31,dem_synthetic,simulated
ISRO-2014-0332,27.773172,92.046549,3921.7,51.2,187.05,-0.0612,107.54,dem_synthetic,simulated
ISRO-2007-0333,26.532733,94.002971,1432.5,37.29,272.15,-0.1031,85.8,dem_synthetic,simulated
ISRO-2010-0334,26.552908,92.997582,3320.4,29.78,48.77,-0.0186,34.41,dem_synthetic,simulated
ISRO-2007-0335,26.08594,93.941,2155.1,28.64,13.63,-0.007,29.55,dem_synthetic,simulated
ISRO-2018-0336,23.876825,92.326746,127.4,10.31,169.78,0.0224,56.78,dem_synthetic,simulated
ISRO-2004-0337,26.405572,93.024323,2386.7,39.45,39.65,-0.0961,77.16,dem_synthetic,simulated
ISRO-2018-0338,26.066075,94.646651,2561.9,37.79,223.01,-0.0045,39.02,dem_synthetic,simulated
ISRO-2015-0339,25.684203,90.496242,1748.4,25.53,163.52,0.0516,130.62,dem_synthetic,simulated
ISRO-2004-0340,25.919749,94.080282,1502.9,39.55,198.1,-0.1449,2.85,dem_synthetic,simulated
ISRO-2010-0341,25.653724,90.927641,1560.2,18.52,78.57,0.0252,69.23,dem_synthetic,simulated
ISRO-2007-0342,26.596452,92.551354,1456.2,37.83,58.84,-0.0007,7.85,dem_synthetic,simulated
ISRO-2002-0343,26.314813,94.803348,1095.6,28.45,89.03,-0.0662,81.59,dem_synthetic,simulated
ISRO-2007-0344,27.641381,88.253136,1876.2,44.34,17.23,-0.0392,159.91,dem_synthetic,simulated
ISRO-2018-0345,25.290393,91.191039,1930.8,40.24,322.91,0.0673,72.13,dem_synthetic,simulated
ISRO-2014-0346,25.209555,93.900261,2256.9,33.62,94.57,0.0284,58.74,dem_synthetic,simulated
ISRO-2019-0347,28.3455,94.530891,3071.2,31.81,54.02,0.0607,11.31,dem_synthetic,simulated
ISRO-2014-0348,23.707024,92.379871,560.2,22.04,120.18,-0.0705,306.85,dem_synthetic,simulated
ISRO-2003-0349,25.495943,91.493425,1195.0,38.35,141.24,0.0312,3.71,dem_synthetic,simulated
ISRO-2016-0350,25.244224,94.273299,2031.2,28.83,207.07,-0.043,12.64,dem_synthetic,simulated
ISRO-2022-0351,25.396231,91.180652,1985.8,25.5,217.55,0.0222,85.13,dem_synthetic,simulated
ISRO-2002-0352,26.132876,94.472482,1269.2,43.99,324.2,0.0413,32.69,dem_synthetic,simulated
ISRO-2005-0353,25.548363,90.967302,1908.8,38.06,229.41,-0.001,22.58,dem_synthetic,simulated
ISRO-2022-0354,23.619537,91.582606,1515.7,31.15,312.1,-0.0898,17.18,dem_synthetic,simulated
ISRO-2009-0355,25.863205,90.391922,1719.0,30.76,132.12,0.022,7.66,dem_synthetic,simulated
ISRO-2017-0356,26.366499,92.769119,2331.9,27.55,359.72,0.1039,2.27,dem_synthetic,simulated
ISRO-2017-0357,28.038235,94.640118,2527.2,48.46,125.8,-0.0166,67.98,dem_synthetic,simulated
ISRO-2014-0358,25.265841,92.223895,1534.2,27.83,289.78,0.0251,92.89,dem_synthetic,simulated
ISRO-2008-0359,24.311928,93.855221,974.1,32.88,340.77,0.0763,43.16,dem_synthetic,simulated
ISRO-1998-0360,27.474774,91.609243,3014.2,33.25,39.03,-0.0413,6.96,dem_synthetic,simulated
ISRO-2002-0361,26.796783,93.024837,2029.7,41.38,94.0,0.0207,110.0,dem_synthetic,simulated
ISRO-2000-0362,24.313429,93.723273,1389.3,19.1,98.89,-0.1053,28.33,dem_synthetic,simulated
ISRO-2022-0363,24.352007,93.961536,50.0,23.05,118.32,-0.0189,166.23,dem_synthetic,simulated
ISRO-2007-0364,25.374387,92.333953,1551.0,30.09,263.71,0.0045,9.8,dem_synthetic,simulated
ISRO-2011-0365,25.586757,90.978124,1020.4,25.82,216.87,0.0474,53.0,dem_synthetic,simulated
ISRO-2022-0366,26.053741,94.530523,871.1,37.82,113.32,-0.0546,91.68,dem_synthetic,simulated
ISRO-2007-0367,25.398641,92.147147,1709.0,23.18,304.91,0.031,36.89,dem_synthetic,simulated
ISRO-2006-0368,26.292943,93.872314,1166.4,32.56,179.21,0.0213,86.82,dem_synthetic,simulated
ISRO-2005-0369,23.659139,92.412203,846.4,28.87,163.28,0.0702,3.26,dem_synthetic,simulated
ISRO-2001-0370,26.606691,92.808939,1461.2,44.09,237.23,-0.0128,105.45,dem_synthetic,simulated
ISRO-2017-0371,27.234897,92.800381,2769.0,32.43,193.11,0.0067,92.24,dem_synthetic,simulated
ISRO-2012-0372,26.241659,92.784567,1007.0,33.0,317.35,-0.0298,173.65,dem_synthetic,simulated
ISRO-2014-0373,26.605,94.308065,2042.4,33.06,236.33,-0.0113,328.25,dem_synthetic,simulated
ISRO-1999-0374,26.370647,93.980354,1532.1,15.22,338.85,0.0018,101.2,dem_synthetic,simulated
ISRO-2005-0375,27.024477,93.031505,1607.8,18.49,145.48,0.0184,231.52,dem_synthetic,simulated
ISRO-2018-0376,22.947048,92.672427,848.5,34.57,6.02,0.0359,84.71,dem_synthetic,simulated
ISRO-1999-0377,25.525418,91.296468,942.0,38.77,244.69,-0.004,49.38,dem_synthetic,simulated
ISRO-2021-0378,26.09578,94.613081,2391.1,33.42,145.94,0.0416,37.55,dem_synthetic,simulated
ISRO-2005-0379,26.220645,92.683467,1200.6,39.99,126.32,0.0402,217.26,dem_synthetic,simulated
ISRO-2004-0380,24.665052,94.642682,1603.9,22.7,246.05,-0.0454,56.46,dem_synthetic,simulated
ISRO-2007-0381,27.41214,88.432362,2657.9,43.65,358.98,-0.043,66.79,dem_synthetic,simulated
ISRO-2020-0382,23.574337,92.693279,1240.0,26.93,77.43,0.0365,28.17,dem_synthetic,simulated
ISRO-2013-0383,24.825832,93.957785,668.3,17.36,288.98,0.0632,13.91,dem_synthetic,simulated
ISRO-2007-0384,25.373016,91.354851,2046.8,19.73,158.66,-0.0451,46.46,dem_synthetic,simulated
ISRO-2018-0385,28.21178,94.884546,2887.1,37.6,131.92,-0.0382,124.41,dem_synthetic,simulated
ISRO-2003-0386,25.306954,92.779657,881.4,41.57,56.46,-0.0306,11.82,dem_synthetic,simulated
ISRO-2011-0387,26.709544,94.187412,2905.1,36.33,146.49,0.0361,264.2,dem_synthetic,simulated
ISRO-2000-0388,25.445138,92.578844,1322.9,27.18,335.96,-0.0569,53.91,dem_synthetic,simulated
ISRO-2014-0389,26.188009,93.815737,2692.4,33.26,104.54,-0.077,156.31,dem_synthetic,simulated
ISRO-2015-0390,24.878224,94.375649,2253.4,35.24,230.82,-0.0716,207.8,dem_synthetic,simulated
ISRO-2002-0391,22.816189,92.715626,53.8,16.43,273.62,-0.0011,49.82,dem_synthetic,simulated
ISRO-2015-0392,23.121974,92.763398,853.8,26.71,179.25,0.0231,20.45,dem_synthetic,simulated
ISRO-2019-0393,25.478409,90.438454,545.6,38.88,85.71,0.0423,0.98,dem_synthetic,simulated
ISRO-2018-0394,26.169747,94.01754,2602.7,42.72,40.46,-0.0074,13.05,dem_synthetic,simulated
ISRO-2006-0395,25.911894,93.743069,1941.0,16.82,64.4,-0.0003,377.73,dem_synthetic,simulated
ISRO-2022-0396,26.532184,94.521286,2851.6,25.97,331.77,0.0115,231.96,dem_synthetic,simulated
ISRO-1999-0397,25.752067,90.543296,2090.5,31.34,241.85,-0.0522,9.2,dem_synthetic,simulated
ISRO-2019-0398,26.932339,92.752182,1860.2,25.43,15.02,-0.0587,18.14,dem_synthetic,simulated
ISRO-1999-0399,27.390272,91.913505,3677.2,29.9,3.35,0.1051,69.27,dem_synthetic,simulated
ISRO-2011-0400,25.599961,92.773939,1653.2,34.48,331.86,-0.0641,48.14,dem_synthetic,simulated
ISRO-2017-0401,25.71137,91.20834,2428.1,32.7,71.3,-0.0786,13.29,dem_synthetic,simulated
ISRO-2000-0402,26.297677,94.125851,2895.8,32.02,10.76,-0.0264,46.45,dem_synthetic,simulated
ISRO-2006-0403,25.256497,92.590294,2367.0,30.41,217.99,-0.0321,36.2,dem_synthetic,simulated
ISRO-2001-0404,26.553917,92.888588,2144.2,33.72,14.36,0.0673,31.31,dem_synthetic,simulated
ISRO-2010-0405,26.799966,92.832127,3013.3,30.85,92.34,-0.0503,88.17,dem_synthetic,simulated
ISRO-2020-0406,23.731483,92.70958,737.7,27.43,65.53,0.0309,92.16,dem_synthetic,simulated
ISRO-2019-0407,23.386287,92.93568,377.3,29.57,263.94,-0.025,14.13,dem_synthetic,simulated
ISRO-2000-0408,27.204374,95.232658,2018.5,44.37,279.72,0.0052,166.38,dem_synthetic,simulated
ISRO-2006-0409,27.16404,88.444389,1926.6,33.71,100.04,-0.0914,99.3,dem_synthetic,simulated
ISRO-2014-0410,26.504963,92.902059,2628.1,37.67,36.19,-0.062,384.81,dem_synthetic,simulated
ISRO-2014-0411,22.666805,92.687818,1041.5,18.07,301.17,0.0194,10.14,dem_synthetic,simulated
ISRO-2000-0412,27.566687,91.726372,2241.7,42.03,47.88,0.1077,25.84,dem_synthetic,simulated
ISRO-2016-0413,24.79849,94.389611,228.0,41.7,312.21,0.0208,11.2,dem_synthetic,simulated
ISRO-2015-0414,27.073682,94.980943,2609.6,37.63,81.13,0.0347,35.95,dem_synthetic,simulated
ISRO-2011-0415,25.558319,90.895947,1488.6,36.85,179.96,-0.0153,81.5,dem_synthetic,simulated
ISRO-1998-0416,25.367018,91.50384,1329.5,29.55,73.3,-0.0019,34.25,dem_synthetic,simulated
ISRO-2010-0417,27.061518,88.522073,2437.5,43.61,327.89,-0.0156,108.0,dem_synthetic,simulated
ISRO-2011-0418,25.591563,91.296169,1903.7,36.99,324.61,-0.0699,58.6,dem_synthetic,simulated
ISRO-2010-0419,26.285944,94.647763,1863.4,31.15,213.53,0.0177,27.61,dem_synthetic,simulated
ISRO-1998-0420,27.114472,88.297746,4010.3,49.83,282.11,-0.088,10.27,dem_synthetic,simulated
ISRO-2005-0421,27.423107,88.442574,2862.1,37.01,109.13,-0.0057,8.16,dem_synthetic,simulated
ISRO-2001-0422,24.470521,94.096353,1345.4,35.48,207.96,-0.0012,113.45,dem_synthetic,simulated
ISRO-1998-0423,23.607698,92.677463,1193.4,25.2,333.76,-0.0038,67.08,dem_synthetic,simulated
ISRO-2003-0424,25.592624,91.024489,1459.8,29.76,133.69,-0.0718,65.93,dem_synthetic,simulated
ISRO-2022-0425,25.264172,92.820223,1575.3,30.42,20.58,0.0018,155.93,dem_synthetic,simulated
ISRO-1999-0426,27.667211,88.411712,1472.1,39.12,342.5,0.0216,142.66,dem_synthetic,simulated
ISRO-2010-0427,27.300406,88.479423,2125.0,23.12,273.22,0.0438,64.84,dem_synthetic,simulated
ISRO-2013-0428,25.143393,93.878651,993.4,35.63,317.89,-0.0063,3.15,dem_synthetic,simulated
ISRO-2001-0429,25.414331,91.19318,1150.5,39.5,173.99,-0.0591,102.17,dem_synthetic,simulated
ISRO-2022-0430,27.073951,88.087974,1631.4,38.34,235.65,0.088,4.61,dem_synthetic,simulated
ISRO-2004-0431,25.243929,91.170216,1349.8,35.89,3.4,0.0243,40.95,dem_synthetic,simulated
ISRO-2006-0432,25.66082,92.79594,2234.4,21.6,358.88,-0.0652,125.07,dem_synthetic,simulated
ISRO-2021-0433,26.301152,93.660221,2183.2,37.42,2.93,0.0235,192.68,dem_synthetic,simulated
ISRO-2016-0434,26.64651,94.059857,2456.6,27.44,62.25,0.0017,107.33,dem_synthetic,simulated
ISRO-2011-0435,26.254751,94.726336,1846.7,48.05,301.42,-0.1003,48.46,dem_synthetic,simulated
ISRO-2009-0436,26.20262,94.069162,1392.8,28.08,29.61,0.0021,66.59,dem_synthetic,simulated
ISRO-2003-0437,26.299187,94.744134,2485.2,23.27,352.25,-0.0116,19.2,dem_synthetic,simulated
ISRO-2015-0438,25.62915,92.646021,1314.7,34.62,226.0,0.0158,67.69,dem_synthetic,simulated
ISRO-2015-0439,23.533555,91.598279,1180.0,39.67,7.65,0.0066,45.75,dem_synthetic,simulated
ISRO-2022-0440,27.235631,93.209455,2388.8,43.26,357.66,-0.0456,46.72,dem_synthetic,simulated
ISRO-2011-0441,25.68412,90.804828,1367.5,36.35,359.86,-0.0146,14.7,dem_synthetic,simulated
ISRO-2018-0442,24.792192,94.174361,676.0,27.59,184.04,-0.022,37.58,dem_synthetic,simulated
ISRO-2003-0443,23.446088,92.527222,751.8,9.33,258.43,0.0429,10.39,dem_synthetic,simulated
ISRO-2006-0444,26.985476,92.99004,1210.1,38.11,60.62,0.0031,66.02,dem_synthetic,simulated
ISRO-2006-0445,26.109613,93.796234,1126.7,42.42,347.21,-0.051,64.82,dem_synthetic,simulated
ISRO-2015-0446,25.501966,91.202253,719.2,35.75,103.95,0.0017,44.94,dem_synthetic,simulated
ISRO-2018-0447,25.603387,90.430974,960.5,31.17,131.29,0.0176,25.6,dem_synthetic,simulated
ISRO-2018-0448,26.878338,93.122641,1318.7,31.89,119.89,0.0517,57.33,dem_synthetic,simulated
ISRO-2020-0449,24.650356,93.845223,1438.5,35.93,283.39,-0.0469,46.86,dem_synthetic,simulated
ISRO-2018-0450,26.2934,93.972199,2560.5,23.35,32.57,-0.0442,16.45,dem_synthetic,simulated
ISRO-2005-0451,23.515012,92.500605,870.3,27.19,304.77,0.0508,53.86,dem_synthetic,simulated
ISRO-2002-0452,23.262889,92.778024,534.8,33.54,342.48,0.0123,88.76,dem_synthetic,simulated
ISRO-2007-0453,24.829869,94.010292,1130.6,20.68,227.05,-0.0257,17.28,dem_synthetic,simulated
ISRO-2014-0454,24.530326,94.092581,899.7,21.72,293.98,-0.0706,8.14,dem_synthetic,simulated
ISRO-2012-0455,25.457842,91.04451,1974.5,40.47,25.89,-0.0031,13.81,dem_synthetic,simulated
ISRO-2004-0456,22.665105,92.957917,704.9,15.92,240.3,-0.0626,9.05,dem_synthetic,simulated
ISRO-2004-0457,26.279589,93.798665,2251.5,42.49,349.44,0.0458,38.05,dem_synthetic,simulated
ISRO-2001-0458,25.458526,91.189733,1326.0,24.03,229.23,-0.0358,33.35,dem_synthetic,simulated
ISRO-2004-0459,24.459905,93.75561,150.9,19.64,164.18,-0.0742,48.91,dem_synthetic,simulated
ISRO-2005-0460,26.422925,94.145337,1126.8,34.66,53.33,-0.0287,4.41,dem_synthetic,simulated
ISRO-2016-0461,27.935502,94.662856,2583.1,45.14,353.68,-0.0184,23.45,dem_synthetic,simulated
ISRO-2013-0462,23.340705,92.469455,1353.1,16.78,180.77,0.0439,153.49,dem_synthetic,simulated
ISRO-2005-0463,25.873692,93.662389,1298.5,35.87,316.35,-0.0864,10.83,dem_synthetic,simulated
ISRO-1999-0464,25.32655,90.915638,1990.1,30.16,90.4,-0.0582,44.24,dem_synthetic,simulated
ISRO-2022-0465,23.927181,91.47609,1339.7,33.98,121.23,0.0171,12.15,dem_synthetic,simulated
ISRO-2013-0466,26.40747,92.975518,3654.8,40.27,36.74,-0.0448,127.07,dem_synthetic,simulated
ISRO-2015-0467,25.82846,90.518139,1282.2,40.09,146.92,0.0152,67.12,dem_synthetic,simulated
ISRO-2004-0468,26.612368,94.347898,3371.9,35.32,26.37,-0.0817,81.05,dem_synthetic,simulated
ISRO-2000-0469,27.70851,91.675086,2548.1,28.76,143.73,-0.0385,13.79,dem_synthetic,simulated
ISRO-2009-0470,26.625656,93.982301,2163.8,25.83,137.12,-0.0621,164.36,dem_synthetic,simulated
ISRO-2022-0471,26.91346,92.794195,3736.1,28.08,183.66,0.1298,15.69,dem_synthetic,simulated
ISRO-2014-0472,26.565323,94.419936,1983.6,22.09,194.85,-0.1146,163.64,dem_synthetic,simulated
ISRO-2015-0473,25.08913,92.229011,1445.7,41.67,214.49,0.0581,82.35,dem_synthetic,simulated
ISRO-2011-0474,25.013929,94.630113,1188.9,32.8,161.85,-0.0111,48.13,dem_synthetic,simulated
ISRO-1998-0475,27.426761,91.831165,1707.4,36.94,101.18,0.0199,103.71,dem_synthetic,simulated
ISRO-1998-0476,26.853315,92.906194,1908.5,34.63,242.02,-0.0493,63.21,dem_synthetic,simulated
ISRO-2021-0477,23.049084,92.833878,1388.6,8.15,145.32,-0.0022,93.74,dem_synthetic,simulated
ISRO-2008-0478,23.389913,91.692915,655.7,24.96,315.85,0.0273,14.37,dem_synthetic,simulated
ISRO-2016-0479,25.722491,90.185371,1413.4,30.51,219.81,-0.0805,34.91,dem_synthetic,simulated
ISRO-2008-0480,26.285091,94.595155,1057.1,38.43,48.53,-0.0469,262.56,dem_synthetic,simulated
ISRO-2015-0481,24.871363,94.476314,1563.6,37.33,61.42,-0.0239,8.22,dem_synthetic,simulated
ISRO-2003-0482,25.391653,90.962009,2043.1,31.38,350.39,0.0371,43.4,dem_synthetic,simulated
ISRO-2018-0483,24.768768,94.503122,1020.6,21.05,115.07,0.1044,93.42,dem_synthetic,simulated
ISRO-2021-0484,26.412062,94.231903,1432.0,38.9,151.88,-0.0061,149.17,dem_synthetic,simulated
ISRO-2000-0485,26.20994,93.04952,2021.1,32.77,153.3,-0.0185,96.82,dem_synthetic,simulated
ISRO-2015-0486,25.0073,94.506443,1783.5,24.57,285.22,0.0459,9.19,dem_synthetic,simulated
ISRO-2021-0487,27.177386,88.421229,2446.2,40.16,296.64,-0.0282,23.46,dem_synthetic,simulated
ISRO-2005-0488,26.450033,93.816748,1307.6,29.31,5.44,0.0189,4.18,dem_synthetic,simulated
ISRO-2007-0489,27.384247,95.356453,2353.2,34.96,7.59,0.0385,5.52,dem_synthetic,simulated
ISRO-2019-0490,27.243187,88.547956,1608.9,34.13,357.76,0.0158,51.44,dem_synthetic,simulated
ISRO-2003-0491,25.483421,92.023,1186.2,21.03,195.21,0.0109,108.69,dem_synthetic,simulated
ISRO-2001-0492,27.504969,95.215714,1998.7,33.82,283.66,-0.0315,11.41,dem_synthetic,simulated
ISRO-2006-0493,25.074551,94.098849,1220.3,15.9,29.6,-0.0908,110.4,dem_synthetic,simulated
ISRO-2002-0494,27.49086,88.45488,3551.3,26.71,197.41,-0.1057,100.08,dem_synthetic,simulated
ISRO-2021-0495,23.007458,92.584469,50.0,15.55,185.38,0.019,24.99,dem_synthetic,simulated
ISRO-2005-0496,25.214864,91.497399,2428.4,12.72,226.21,0.0298,1.76,dem_synthetic,simulated
ISRO-2008-0497,26.221671,93.026925,2290.0,33.31,17.08,-0.0018,122.27,dem_synthetic,simulated
ISRO-1999-0498,27.019699,88.296742,2698.8,33.37,227.69,0.0001,98.29,dem_synthetic,simulated
ISRO-2007-0499,27.385917,91.660066,4060.0,32.14,99.03,0.0361,16.17,dem_synthetic,simulated
ISRO-2000-0500,26.111787,94.368857,2505.7,34.51,124.05,0.0952,118.71,dem_synthetic,simulated
ISRO-2015-0501,22.828558,92.975934,505.6,31.0,87.98,0.0879,73.64,dem_synthetic,simulated
ISRO-2002-0502,24.556112,93.781893,927.8,32.08,316.46,0.0011,68.83,dem_synthetic,simulated
ISRO-2004-0503,22.876386,92.593869,664.8,27.31,53.44,0.019,21.19,dem_synthetic,simulated
ISRO-2017-0504,26.723446,94.075981,1949.8,30.19,175.9,0.0278,142.83,dem_synthetic,simulated
ISRO-2014-0505,26.32307,94.51201,2213.4,34.35,179.1,-0.0435,78.66,dem_synthetic,simulated
ISRO-2009-0506,27.32675,88.117641,3182.0,34.55,206.29,0.0655,69.21,dem_synthetic,simulated
ISRO-2007-0507,25.50876,91.624802,1724.0,40.18,144.6,0.0632,13.1,dem_synthetic,simulated
ISRO-2005-0508,26.62671,92.747558,2052.3,35.61,42.36,-0.0336,30.67,dem_synthetic,simulated
ISRO-2000-0509,26.644571,94.090658,2473.9,35.86,176.56,0.1517,25.25,dem_synthetic,simulated
ISRO-2008-0510,23.237409,92.464536,1033.9,34.43,353.73,0.0223,44.71,dem_synthetic,simulated
ISRO-2007-0511,26.287101,92.914636,1556.3,30.85,350.95,0.0688,100.5,dem_synthetic,simulated
ISRO-1999-0512,26.839067,92.800476,2184.8,33.51,40.15,-0.0601,19.18,dem_synthetic,simulated
ISRO-2012-0513,26.560898,94.293377,2722.3,29.6,64.68,0.0158,4.22,dem_synthetic,simulated
ISRO-2020-0514,25.197742,91.506001,925.1,35.96,149.05,-0.0419,73.95,dem_synthetic,simulated
ISRO-2017-0515,27.200158,88.433929,2927.7,43.56,331.12,-0.0738,55.63,dem_synthetic,simulated
ISRO-2021-0516,26.349106,94.69352,2006.0,25.42,79.71,-0.031,27.96,dem_synthetic,simulated
ISRO-2017-0517,25.904309,90.41557,1203.2,33.94,359.88,-0.0506,91.5,dem_synthetic,simulated
ISRO-2010-0518,27.177985,93.104637,2265.3,27.52,288.43,-0.0036,294.67,dem_synthetic,simulated
ISRO-2009-0519,25.377604,90.76562,1747.7,46.85,353.1,0.0746,14.76,dem_synthetic,simulated
ISRO-2008-0520,25.386992,91.440436,2272.7,41.0,227.66,-0.043,152.89,dem_synthetic,simulated
ISRO-2011-0521,23.590115,92.680003,493.3,21.66,306.47,-0.0484,65.69,dem_synthetic,simulated
ISRO-2011-0522,24.479774,94.131007,1002.9,19.58,306.71,0.0603,194.21,dem_synthetic,simulated
ISRO-2013-0523,25.642927,91.476994,1654.7,27.56,264.95,-0.0677,19.88,dem_synthetic,simulated
ISRO-2020-0524,25.453417,91.902067,1867.7,21.8,51.99,-0.0493,4.85,dem_synthetic,simulated
ISRO-2011-0525,23.667943,91.489898,1237.0,35.47,335.78,0.013,29.13,dem_synthetic,simulated
ISRO-2003-0526,23.853116,92.302907,2013.6,24.0,192.19,-0.0325,74.67,dem_synthetic,simulated
ISRO-2009-0527,25.351243,91.099635,1592.9,27.22,142.91,0.0331,19.41,dem_synthetic,simulated
ISRO-2014-0528,27.085584,95.437947,1972.9,29.06,42.24,0.0112,65.85,dem_synthetic,simulated
ISRO-2003-0529,27.486375,88.651602,2021.4,38.61,336.39,0.0236,37.8,dem_synthetic,simulated
ISRO-2016-0530,25.436499,91.883581,1676.4,30.17,298.05,0.0433,42.85,dem_synthetic,simulated
ISRO-2017-0531,23.064061,92.788142,1039.2,42.99,315.28,0.0182,21.23,dem_synthetic,simulated
ISRO-2002-0532,23.6501,91.520129,1137.8,19.23,29.98,-0.0797,36.75,dem_synthetic,simulated
ISRO-1998-0533,27.282584,88.828094,549.1,40.99,119.27,-0.0998,63.76,dem_synthetic,simulated
ISRO-2015-0534,23.805911,91.261458,1535.3,32.4,17.23,0.0752,0.02,dem_synthetic,simulated
ISRO-2018-0535,27.181239,92.855801,2673.2,14.39,50.09,0.0199,94.32,dem_synthetic,simulated
ISRO-1998-0536,23.427682,91.657758,1206.3,32.35,89.03,-0.0453,24.25,dem_synthetic,simulated
ISRO-2022-0537,23.452374,92.492172,974.7,32.99,70.67,0.0164,125.65,dem_synthetic,simulated
ISRO-2009-0538,26.544644,94.21652,2917.4,26.65,160.38,-0.0121,33.27,dem_synthetic,simulated
ISRO-1998-0539,26.012813,94.526757,2129.2,36.79,329.82,-0.0342,32.7,dem_synthetic,simulated
ISRO-2004-0540,25.659869,92.451531,1417.6,12.38,128.61,-0.0188,189.36,dem_synthetic,simulated
ISRO-2018-0541,23.425416,92.75927,1208.4,36.95,4.26,-0.0331,20.78,dem_synthetic,simulated
ISRO-2019-0542,25.010181,94.200884,1815.8,21.63,235.95,-0.0811,57.14,dem_synthetic,simulated
ISRO-1998-0543,25.262474,92.705635,1420.0,39.59,260.18,0.0737,217.44,dem_synthetic,simulated
ISRO-2016-0544,25.724818,91.133017,2339.3,21.58,56.81,-0.0674,62.8,dem_synthetic,simulated
ISRO-2014-0545,25.975976,94.696241,1243.3,40.5,294.5,0.001,17.09,dem_synthetic,simulated
ISRO-2004-0546,26.220924,94.579734,1259.1,41.96,342.91,-0.0061,179.05,dem_synthetic,simulated
ISRO-2001-0547,24.965983,93.992003,1503.3,35.36,186.56,0.0019,135.36,dem_synthetic,simulated
ISRO-2016-0548,24.847621,94.298143,2163.1,38.36,225.45,0.0496,12.6,dem_synthetic,simulated
ISRO-2019-0549,27.507639,95.101624,1890.4,40.74,104.64,-0.0564,0.68,dem_synthetic,simulated
ISRO-2010-0550,25.576698,92.62967,1721.4,35.64,54.66,-0.0232,5.62,dem_synthetic,simulated
ISRO-2017-0551,23.8233,92.259711,629.6,20.92,127.06,0.1047,32.57,dem_synthetic,simulated
ISRO-2019-0552,24.631715,94.33564,661.9,36.57,327.89,0.0027,13.28,dem_synthetic,simulated
ISRO-2011-0553,23.556986,91.051118,307.2,28.65,226.42,-0.0628,193.48,dem_synthetic,simulated
ISRO-2012-0554,24.739633,94.243373,1439.0,35.36,45.63,0.0086,4.46,dem_synthetic,simulated
ISRO-2018-0555,26.236002,94.737917,1647.5,38.24,334.41,0.0803,56.22,dem_synthetic,simulated
ISRO-1999-0556,24.907344,94.288957,1569.0,32.79,165.03,-0.0385,93.96,dem_synthetic,simulated
ISRO-2011-0557,25.860129,94.071121,2576.9,19.33,224.04,0.0461,87.18,dem_synthetic,simulated
ISRO-2001-0558,23.742032,92.272471,418.5,21.71,146.81,0.0245,47.84,dem_synthetic,simulated
ISRO-2002-0559,23.525654,92.332766,658.0,8.5,62.13,0.0337,8.69,dem_synthetic,simulated
ISRO-2014-0560,27.370249,91.797827,2817.8,54.75,269.75,0.0206,35.24,dem_synthetic,simulated
ISRO-2009-0561,25.06796,94.245207,1432.9,21.9,207.7,0.0064,86.16,dem_synthetic,simulated
ISRO-2005-0562,26.51681,94.012461,2144.5,34.52,62.64,0.0851,105.98,dem_synthetic,simulated
ISRO-2009-0563,23.496955,91.778098,1774.9,35.59,93.91,0.0453,185.17,dem_synthetic,simulated
ISRO-2001-0564,27.548737,91.755828,2283.8,24.93,36.53,-0.0026,100.2,dem_synthetic,simulated
ISRO-2019-0565,27.311007,88.207132,1981.7,31.72,347.22,-0.0059,225.74,dem_synthetic,simulated
ISRO-2000-0566,26.4569,94.13669,1886.8,20.28,97.06,0.0152,11.14,dem_synthetic,simulated
ISRO-2003-0567,27.325379,88.735305,854.1,28.8,150.49,0.0161,8.44,dem_synthetic,simulated
ISRO-2014-0568,27.782844,91.620716,2571.2,38.41,139.96,0.0137,80.52,dem_synthetic,simulated
ISRO-2006-0569,26.887439,93.240006,2296.5,33.19,309.4,0.0499,30.29,dem_synthetic,simulated
ISRO-1998-0570,25.587874,92.575188,2080.6,27.2,37.53,0.099,126.96,dem_synthetic,simulated
ISRO-2022-0571,22.771313,92.687119,530.2,20.89,253.37,0.0293,9.57,dem_synthetic,simulated
ISRO-2011-0572,22.937939,92.701721,1023.6,26.32,90.51,0.0639,195.22,dem_synthetic,simulated
ISRO-2018-0573,25.889535,93.894615,1527.5,33.96,237.46,0.0407,106.56,dem_synthetic,simulated
ISRO-2014-0574,23.834531,92.502879,1248.3,18.55,277.26,0.0918,29.58,dem_synthetic,simulated
ISRO-2016-0575,23.351361,91.45567,597.7,31.66,177.6,0.007,0.71,dem_synthetic,simulated
ISRO-2013-0576,25.211507,94.343295,2076.9,38.07,200.99,0.026,30.18,dem_synthetic,simulated
ISRO-2000-0577,26.436628,94.682069,2114.6,34.47,112.33,0.0271,54.52,dem_synthetic,simulated
ISRO-2001-0578,23.424659,92.673298,1233.2,20.92,220.57,-0.0094,14.1,dem_synthetic,simulated
ISRO-2000-0579,25.561425,91.174731,2124.9,29.07,345.13,0.0373,2.97,dem_synthetic,simulated
ISRO-2006-0580,22.785637,92.874256,744.5,22.29,60.96,-0.0623,92.27,dem_synthetic,simulated
ISRO-2003-0581,25.450463,90.286884,1336.3,34.96,97.74,-0.064,70.91,dem_synthetic,simulated
ISRO-2005-0582,26.481852,94.172207,2155.6,35.25,40.7,-0.0292,32.17,dem_synthetic,simulated
ISRO-2020-0583,24.303683,93.937149,477.0,28.55,216.67,0.0877,34.36,dem_synthetic,simulated
ISRO-2012-0584,24.954258,94.255449,2797.5,42.84,216.76,-0.0419,76.6,dem_synthetic,simulated
ISRO-1998-0585,23.390623,91.680059,645.2,12.19,102.03,-0.0059,37.23,dem_synthetic,simulated
ISRO-2021-0586,25.973281,94.630036,2498.4,34.4,323.15,-0.0462,91.22,dem_synthetic,simulated
ISRO-2019-0587,24.614297,93.885812,622.6,23.75,166.02,-0.0243,8.71,dem_synthetic,simulated
ISRO-2008-0588,24.489247,93.912455,1318.9,25.02,53.4,-0.0215,1.6,dem_synthetic,simulated
ISRO-2001-0589,25.398469,92.493224,1909.5,38.01,63.25,0.0172,11.73,dem_synthetic,simulated
ISRO-2013-0590,25.700591,92.733465,3040.8,33.4,181.21,0.024,119.97,dem_synthetic,simulated
ISRO-2009-0591,24.521533,93.783666,1658.2,21.02,300.36,0.0669,11.39,dem_synthetic,simulated
ISRO-2013-0592,28.055015,94.60823,2041.2,54.03,344.63,-0.0163,34.38,dem_synthetic,simulated
ISRO-2015-0593,26.274767,93.815602,830.2,25.73,330.97,0.0087,85.16,dem_synthetic,simulated
ISRO-1999-0594,25.468216,90.271589,1457.8,23.99,218.04,-0.0061,98.36,dem_synthetic,simulated
ISRO-2007-0595,27.591269,92.012062,2508.7,51.28,251.2,-0.0787,102.58,dem_synthetic,simulated
ISRO-2010-0596,25.401878,91.610982,1424.5,33.3,341.14,-0.0297,23.35,dem_synthetic,simulated
ISRO-2003-0597,26.604706,94.072043,3836.6,42.31,185.81,0.0623,163.39,dem_synthetic,simulated
ISRO-2008-0598,25.09096,91.987833,825.2,31.67,238.4,-0.0194,76.41,dem_synthetic,simulated
ISRO-2022-0599,24.684009,93.809449,1470.6,35.78,14.33,-0.0447,14.8,dem_synthetic,simulated
ISRO-2004-0600,26.727691,93.907916,2242.5,43.96,220.85,0.081,119.42,dem_synthetic,simulated
ISRO-2008-0601,25.554363,90.073032,1232.0,33.11,282.07,0.063,42.57,dem_synthetic,simulated
ISRO-2008-0602,25.039508,94.108753,945.9,17.33,74.67,0.0887,181.85,dem_synthetic,simulated
ISRO-2003-0603,26.500303,94.220286,2675.6,35.71,347.33,0.0251,120.34,dem_synthetic,simulated
ISRO-2008-0604,23.451085,91.439462,50.0,29.47,258.74,-0.0389,160.86,dem_synthetic,simulated
ISRO-2015-0605,28.220073,94.616106,3605.6,37.97,221.46,0.0194,117.31,dem_synthetic,simulated
ISRO-2019-0606,27.562491,91.687466,3195.2,39.67,314.88,-0.0645,31.14,dem_synthetic,simulated
ISRO-2001-0607,25.137712,93.950844,1880.2,28.61,156.72,-0.0296,11.33,dem_synthetic,simulated
ISRO-2009-0608,25.565118,90.76163,1296.8,27.4,330.81,0.089,2.72,dem_synthetic,simulated
ISRO-2014-0609,27.307635,88.296688,3323.4,38.43,193.67,-0.053,196.6,dem_synthetic,simulated
ISRO-2015-0610,25.542236,91.009657,984.8,29.13,166.92,-0.0047,36.3,dem_synthetic,simulated
ISRO-2001-0611,23.448419,92.751332,932.5,41.07,314.85,0.0388,3.55,dem_synthetic,simulated
ISRO-2007-0612,27.549857,88.462512,2030.0,23.0,12.6,0.0618,329.19,dem_synthetic,simulated
ISRO-2003-0613,28.103187,94.894394,2974.0,35.88,320.94,-0.0457,68.94,dem_synthetic,simulated
ISRO-2015-0614,27.036082,93.189717,3737.2,36.86,190.03,0.0111,34.27,dem_synthetic,simulated
ISRO-2007-0615,28.320587,94.61199,2680.8,47.9,350.44,-0.0244,103.11,dem_synthetic,simulated
ISRO-2007-0616,23.330474,91.487881,1138.2,32.5,254.45,-0.0265,32.71,dem_synthetic,simulated
ISRO-2015-0617,25.293346,91.528858,860.0,19.77,354.71,0.0358,115.74,dem_synthetic,simulated
ISRO-2007-0618,26.41218,94.765834,2454.7,37.15,290.07,0.0101,17.73,dem_synthetic,simulated
ISRO-2011-0619,23.950336,91.34759,1338.7,36.34,314.08,0.0899,26.49,dem_synthetic,simulated
ISRO-2003-0620,23.14032,92.663894,429.1,15.47,226.93,0.028,18.52,dem_synthetic,simulated
ISRO-2001-0621,26.329536,94.193179,3003.4,19.76,220.95,0.0046,32.05,dem_synthetic,simulated
ISRO-1998-0622,23.460617,92.763328,472.2,30.93,184.42,-0.04,49.89,dem_synthetic,simulated
ISRO-2009-0623,27.95414,94.855941,4058.2,36.92,87.77,-0.0352,163.82,dem_synthetic,simulated
ISRO-2005-0624,25.416403,92.766553,813.0,54.28,104.29,0.0295,153.58,dem_synthetic,simulated
ISRO-2015-0625,25.42768,92.74775,1156.9,33.25,44.22,-0.0,30.74,dem_synthetic,simulated
ISRO-2003-0626,25.481464,91.533431,1766.8,28.36,312.1,-0.0109,59.2,dem_synthetic,simulated
ISRO-2015-0627,27.25142,88.467473,2226.9,40.8,331.63,-0.0076,49.28,dem_synthetic,simulated
ISRO-2010-0628,27.493355,88.450425,2847.7,40.82,110.77,0.0391,14.88,dem_synthetic,simulated
ISRO-2013-0629,25.454599,91.367442,2892.9,30.87,323.45,0.042,27.09,dem_synthetic,simulated
ISRO-1999-0630,28.112398,94.757494,3403.8,31.98,69.13,0.1154,68.81,dem_synthetic,simulated
ISRO-2004-0631,26.825372,92.908116,1000.8,22.04,157.66,-0.005,96.51,dem_synthetic,simulated
ISRO-2001-0632,23.740122,91.462762,1043.0,32.47,27.86,-0.1028,143.24,dem_synthetic,simulated
ISRO-2011-0633,28.124817,94.75132,3573.6,37.72,55.09,-0.0659,13.0,dem_synthetic,simulated
ISRO-2021-0634,26.506477,94.261788,1738.9,34.59,133.16,-0.0596,2.67,dem_synthetic,simulated
ISRO-2009-0635,26.502867,94.442157,1726.2,42.06,338.66,-0.0853,132.15,dem_synthetic,simulated
ISRO-2002-0636,27.340676,88.558351,2762.8,32.76,358.52,0.0406,83.17,dem_synthetic,simulated
ISRO-2021-0637,26.395235,93.956115,3624.3,44.58,185.99,0.0269,31.14,dem_synthetic,simulated
ISRO-2015-0638,27.671731,91.963962,1937.8,43.17,106.27,0.0075,141.82,dem_synthetic,simulated
ISRO-2018-0639,26.47527,93.832353,1918.4,28.85,49.52,0.0183,82.25,dem_synthetic,simulated
ISRO-2016-0640,26.718024,93.808352,2138.1,45.98,20.52,0.0434,39.89,dem_synthetic,simulated
ISRO-2013-0641,26.103417,94.465825,1727.4,41.54,242.51,-0.0326,20.24,dem_synthetic,simulated
ISRO-2020-0642,26.53829,94.599823,2607.6,33.27,49.0,-0.0423,268.39,dem_synthetic,simulated
ISRO-1999-0643,25.269943,90.863695,2395.2,30.47,149.26,-0.0123,49.5,dem_synthetic,simulated
ISRO-2006-0644,25.667472,92.897952,2172.6,27.66,111.72,-0.0138,45.75,dem_synthetic,simulated
ISRO-2009-0645,23.358666,91.381382,232.0,34.72,137.86,0.0763,2.89,dem_synthetic,simulated
ISRO-2022-0646,23.719763,91.412827,923.7,27.51,63.96,0.063,30.75,dem_synthetic,simulated
ISRO-2001-0647,25.415906,92.808217,1750.0,28.57,58.5,0.0734,45.29,dem_synthetic,simulated
ISRO-2002-0648,25.252141,92.702105,2045.8,37.77,229.39,0.017,34.57,dem_synthetic,simulated
ISRO-1999-0649,25.583085,91.161327,1584.5,38.97,66.68,0.0007,72.46,dem_synthetic,simulated
ISRO-2001-0650,26.587464,94.190177,2366.1,37.03,332.66,-0.0226,65.37,dem_synthetic,simulated
ISRO-2004-0651,23.336079,91.435115,1301.0,31.87,1.93,-0.0881,120.5,dem_synthetic,simulated
ISRO-1999-0652,26.18659,92.775594,1908.5,39.93,300.05,0.0739,107.45,dem_synthetic,simulated
ISRO-2007-0653,25.268933,92.596423,1179.3,35.72,258.72,-0.0435,153.05,dem_synthetic,simulated
ISRO-2010-0654,24.971141,93.918817,2437.8,27.11,33.3,0.0412,57.32,dem_synthetic,simulated
ISRO-2008-0655,26.452513,94.306241,2191.8,35.81,83.62,-0.0069,86.07,dem_synthetic,simulated
ISRO-2001-0656,25.996637,93.802971,1030.3,41.8,79.92,0.062,49.49,dem_synthetic,simulated
ISRO-2000-0657,25.860935,90.289652,2818.0,22.99,279.19,0.0583,193.37,dem_synthetic,simulated
ISRO-2013-0658,23.461453,91.563317,132.3,25.67,329.66,-0.0876,21.3,dem_synthetic,simulated
ISRO-2007-0659,27.074869,88.51394,2877.7,24.2,206.73,0.0334,23.17,dem_synthetic,simulated
ISRO-2018-0660,23.579855,92.640938,1364.4,29.9,187.62,0.0322,23.55,dem_synthetic,simulated
ISRO-2021-0661,26.401332,94.243081,1826.2,26.12,274.4,0.0525,36.6,dem_synthetic,simulated
ISRO-2005-0662,27.554225,88.316051,2337.7,38.07,320.77,-0.013,114.59,dem_synthetic,simulated
ISRO-2022-0663,25.970705,93.781146,1995.8,35.78,76.91,0.0849,79.34,dem_synthetic,simulated
ISRO-1998-0664,26.466115,93.049348,2167.1,43.17,166.6,0.0231,112.36,dem_synthetic,simulated
ISRO-2006-0665,23.569103,91.522514,1074.4,13.64,178.76,0.0065,31.74,dem_synthetic,simulated
ISRO-2000-0666,25.367092,92.281912,1723.7,35.0,185.44,0.0137,65.27,dem_synthetic,simulated
ISRO-2008-0667,26.221903,94.83292,2317.9,27.74,356.18,0.0697,93.77,dem_synthetic,simulated
ISRO-2015-0668,25.482927,91.564714,1819.4,30.26,111.62,0.0031,56.0,dem_synthetic,simulated
ISRO-2005-0669,27.284708,88.511705,1999.0,43.89,107.26,-0.017,27.65,dem_synthetic,simulated
ISRO-2014-0670,25.575472,91.202179,1619.0,41.26,183.96,-0.0333,13.11,dem_synthetic,simulated
ISRO-2014-0671,24.288633,93.721093,1400.7,49.61,78.13,-0.0176,93.99,dem_synthetic,simulated
ISRO-2018-0672,28.007848,94.522669,3406.3,50.35,311.39,-0.0357,232.71,dem_synthetic,simulated
ISRO-2004-0673,26.21079,93.7582,2492.6,23.38,331.73,0.1282,9.14,dem_synthetic,simulated
ISRO-2003-0674,26.239552,93.692999,1605.7,39.31,105.67,0.002,22.45,dem_synthetic,simulated
ISRO-2022-0675,27.281856,88.566867,3091.1,12.69,251.36,-0.0445,18.34,dem_synthetic,simulated
ISRO-2015-0676,25.350602,90.942104,636.7,26.37,286.06,0.0532,34.23,dem_synthetic,simulated
ISRO-2003-0677,26.659056,93.883824,1443.1,25.36,240.19,0.002,197.43,dem_synthetic,simulated
ISRO-1998-0678,25.629971,91.223877,3029.5,26.48,169.41,0.0071,54.14,dem_synthetic,simulated
ISRO-2021-0679,27.272995,88.525324,2980.8,46.27,143.79,-0.103,40.97,dem_synthetic,simulated
ISRO-2014-0680,27.263466,88.715836,2054.5,35.54,226.48,0.0432,72.52,dem_synthetic,simulated
ISRO-2001-0681,28.255938,94.859351,2017.1,42.07,114.22,-0.0583,324.49,dem_synthetic,simulated
ISRO-2011-0682,26.4728,93.752925,1435.5,46.98,117.76,0.0405,116.0,dem_synthetic,simulated
ISRO-2002-0683,26.472974,92.645961,1790.4,17.62,250.54,-0.0664,167.39,dem_synthetic,simulated
ISRO-1999-0684,26.254885,94.048074,1724.0,32.09,134.56,0.0186,259.63,dem_synthetic,simulated
ISRO-2021-0685,23.253865,92.791447,883.2,32.0,102.34,-0.0722,81.77,dem_synthetic,simulated
ISRO-1998-0686,26.250157,93.925184,2038.9,25.68,1.11,0.0781,19.06,dem_synthetic,simulated
ISRO-2008-0687,23.022943,92.706306,598.8,23.91,56.41,0.0584,16.8,dem_synthetic,simulated
ISRO-2022-0688,27.10313,88.061764,3244.5,28.75,154.53,-0.1073,25.17,dem_synthetic,simulated
ISRO-2019-0689,25.331259,91.234246,1631.2,46.7,201.33,-0.0508,80.0,dem_synthetic,simulated
ISRO-2009-0690,27.213556,95.00508,1198.1,38.19,226.32,0.0017,85.97,dem_synthetic,simulated
ISRO-2009-0691,22.774779,92.764712,734.7,27.66,181.12,0.0537,1.45,dem_synthetic,simulated
ISRO-2021-0692,27.15528,92.921569,2997.3,40.31,203.02,-0.0013,30.6,dem_synthetic,simulated
ISRO-2005-0693,25.053339,94.034695,1826.0,24.91,77.87,0.0429,46.52,dem_synthetic,simulated
ISRO-2011-0694,27.995024,94.935788,2586.5,47.31,119.98,0.0088,130.96,dem_synthetic,simulated
ISRO-2006-0695,25.238049,91.481044,956.6,29.21,173.75,0.0752,13.52,dem_synthetic,simulated
ISRO-2021-0696,25.431923,92.5006,1881.1,21.53,282.87,0.0677,23.45,dem_synthetic,simulated
ISRO-2002-0697,26.689619,93.824017,3060.3,36.15,118.55,0.0327,130.16,dem_synthetic,simulated
ISRO-2022-0698,27.388369,95.375345,2779.5,40.19,174.92,0.0725,185.96,dem_synthetic,simulated
ISRO-2015-0699,26.725294,94.03433,2733.1,45.09,281.67,0.0875,10.14,dem_synthetic,simulated
ISRO-2012-0700,25.854718,93.93492,2382.2,20.54,299.8,-0.0114,32.5,dem_synthetic,simulated
ISRO-2011-0701,23.283652,91.798642,597.4,28.95,331.78,-0.02,34.57,dem_synthetic,simulated
ISRO-2008-0702,25.804522,90.073562,2195.8,23.58,91.82,-0.0065,81.53,dem_synthetic,simulated
ISRO-2009-0703,27.167817,93.052796,2147.8,57.39,338.04,0.0879,38.74,dem_synthetic,simulated
ISRO-1998-0704,23.853848,91.417425,867.6,29.62,223.59,-0.0749,26.13,dem_synthetic,simulated
ISRO-2008-0705,23.285565,91.406609,363.1,30.08,136.69,0.0542,24.41,dem_synthetic,simulated
ISRO-2007-0706,26.548486,92.941976,1297.1,29.08,93.96,0.0571,37.52,dem_synthetic,simulated
ISRO-2008-0707,23.341364,91.791691,474.2,37.83,182.93,0.0047,17.34,dem_synthetic,simulated
ISRO-2020-0708,26.349733,94.316631,2741.8,34.86,315.03,0.0225,6.85,dem_synthetic,simulated
ISRO-2003-0709,28.19802,94.578571,3478.6,30.19,180.05,0.0742,113.47,dem_synthetic,simulated
ISRO-2007-0710,23.72457,92.507945,1646.9,26.59,322.41,0.0303,30.22,dem_synthetic,simulated
ISRO-2019-0711,27.236507,88.436654,2567.3,51.85,9.21,-0.0656,4.01,dem_synthetic,simulated
ISRO-2017-0712,23.69602,91.62282,1072.4,18.37,335.89,-0.0127,46.88,dem_synthetic,simulated
ISRO-2001-0713,26.600341,92.977044,2113.5,36.82,26.77,0.0718,122.54,dem_synthetic,simulated
ISRO-2011-0714,23.657274,92.701931,752.2,30.44,43.44,-0.0075,38.46,dem_synthetic,simulated
ISRO-2022-0715,25.493024,91.202072,930.5,27.66,279.54,0.036,130.38,dem_synthetic,simulated
ISRO-2017-0716,26.282177,93.78428,1470.2,23.7,103.56,0.0515,21.33,dem_synthetic,simulated
ISRO-2020-0717,24.399362,93.787755,1574.7,24.61,50.31,-0.0788,144.63,dem_synthetic,simulated
ISRO-2013-0718,27.284018,88.50703,2580.7,23.4,63.04,-0.0842,58.12,dem_synthetic,simulated
ISRO-2015-0719,24.58382,94.24157,1226.6,36.32,210.79,-0.045,89.35,dem_synthetic,simulated
ISRO-2016-0720,26.226443,93.692954,2032.2,29.77,218.35,-0.0702,14.3,dem_synthetic,simulated
ISRO-2000-0721,23.905446,92.622323,723.6,38.01,333.77,0.0956,2.78,dem_synthetic,simulated
ISRO-2006-0722,23.023137,92.950659,436.6,22.86,316.67,0.1009,5.14,dem_synthetic,simulated
ISRO-2015-0723,23.724491,92.611964,382.9,20.54,1.7,0.0702,123.18,dem_synthetic,simulated
ISRO-2004-0724,25.618783,91.189613,343.7,43.12,355.4,-0.0832,119.37,dem_synthetic,simulated
ISRO-2001-0725,25.207092,91.535961,2385.0,31.83,190.2,-0.0423,108.14,dem_synthetic,simulated
ISRO-2008-0726,27.252622,88.430138,2560.3,31.39,277.73,0.0433,8.03,dem_synthetic,simulated
ISRO-1999-0727,24.927476,94.40688,1847.2,20.7,301.49,0.0301,36.1,dem_synthetic,simulated
ISRO-2005-0728,25.350954,92.625367,2903.9,43.13,354.66,0.039,188.93,dem_synthetic,simulated
ISRO-2007-0729,24.829207,94.193362,1377.1,33.15,336.12,0.0824,76.3,dem_synthetic,simulated
ISRO-2006-0730,27.376682,88.624734,2482.6,50.87,78.99,-0.0509,64.98,dem_synthetic,simulated
ISRO-2007-0731,26.016412,93.785368,1864.5,31.55,343.18,-0.054,211.73,dem_synthetic,simulated
ISRO-2000-0732,26.342669,94.747431,1766.7,28.39,84.41,0.0707,68.69,dem_synthetic,simulated
ISRO-2012-0733,27.306859,88.627225,3483.3,35.98,299.15,0.0121,315.98,dem_synthetic,simulated
ISRO-2014-0734,23.416059,91.763131,1396.6,32.23,341.73,-0.044,13.89,dem_synthetic,simulated
ISRO-2000-0735,25.527484,90.132809,2171.0,40.98,218.39,-0.0105,95.05,dem_synthetic,simulated
ISRO-2005-0736,26.361749,94.342603,2073.2,29.25,47.6,0.0008,7.48,dem_synthetic,simulated
ISRO-2019-0737,26.292427,94.233238,2334.5,36.95,241.15,0.0599,10.15,dem_synthetic,simulated
ISRO-2000-0738,26.270389,93.914588,1801.5,25.62,248.27,-0.0177,150.02,dem_synthetic,simulated
ISRO-2009-0739,27.490694,88.667715,2412.6,40.35,141.12,-0.0173,28.5,dem_synthetic,simulated
ISRO-2011-0740,25.586284,90.18207,1648.0,34.13,183.95,0.0508,83.49,dem_synthetic,simulated
ISRO-2009-0741,25.254667,91.123429,1657.8,25.98,182.34,0.0092,72.25,dem_synthetic,simulated
ISRO-2019-0742,22.672968,93.046229,50.0,19.44,301.07,0.0747,65.69,dem_synthetic,simulated
ISRO-2003-0743,27.546886,91.877803,3048.0,39.54,198.29,-0.0414,8.1,dem_synthetic,simulated
ISRO-1998-0744,27.082096,88.078529,1947.5,32.62,223.52,-0.0358,0.3,dem_synthetic,simulated
ISRO-2009-0745,25.27279,90.965113,1328.1,27.53,110.19,-0.0622,125.71,dem_synthetic,simulated
ISRO-1998-0746,27.327798,88.39878,1932.4,33.95,29.46,0.033,131.26,dem_synthetic,simulated
ISRO-2013-0747,24.949608,94.342778,1629.8,23.36,170.29,0.0633,12.26,dem_synthetic,simulated
ISRO-2016-0748,23.622476,92.330136,327.3,16.6,230.53,-0.005,157.7,dem_synthetic,simulated
ISRO-2014-0749,22.833096,92.571362,861.3,21.88,90.26,0.0516,53.26,dem_synthetic,simulated
ISRO-2022-0750,23.903973,92.53598,1377.2,38.93,174.75,-0.0357,154.0,dem_synthetic,simulated
ISRO-2009-0751,25.309429,91.034587,1952.2,14.72,138.4,-0.0067,44.88,dem_synthetic,simulated
ISRO-2017-0752,24.97862,94.530034,1005.9,33.15,295.01,-0.0183,18.4,dem_synthetic,simulated
ISRO-2001-0753,23.661646,91.721925,1195.3,21.56,359.2,-0.0737,8.0,dem_synthetic,simulated
ISRO-2018-0754,27.185543,92.825843,3657.2,45.76,127.68,0.0371,38.05,dem_synthetic,simulated
ISRO-2001-0755,25.260317,92.947045,1344.1,39.82,291.74,-0.0221,69.31,dem_synthetic,simulated
ISRO-2009-0756,24.2528,94.039627,1503.1,38.72,121.84,-0.0115,111.76,dem_synthetic,simulated
ISRO-2004-0757,25.401066,91.365924,1888.5,15.78,273.83,0.0072,98.32,dem_synthetic,simulated
ISRO-2001-0758,23.835241,91.454092,1872.8,26.92,262.42,0.0262,15.03,dem_synthetic,simulated
ISRO-2006-0759,27.485013,88.59336,2398.8,18.71,155.9,-0.0123,33.41,dem_synthetic,simulated
ISRO-1998-0760,24.841494,94.255437,1981.0,35.09,196.63,0.0505,51.44,dem_synthetic,simulated
ISRO-2002-0761,27.86653,94.736352,2937.6,40.07,91.31,0.0144,42.18,dem_synthetic,simulated
ISRO-2006-0762,27.61462,88.183177,1999.7,30.82,333.42,0.042,10.44,dem_synthetic,simulated
ISRO-1999-0763,25.018769,94.169173,1099.6,23.3,26.23,-0.0462,6.41,dem_synthetic,simulated
ISRO-2008-0764,26.433372,94.739887,2162.6,17.88,175.2,0.0435,30.48,dem_synthetic,simulated
ISRO-2004-0765,25.526025,92.055793,1818.1,29.52,11.43,-0.049,245.7,dem_synthetic,simulated
ISRO-1999-0766,26.432192,94.293449,2153.0,49.76,291.07,0.0385,109.58,dem_synthetic,simulated
ISRO-2011-0767,23.608323,91.193748,1212.6,19.89,81.57,-0.041,56.16,dem_synthetic,simulated
ISRO-2021-0768,25.94526,93.74159,1307.5,30.81,87.66,-0.0175,4.6,dem_synthetic,simulated
ISRO-2013-0769,25.575081,92.83665,2758.3,33.55,37.43,0.0507,24.69,dem_synthetic,simulated
ISRO-2006-0770,26.391516,94.161259,2456.8,44.5,17.72,0.0083,32.61,dem_synthetic,simulated
ISRO-2015-0771,27.030923,92.920551,2145.5,43.18,224.46,0.0345,173.89,dem_synthetic,simulated
ISRO-2006-0772,23.599274,91.84049,1789.8,32.22,260.95,-0.0127,89.63,dem_synthetic,simulated
ISRO-2015-0773,25.429592,90.935751,2848.0,35.56,193.22,0.0793,149.62,dem_synthetic,simulated
ISRO-2002-0774,23.814017,92.609729,1275.5,30.0,81.65,-0.0096,69.35,dem_synthetic,simulated
ISRO-2002-0775,27.492985,88.172073,2405.9,35.84,303.49,0.0249,22.4,dem_synthetic,simulated
ISRO-2010-0776,28.099162,94.729397,3908.3,45.28,40.05,-0.0882,139.38,dem_synthetic,simulated
ISRO-1998-0777,23.973025,91.066164,1833.8,32.15,156.23,-0.0908,13.88,dem_synthetic,simulated
ISRO-2011-0778,23.797809,92.347747,393.3,36.12,334.8,-0.0247,18.72,dem_synthetic,simulated
ISRO-2010-0779,25.506716,90.292771,2191.3,31.63,289.82,-0.095,15.43,dem_synthetic,simulated
ISRO-2018-0780,23.362826,91.526041,403.9,21.3,157.13,-0.12,192.24,dem_synthetic,simulated
ISRO-2014-0781,23.338634,91.368603,884.8,15.4,115.04,0.0156,58.86,dem_synthetic,simulated
ISRO-2013-0782,24.739319,94.56662,1690.7,27.56,347.47,0.0194,37.56,dem_synthetic,simulated
ISRO-2014-0783,23.30537,91.591096,346.8,22.83,1.65,0.0322,55.53,dem_synthetic,simulated
ISRO-2009-0784,26.369182,94.287315,1152.9,24.4,71.14,-0.0032,69.08,dem_synthetic,simulated
ISRO-2012-0785,22.662908,92.567695,957.2,28.83,117.64,-0.0871,35.32,dem_synthetic,simulated
ISRO-2017-0786,24.384211,93.844773,1301.0,32.3,209.71,-0.0289,41.95,dem_synthetic,simulated
ISRO-2006-0787,25.69539,92.809844,1710.0,34.62,182.12,-0.0775,69.89,dem_synthetic,simulated
ISRO-2018-0788,25.472187,91.28943,1887.3,29.69,111.17,0.0082,34.98,dem_synthetic,simulated
ISRO-2016-0789,25.194434,91.496549,2511.3,26.57,196.85,0.0355,53.07,dem_synthetic,simulated
ISRO-2021-0790,27.926347,94.79593,2818.6,47.8,285.94,0.0433,107.6,dem_synthetic,simulated
ISRO-2003-0791,23.439253,91.78262,941.0,24.46,255.71,-0.1425,15.81,dem_synthetic,simulated
ISRO-2008-0792,25.374912,92.668422,1759.2,42.77,269.78,0.1389,10.38,dem_synthetic,simulated
ISRO-2008-0793,25.418474,92.52546,2273.2,48.48,275.71,0.0638,34.21,dem_synthetic,simulated
ISRO-2005-0794,24.568962,94.127352,1100.1,23.71,175.18,-0.0431,44.91,dem_synthetic,simulated
ISRO-2017-0795,27.266595,95.086803,3052.4,41.66,335.28,-0.013,143.53,dem_synthetic,simulated
ISRO-2006-0796,25.769703,90.310026,1521.3,30.15,225.26,0.0282,86.56,dem_synthetic,simulated
ISRO-2011-0797,24.901028,94.590583,825.1,11.71,79.68,-0.0843,52.1,dem_synthetic,simulated
ISRO-2005-0798,24.987863,94.295695,1790.7,25.51,1.44,-0.0457,9.88,dem_synthetic,simulated
ISRO-2002-0799,23.588704,92.58786,822.6,31.62,168.53,0.0108,45.62,dem_synthetic,simulated
ISRO-2005-0800,23.316675,91.650561,597.9,11.3,331.7,-0.0183,9.52,dem_synthetic,simulated
ISRO-2002-0801,27.353841,88.151206,1829.1,24.79,129.46,0.0266,68.75,dem_synthetic,simulated
ISRO-2014-0802,24.855917,93.859003,1841.8,17.38,70.81,-0.0117,67.66,dem_synthetic,simulated
ISRO-2009-0803,27.151446,95.389015,1921.8,43.33,325.09,-0.0997,9.56,dem_synthetic,simulated
ISRO-2000-0804,25.261259,92.507226,2566.0,35.74,121.78,0.0308,36.32,dem_synthetic,simulated
ISRO-2000-0805,25.60833,91.449573,1248.0,33.02,33.51,0.0273,47.51,dem_synthetic,simulated
ISRO-2010-0806,26.705443,94.16899,2675.6,38.48,177.32,0.0425,86.98,dem_synthetic,simulated
ISRO-2015-0807,27.730314,91.697657,2745.8,37.89,36.72,-0.019,75.55,dem_synthetic,simulated
ISRO-2009-0808,26.6119,94.005219,1662.5,21.23,189.49,-0.0457,53.12,dem_synthetic,simulated
ISRO-2011-0809,28.277656,94.574761,3212.4,33.25,31.83,0.0686,95.14,dem_synthetic,simulated
ISRO-2022-0810,26.534219,93.807514,2666.7,44.98,135.72,-0.0396,19.66,dem_synthetic,simulated
ISRO-2016-0811,26.182624,94.68425,2287.8,28.85,182.44,0.0398,18.08,dem_synthetic,simulated
ISRO-1998-0812,25.245553,93.980503,1349.5,45.98,54.37,-0.049,194.17,dem_synthetic,simulated
ISRO-2009-0813,23.686019,92.437045,478.6,38.84,339.45,0.0308,21.79,dem_synthetic,simulated
ISRO-2017-0814,26.970367,88.521395,3217.5,34.11,37.26,-0.0667,7.18,dem_synthetic,simulated
ISRO-2002-0815,26.426053,94.524752,3394.8,20.82,262.94,-0.0263,141.12,dem_synthetic,simulated
ISRO-2022-0816,28.074335,94.472229,2682.1,32.01,188.4,-0.0573,50.74,dem_synthetic,simulated
ISRO-2010-0817,27.391803,91.687034,3514.4,44.42,14.54,0.1522,29.03,dem_synthetic,simulated
ISRO-2001-0818,25.343533,92.102828,2513.9,20.43,57.16,0.0794,143.98,dem_synthetic,simulated
ISRO-2004-0819,23.872893,92.267765,1129.9,21.14,198.24,0.0431,46.4,dem_synthetic,simulated
ISRO-2018-0820,27.089272,95.029964,3221.3,19.24,79.5,-0.0522,113.29,dem_synthetic,simulated
ISRO-2009-0821,26.926367,92.809063,2602.1,37.35,183.96,-0.0038,7.28,dem_synthetic,simulated
ISRO-2013-0822,23.099171,92.899656,1219.9,40.5,184.17,-0.0043,102.03,dem_synthetic,simulated
ISRO-2009-0823,26.628807,94.434456,1998.5,26.12,74.5,0.0063,232.77,dem_synthetic,simulated
ISRO-2009-0824,25.278652,91.151747,2387.5,13.85,348.64,-0.0803,31.99,dem_synthetic,simulated
ISRO-2008-0825,24.651675,94.149759,1627.1,25.67,108.99,-0.0987,11.48,dem_synthetic,simulated
ISRO-1998-0826,25.507198,90.185848,3170.8,17.64,169.64,-0.0345,3.27,dem_synthetic,simulated
ISRO-2000-0827,25.455053,90.407603,1266.2,2.0,66.74,0.098,17.27,dem_synthetic,simulated
ISRO-2008-0828,26.275825,93.772443,3103.1,23.96,330.61,0.0522,31.06,dem_synthetic,simulated
ISRO-1998-0829,23.104896,92.870907,734.3,24.49,5.59,0.0166,71.58,dem_synthetic,simulated
ISRO-2020-0830,22.939707,92.946233,407.2,27.56,178.31,0.093,85.71,dem_synthetic,simulated
ISRO-1998-0831,23.059127,92.653047,375.1,25.88,5.89,0.0186,28.77,dem_synthetic,simulated
ISRO-2020-0832,23.705691,91.380329,818.4,36.64,354.61,0.0117,27.28,dem_synthetic,simulated
ISRO-2012-0833,27.229396,93.144022,3942.8,28.75,80.2,0.0177,18.86,dem_synthetic,simulated
ISRO-2004-0834,23.907815,91.45311,1252.0,27.84,79.79,-0.0653,34.92,dem_synthetic,simulated
ISRO-2010-0835,22.867543,92.891526,955.6,32.29,83.46,0.0291,134.79,dem_synthetic,simulated
ISRO-2014-0836,23.593856,92.746893,991.4,25.25,341.71,0.0151,10.9,dem_synthetic,simulated
ISRO-2011-0837,24.787744,94.375534,2193.2,38.04,246.63,0.012,2.54,dem_synthetic,simulated
ISRO-2006-0838,26.01158,94.610895,2009.7,30.03,263.34,0.0963,44.76,dem_synthetic,simulated
ISRO-2009-0839,25.397079,91.233399,1417.9,23.66,105.12,0.0043,184.26,dem_synthetic,simulated
ISRO-2005-0840,27.565167,88.463387,1690.4,28.47,42.44,-0.0105,5.35,dem_synthetic,simulated
ISRO-2007-0841,27.239515,88.559197,3271.5,29.45,82.39,0.0058,49.33,dem_synthetic,simulated
ISRO-2016-0842,27.038973,93.153084,2428.6,24.1,32.97,0.1087,201.67,dem_synthetic,simulated
ISRO-1998-0843,27.048419,93.146256,1659.1,41.57,70.96,-0.1484,26.41,dem_synthetic,simulated
ISRO-2000-0844,23.599205,91.355445,1257.8,18.84,210.84,0.0492,15.43,dem_synthetic,simulated
ISRO-2017-0845,27.804989,91.769168,2732.4,52.74,183.91,0.0879,0.61,dem_synthetic,simulated
ISRO-1999-0846,23.545541,91.804935,587.9,17.35,77.06,0.072,96.86,dem_synthetic,simulated
ISRO-2018-0847,25.245955,92.024253,1976.0,32.56,62.65,-0.0872,84.72,dem_synthetic,simulated
ISRO-2007-0848,27.32397,88.527456,2812.1,51.98,201.9,-0.0819,176.43,dem_synthetic,simulated
ISRO-2014-0849,23.402486,92.676513,349.1,21.27,31.77,0.0119,26.06,dem_synthetic,simulated
ISRO-2015-0850,28.140902,94.765901,1850.1,45.13,102.36,0.0746,84.81,dem_synthetic,simulated
ISRO-2008-0851,25.381997,92.096536,1551.6,23.46,286.53,0.0073,16.31,dem_synthetic,simulated
ISRO-2008-0852,23.844036,92.333968,817.2,25.4,287.86,0.0152,105.07,dem_synthetic,simulated
ISRO-2013-0853,26.145046,94.511753,3184.6,18.34,207.26,0.1185,76.97,dem_synthetic,simulated
ISRO-2012-0854,26.529164,93.757488,1673.8,42.47,155.1,-0.0066,65.19,dem_synthetic,simulated
ISRO-2004-0855,27.236879,92.95036,2453.2,34.41,331.84,-0.0064,15.64,dem_synthetic,simulated
ISRO-2015-0856,26.445299,94.611414,2420.0,40.49,205.38,0.1263,79.06,dem_synthetic,simulated
ISRO-2003-0857,23.626751,92.947799,419.4,25.1,350.68,0.0642,84.32,dem_synthetic,simulated
ISRO-2003-0858,26.214039,94.557511,2178.6,38.85,154.37,-0.0478,25.15,dem_synthetic,simulated
ISRO-2011-0859,25.227256,92.108804,2807.9,38.3,219.14,0.0598,57.0,dem_synthetic,simulated
ISRO-2008-0860,25.325071,91.263218,2206.6,18.47,175.04,0.0247,213.98,dem_synthetic,simulated
ISRO-1999-0861,23.576089,91.548887,616.6,36.9,210.61,-0.0116,30.78,dem_synthetic,simulated
ISRO-2013-0862,26.364096,94.761172,2663.7,36.25,23.24,0.0014,130.32,dem_synthetic,simulated
ISRO-2021-0863,27.056924,88.650929,1478.0,43.34,58.57,-0.0473,12.78,dem_synthetic,simulated
ISRO-2009-0864,28.258551,94.822678,3177.8,38.96,235.78,0.0483,47.22,dem_synthetic,simulated
ISRO-2014-0865,25.819937,90.424866,1510.5,40.79,240.45,0.0537,46.22,dem_synthetic,simulated
ISRO-2016-0866,23.545501,92.660062,693.7,27.69,99.27,-0.0021,72.32,dem_synthetic,simulated
ISRO-2005-0867,27.53738,95.070739,3194.0,52.27,111.9,0.0178,34.12,dem_synthetic,simulated
ISRO-2020-0868,27.631735,91.583924,2976.2,30.33,233.23,-0.0385,5.52,dem_synthetic,simulated
ISRO-2007-0869,23.936948,91.411767,1334.1,18.77,238.12,0.0483,10.84,dem_synthetic,simulated
ISRO-2000-0870,24.865979,94.508463,2017.5,37.34,345.44,-0.0573,10.36,dem_synthetic,simulated
ISRO-2006-0871,25.937853,93.938195,2551.2,38.59,170.08,0.0494,180.93,dem_synthetic,simulated
ISRO-2012-0872,25.533679,91.136806,1668.8,26.61,35.81,-0.0147,30.74,dem_synthetic,simulated
ISRO-2018-0873,26.048379,94.643018,2311.4,21.2,153.78,-0.0748,3.08,dem_synthetic,simulated
ISRO-2005-0874,23.564599,91.648873,294.3,16.36,126.34,-0.0378,20.81,dem_synthetic,simulated
ISRO-2020-0875,26.509316,94.148446,3244.9,41.7,126.92,-0.0868,45.18,dem_synthetic,simulated
ISRO-2016-0876,24.700787,93.949332,1856.3,33.26,99.23,-0.0781,18.76,dem_synthetic,simulated
ISRO-1998-0877,25.514146,92.486806,3049.4,26.02,336.85,0.017,2.46,dem_synthetic,simulated
ISRO-2007-0878,25.263642,90.763468,1680.1,37.07,297.06,0.0492,36.18,dem_synthetic,simulated
ISRO-2000-0879,23.411088,92.749851,50.0,34.82,252.43,0.0255,78.76,dem_synthetic,simulated
ISRO-2003-0880,25.311943,92.533051,2382.6,36.86,236.63,0.0451,177.0,dem_synthetic,simulated
ISRO-2014-0881,27.148698,94.992648,2710.4,21.68,185.91,0.0129,1.49,dem_synthetic,simulated
ISRO-2010-0882,24.395844,94.139831,548.1,13.14,197.82,-0.0319,64.52,dem_synthetic,simulated
ISRO-2019-0883,25.220181,91.442011,1507.9,28.06,75.15,0.0368,5.44,dem_synthetic,simulated
ISRO-2007-0884,24.955105,94.509843,1180.4,22.46,222.32,-0.0538,215.47,dem_synthetic,simulated
ISRO-2005-0885,23.414915,92.848329,965.2,36.11,103.28,-0.0247,21.2,dem_synthetic,simulated
ISRO-2018-0886,26.669447,94.147459,2116.2,34.55,95.11,0.0074,163.76,dem_synthetic,simulated
ISRO-2002-0887,26.914061,92.989922,2307.9,29.55,10.06,-0.0843,82.27,dem_synthetic,simulated
ISRO-2009-0888,22.817718,92.667464,50.0,27.56,20.35,-0.0275,86.74,dem_synthetic,simulated
ISRO-2004-0889,26.072385,94.770709,1970.3,25.31,230.5,-0.002,94.9,dem_synthetic,simulated
ISRO-2014-0890,26.215674,94.653267,640.4,37.95,243.2,-0.025,21.39,dem_synthetic,simulated
ISRO-2007-0891,26.253391,94.227764,1878.7,29.75,103.48,0.0272,302.62,dem_synthetic,simulated
ISRO-2019-0892,27.202298,88.57527,1972.8,32.51,156.07,-0.0157,75.75,dem_synthetic,simulated
ISRO-2001-0893,25.566366,90.405688,1015.0,39.6,21.35,-0.0014,269.84,dem_synthetic,simulated
ISRO-2019-0894,26.411986,94.619647,3066.8,41.86,266.62,-0.0173,4.37,dem_synthetic,simulated
ISRO-2022-0895,27.639276,91.954359,1790.2,30.86,110.56,-0.01,82.3,dem_synthetic,simulated
ISRO-2012-0896,23.474648,91.635361,798.0,15.89,216.99,-0.0187,3.83,dem_synthetic,simulated
ISRO-2011-0897,25.060902,92.101875,2206.0,27.19,154.33,0.0678,99.13,dem_synthetic,simulated
ISRO-2000-0898,25.03653,94.611167,1528.9,25.04,315.73,-0.0429,117.07,dem_synthetic,simulated
ISRO-1999-0899,26.451398,94.080294,2735.9,26.21,193.18,0.0408,25.48,dem_synthetic,simulated
ISRO-2011-0900,23.696354,92.647987,1566.0,25.01,108.4,0.0308,164.94,dem_synthetic,simulated
ISRO-2007-0901,27.221954,94.95282,2625.2,39.28,71.15,-0.0436,20.73,dem_synthetic,simulated
ISRO-2002-0902,27.26168,88.307131,2141.6,36.81,156.27,0.0777,3.07,dem_synthetic,simulated
ISRO-2015-0903,27.307795,88.187582,2734.1,44.76,86.42,0.0097,8.63,dem_synthetic,simulated
ISRO-2014-0904,25.302539,90.763445,1895.7,18.12,145.65,0.0826,34.17,dem_synthetic,simulated
ISRO-2002-0905,26.436926,94.052924,2865.3,31.6,99.11,0.0487,51.94,dem_synthetic,simulated
ISRO-2012-0906,23.694946,91.401794,961.0,15.3,259.47,0.0515,25.87,dem_synthetic,simulated
ISRO-2017-0907,27.550476,88.417406,2342.4,42.12,67.5,0.0571,46.13,dem_synthetic,simulated
ISRO-2009-0908,25.604021,91.505868,2669.6,45.8,141.53,-0.0123,3.05,dem_synthetic,simulated
ISRO-2012-0909,26.277295,93.910189,2717.7,33.59,169.55,0.0053,142.81,dem_synthetic,simulated
ISRO-1998-0910,25.269714,91.504931,1933.7,26.33,97.11,0.0299,17.23,dem_synthetic,simulated
ISRO-2015-0911,26.192935,92.629125,1659.8,37.4,106.59,-0.0191,27.7,dem_synthetic,simulated
ISRO-2012-0912,25.243615,91.334192,1238.3,26.34,73.21,-0.0493,16.75,dem_synthetic,simulated
ISRO-2015-0913,22.689617,93.003925,51.4,24.39,101.14,-0.0484,124.92,dem_synthetic,simulated
ISRO-2011-0914,25.376224,91.186296,1370.2,31.38,328.05,-0.0078,38.24,dem_synthetic,simulated
ISRO-2008-0915,27.059005,92.905694,2216.9,28.74,127.23,-0.0355,39.86,dem_synthetic,simulated
ISRO-1999-0916,26.268426,94.146441,2648.1,28.92,252.23,0.0192,33.13,dem_synthetic,simulated
ISRO-2004-0917,26.963177,92.855772,1215.8,42.59,34.68,-0.0455,28.63,dem_synthetic,simulated
ISRO-2014-0918,26.494126,94.016071,1821.2,49.18,302.23,-0.013,4.48,dem_synthetic,simulated
ISRO-2005-0919,24.818414,94.319907,1940.4,30.11,246.83,-0.0093,15.81,dem_synthetic,simulated
ISRO-2021-0920,25.737702,90.29448,2101.0,15.91,227.79,0.0351,26.25,dem_synthetic,simulated
ISRO-2009-0921,25.835046,90.498555,2184.6,29.82,243.65,-0.058,104.98,dem_synthetic,simulated
ISRO-2020-0922,25.212724,93.999108,1703.8,25.26,350.12,-0.0547,23.53,dem_synthetic,simulated
ISRO-1999-0923,28.32861,94.662901,2985.6,40.01,41.46,-0.0987,0.38,dem_synthetic,simulated
ISRO-2000-0924,25.644826,91.024705,1951.3,23.95,251.35,0.0014,119.51,dem_synthetic,simulated
ISRO-2003-0925,27.119159,93.177717,2136.0,45.51,64.8,0.0008,57.48,dem_synthetic,simulated
ISRO-2011-0926,23.677386,91.210653,669.3,20.97,213.72,-0.0304,38.28,dem_synthetic,simulated
ISRO-2012-0927,27.055736,88.432494,2480.9,28.13,62.38,0.0541,13.88,dem_synthetic,simulated
ISRO-2003-0928,25.188817,94.080741,1889.1,34.77,191.89,0.0183,33.79,dem_synthetic,simulated
ISRO-2016-0929,26.843363,93.246326,3287.4,29.78,85.93,0.0104,120.7,dem_synthetic,simulated
ISRO-2015-0930,26.317103,93.754832,1866.9,26.93,59.44,-0.0273,88.91,dem_synthetic,simulated
ISRO-2020-0931,24.659471,94.006972,1280.2,32.41,239.98,-0.0055,80.07,dem_synthetic,simulated
ISRO-2009-0932,23.394575,92.569964,1222.0,14.87,311.93,-0.0376,34.79,dem_synthetic,simulated
ISRO-2016-0933,25.653501,90.806754,1541.4,23.1,148.08,-0.0396,3.48,dem_synthetic,simulated
ISRO-2021-0934,25.451741,90.156396,1107.8,31.3,32.87,0.1074,112.52,dem_synthetic,simulated
ISRO-2006-0935,24.780428,94.343653,1470.7,45.37,31.13,0.0538,167.59,dem_synthetic,simulated
ISRO-2010-0936,25.708193,91.025064,2166.5,50.8,98.5,-0.0276,5.9,dem_synthetic,simulated
ISRO-2002-0937,25.060826,92.323531,1473.6,34.28,137.36,0.0748,120.71,dem_synthetic,simulated
ISRO-2006-0938,23.801139,91.38088,1820.4,28.76,338.9,-0.0358,14.18,dem_synthetic,simulated
ISRO-2011-0939,23.617783,91.832227,1689.8,26.14,295.68,-0.0604,64.1,dem_synthetic,simulated
ISRO-1999-0940,25.499148,91.508168,1979.9,37.98,272.78,-0.065,2.05,dem_synthetic,simulated
ISRO-1999-0941,27.125899,88.281053,1126.8,46.86,317.55,-0.0073,206.21,dem_synthetic,simulated
ISRO-2007-0942,26.036182,94.305454,1488.9,29.67,152.69,-0.0413,2.94,dem_synthetic,simulated
ISRO-2010-0943,23.561322,92.514633,818.2,32.2,86.82,0.0078,55.93,dem_synthetic,simulated
ISRO-2011-0944,25.202673,92.115974,1594.8,32.21,104.08,-0.0521,98.8,dem_synthetic,simulated
ISRO-2005-0945,23.560581,92.591538,655.4,29.13,117.04,0.0038,47.55,dem_synthetic,simulated
ISRO-2020-0946,27.396577,88.210156,2756.2,53.25,350.74,0.0374,172.43,dem_synthetic,simulated
ISRO-2020-0947,27.238335,93.075065,2274.9,33.62,125.41,-0.0103,11.88,dem_synthetic,simulated
ISRO-2020-0948,25.264026,90.759066,2208.9,39.68,76.51,0.0885,22.18,dem_synthetic,simulated
ISRO-2011-0949,24.438696,93.72286,1294.3,29.8,62.1,0.0322,3.29,dem_synthetic,simulated
ISRO-2018-0950,27.355593,88.358099,2602.2,31.03,270.52,0.0138,33.5,dem_synthetic,simulated
ISRO-2022-0951,27.842262,91.80631,4108.6,40.55,29.19,-0.0181,90.73,dem_synthetic,simulated
ISRO-2006-0952,24.698281,94.034176,866.4,24.1,335.27,0.0472,52.97,dem_synthetic,simulated
ISRO-2005-0953,25.492416,91.513104,1845.5,37.48,113.78,-0.0461,58.76,dem_synthetic,simulated
ISRO-2008-0954,23.277613,91.823849,914.5,21.79,151.24,0.0281,18.55,dem_synthetic,simulated
ISRO-2020-0955,23.838487,91.108164,791.1,16.66,269.72,0.0418,47.56,dem_synthetic,simulated
ISRO-1998-0956,27.50749,95.113578,2611.5,29.39,340.26,0.0108,333.21,dem_synthetic,simulated
ISRO-2005-0957,23.600128,91.759891,1499.9,38.93,130.42,0.0065,60.53,dem_synthetic,simulated
ISRO-2017-0958,26.638202,94.021194,3571.9,33.78,169.34,-0.0392,63.23,dem_synthetic,simulated
ISRO-2001-0959,25.275437,92.235804,1894.5,21.94,105.16,-0.0119,105.32,dem_synthetic,simulated
ISRO-2021-0960,26.250785,94.683996,1618.8,38.99,315.75,-0.0728,28.73,dem_synthetic,simulated
ISRO-2022-0961,24.8849,94.375843,507.0,32.29,146.54,-0.0719,230.61,dem_synthetic,simulated
ISRO-2007-0962,23.634312,92.265859,50.0,28.7,36.27,0.0374,13.79,dem_synthetic,simulated
ISRO-2005-0963,25.565126,91.205693,2279.1,31.68,185.27,-0.0667,226.29,dem_synthetic,simulated
ISRO-2008-0964,27.604737,91.640476,3330.2,36.37,113.18,0.034,107.41,dem_synthetic,simulated
ISRO-2008-0965,26.067886,94.386844,2650.1,33.9,155.17,0.0682,5.96,dem_synthetic,simulated
ISRO-2002-0966,25.181742,93.878391,1918.7,42.8,22.71,-0.0526,73.62,dem_synthetic,simulated
ISRO-2013-0967,23.626018,91.377468,195.8,32.63,151.75,0.0665,85.72,dem_synthetic,simulated
ISRO-2016-0968,25.670178,90.095934,916.6,40.48,186.0,0.0204,164.84,dem_synthetic,simulated
ISRO-2017-0969,26.541391,94.220725,828.5,40.18,130.56,-0.0015,24.7,dem_synthetic,simulated
ISRO-2020-0970,26.674366,94.162243,2123.7,28.69,329.92,-0.0238,72.63,dem_synthetic,simulated
ISRO-2006-0971,27.521034,88.477355,1470.6,49.09,169.71,0.0815,55.18,dem_synthetic,simulated
ISRO-2022-0972,25.595709,92.476107,1709.1,32.34,240.76,0.0199,2.66,dem_synthetic,simulated
ISRO-2003-0973,25.18682,93.950778,1350.3,30.38,205.82,0.0939,54.18,dem_synthetic,simulated
ISRO-2007-0974,25.732567,92.796569,2775.9,24.42,166.32,0.0651,61.05,dem_synthetic,simulated
ISRO-2002-0975,27.456215,88.46742,2638.3,40.94,150.86,0.0481,20.5,dem_synthetic,simulated
ISRO-2002-0976,23.652086,91.527082,814.4,35.24,32.91,0.0213,7.91,dem_synthetic,simulated
ISRO-2021-0977,25.865305,93.716472,1231.7,36.01,274.83,0.0373,141.84,dem_synthetic,simulated
ISRO-2011-0978,27.679664,92.036404,3825.0,39.7,168.29,0.009,27.67,dem_synthetic,simulated
ISRO-2022-0979,25.553426,90.445138,1719.0,27.95,274.97,0.0123,7.74,dem_synthetic,simulated
ISRO-2000-0980,24.896589,94.45181,2403.4,16.33,191.33,-0.0052,0.42,dem_synthetic,simulated
ISRO-2019-0981,23.684414,91.084932,1894.9,29.7,76.14,0.0558,15.15,dem_synthetic,simulated
ISRO-2003-0982,25.101593,94.1235,1304.3,17.42,264.13,0.0766,226.5,dem_synthetic,simulated
ISRO-2002-0983,25.271114,91.570794,940.0,24.65,104.34,0.07,20.68,dem_synthetic,simulated
ISRO-2016-0984,27.28205,94.958647,2750.0,38.88,244.03,-0.0061,17.72,dem_synthetic,simulated
ISRO-2004-0985,23.291751,91.620973,568.1,22.67,88.27,0.0418,60.22,dem_synthetic,simulated
ISRO-2004-0986,26.764705,92.914706,1435.0,36.45,37.27,-0.0751,59.1,dem_synthetic,simulated
ISRO-2015-0987,25.579549,92.717747,2180.0,22.6,266.63,-0.0869,194.65,dem_synthetic,simulated
ISRO-2012-0988,25.087021,92.329212,2089.1,23.46,213.9,-0.0259,58.24,dem_synthetic,simulated
ISRO-2021-0989,25.343796,91.059405,1844.5,25.32,136.64,0.1156,60.77,dem_synthetic,simulated
ISRO-2008-0990,26.386687,94.70024,3529.5,22.18,82.41,0.0068,137.82,dem_synthetic,simulated
ISRO-2014-0991,25.647138,90.456834,1682.7,40.86,84.42,-0.046,24.26,dem_synthetic,simulated
ISRO-1998-0992,26.596426,94.098027,2977.6,40.08,225.93,0.0392,2.79,dem_synthetic,simulated
ISRO-2003-0993,26.864423,92.85741,1493.6,21.59,304.38,0.0738,83.9,dem_synthetic,simulated
ISRO-2012-0994,25.375453,91.216357,1936.7,26.09,133.15,0.0327,42.0,dem_synthetic,simulated
ISRO-2020-0995,25.87927,94.06884,1798.7,27.32,223.37,-0.0175,66.91,dem_synthetic,simulated
ISRO-2001-0996,26.079719,94.595554,1982.4,34.47,12.47,-0.0113,71.78,dem_synthetic,simulated
ISRO-2000-0997,27.071415,88.668495,3072.3,38.3,305.62,0.0073,2.77,dem_synthetic,simulated
ISRO-2018-0998,27.529176,88.801548,3028.3,20.78,73.45,0.0501,41.32,dem_synthetic,simulated
ISRO-2017-0999,23.250994,92.922477,803.8,7.86,93.5,-0.0125,17.77,dem_synthetic,simulated
ISRO-2000-1000,25.681982,92.477752,2199.3,32.99,205.69,-0.078,158.7,dem_synthetic,simulated
ISRO-2011-1001,23.698865,91.489029,1318.3,19.74,182.73,0.0201,15.67,dem_synthetic,simulated
ISRO-2019-1002,24.543952,94.132964,1516.3,18.18,288.36,0.0025,14.18,dem_synthetic,simulated
ISRO-2017-1003,25.604936,90.915511,1633.8,41.24,103.85,-0.0413,85.63,dem_synthetic,simulated
ISRO-2004-1004,24.993554,94.043508,1570.4,36.9,71.91,0.0026,71.38,dem_synthetic,simulated
ISRO-2012-1005,26.909664,92.750546,2830.8,38.83,237.68,-0.0137,42.01,dem_synthetic,simulated
ISRO-2002-1006,25.655311,90.470133,1550.6,25.9,254.63,0.035,50.1,dem_synthetic,simulated
ISRO-2011-1007,26.196092,93.846613,1944.9,15.43,149.68,-0.0019,75.34,dem_synthetic,simulated
ISRO-2012-1008,27.502314,91.904814,3562.3,23.26,222.12,0.0032,124.82,dem_synthetic,simulated
ISRO-2021-1009,24.828298,93.913749,2069.0,6.45,223.04,-0.0105,26.98,dem_synthetic,simulated
ISRO-2003-1010,23.474563,91.842347,1381.3,37.16,231.32,-0.0205,36.92,dem_synthetic,simulated
ISRO-2003-1011,23.457632,92.488454,1526.6,24.83,201.45,-0.0034,107.73,dem_synthetic,simulated
ISRO-2009-1012,25.501021,90.21957,1182.2,26.51,332.38,0.0727,13.07,dem_synthetic,simulated
ISRO-1999-1013,25.014498,94.07606,1590.2,34.92,311.41,-0.0153,201.92,dem_synthetic,simulated
ISRO-2015-1014,26.263064,94.07998,2332.8,43.46,345.51,-0.0524,94.18,dem_synthetic,simulated
ISRO-2021-1015,27.313878,88.113433,2170.6,33.29,3.46,-0.0454,51.27,dem_synthetic,simulated
ISRO-2007-1016,24.839372,94.50525,814.4,30.06,21.91,0.0012,4.99,dem_synthetic,simulated
ISRO-2013-1017,26.47006,94.274871,1609.6,30.92,211.8,-0.0712,70.67,dem_synthetic,simulated
ISRO-2011-1018,25.872095,94.034896,1149.8,29.62,257.34,-0.0044,293.87,dem_synthetic,simulated
ISRO-2013-1019,26.541783,93.877856,3066.5,35.27,53.48,0.0062,199.45,dem_synthetic,simulated
ISRO-2012-1020,23.892825,92.561957,989.9,30.66,29.45,0.0082,25.93,dem_synthetic,simulated
ISRO-2007-1021,23.726498,92.366256,640.8,25.62,244.08,0.115,34.47,dem_synthetic,simulated
ISRO-2003-1022,27.14643,88.532339,3063.2,33.58,354.67,0.081,103.31,dem_synthetic,simulated
ISRO-2013-1023,23.735834,92.51975,1040.9,30.11,196.32,0.0267,93.17,dem_synthetic,simulated
ISRO-2007-1024,25.714302,90.936947,1914.3,35.42,104.67,-0.0704,72.67,dem_synthetic,simulated
ISRO-2000-1025,28.312296,94.901961,1854.7,46.09,226.89,0.0763,169.48,dem_synthetic,simulated
ISRO-1998-1026,25.640452,91.279573,1728.6,36.8,162.25,0.0328,56.21,dem_synthetic,simulated
ISRO-2013-1027,27.530468,88.564317,2167.5,36.66,54.98,-0.0146,49.25,dem_synthetic,simulated
ISRO-2019-1028,26.236991,94.457207,1385.6,23.69,154.38,0.0209,19.58,dem_synthetic,simulated
ISRO-2004-1029,26.318777,94.299048,2006.3,41.94,348.0,0.0322,222.67,dem_synthetic,simulated
ISRO-2021-1030,23.453929,92.896868,1083.5,21.47,97.53,0.0595,36.49,dem_synthetic,simulated
ISRO-1999-1031,27.428986,88.547299,2503.2,35.31,225.35,-0.0154,103.65,dem_synthetic,simulated
ISRO-2007-1032,25.076151,92.047329,1560.4,39.21,84.65,-0.044,160.99,dem_synthetic,simulated
ISRO-2017-1033,25.37475,91.129744,2675.5,30.91,322.19,0.0838,53.54,dem_synthetic,simulated
ISRO-2014-1034,24.032271,91.517056,1459.0,19.44,78.15,-0.0326,13.92,dem_synthetic,simulated
ISRO-2022-1035,25.513069,91.283454,2568.6,27.03,171.42,0.0184,6.7,dem_synthetic,simulated
ISRO-2009-1036,25.546604,90.946672,2391.0,26.86,20.49,0.028,34.19,dem_synthetic,simulated
ISRO-2006-1037,27.974896,94.821431,2019.3,49.38,286.54,-0.0369,40.73,dem_synthetic,simulated
ISRO-2014-1038,27.388858,88.151204,2637.3,51.13,341.49,0.0381,3.7,dem_synthetic,simulated
ISRO-2016-1039,26.309717,94.095876,1344.0,27.46,155.86,0.0059,64.36,dem_synthetic,simulated
ISRO-1998-1040,25.304152,91.252361,1936.7,27.33,144.13,-0.0169,19.71,dem_synthetic,simulated
ISRO-1998-1041,23.522082,91.381684,451.8,16.18,300.64,-0.0067,10.49,dem_synthetic,simulated
ISRO-2018-1042,23.687826,92.345886,778.1,27.23,335.41,-0.0425,28.14,dem_synthetic,simulated
ISRO-2018-1043,25.904762,93.850134,1883.0,37.6,214.27,0.0202,25.49,dem_synthetic,simulated
ISRO-2018-1044,25.705329,90.363497,2188.3,44.28,173.34,-0.0113,24.44,dem_synthetic,simulated
ISRO-2018-1045,26.049806,94.512729,2870.9,43.18,264.17,0.0057,67.9,dem_synthetic,simulated
ISRO-2002-1046,26.500504,94.692308,2241.5,36.29,120.36,-0.0079,273.47,dem_synthetic,simulated
ISRO-2006-1047,25.508525,90.260967,2065.9,25.02,244.36,0.0544,29.85,dem_synthetic,simulated
ISRO-2016-1048,26.668202,94.15457,3386.6,32.22,320.2,0.0156,25.57,dem_synthetic,simulated
ISRO-2002-1049,23.342926,92.936677,478.4,16.93,8.36,-0.0018,28.26,dem_synthetic,simulated
ISRO-2009-1050,24.900701,94.180431,1434.3,30.17,200.92,-0.0598,32.79,dem_synthetic,simulated
ISRO-2010-1051,24.834727,94.14413,1985.1,24.17,314.23,0.0305,81.73,dem_synthetic,simulated
ISRO-2020-1052,27.590508,88.492876,3466.4,32.64,36.79,0.1121,279.48,dem_synthetic,simulated
ISRO-2021-1053,23.878411,92.416957,793.0,24.07,314.86,0.0218,37.64,dem_synthetic,simulated
ISRO-2006-1054,27.025736,93.145019,2688.0,38.13,56.05,0.0135,212.1,dem_synthetic,simulated
ISRO-2020-1055,25.072641,94.231536,1780.9,23.92,207.82,0.0014,130.05,dem_synthetic,simulated
ISRO-2017-1056,26.103896,94.410747,2419.4,25.71,117.62,-0.0506,128.64,dem_synthetic,simulated
ISRO-2000-1057,26.246127,94.120951,2228.7,40.89,231.81,-0.0379,105.83,dem_synthetic,simulated
ISRO-2021-1058,25.596311,91.477863,963.8,36.58,297.21,0.1049,62.12,dem_synthetic,simulated
ISRO-2014-1059,26.501838,94.144861,2578.0,33.47,188.66,0.0056,52.48,dem_synthetic,simulated
ISRO-2008-1060,27.06278,88.49151,2562.8,30.42,269.98,0.1012,44.47,dem_synthetic,simulated
ISRO-1998-1061,27.137125,95.363477,584.5,40.11,150.68,0.0372,109.68,dem_synthetic,simulated
ISRO-2017-1062,26.204383,93.753513,1549.2,51.91,223.9,-0.0436,44.86,dem_synthetic,simulated
ISRO-2001-1063,27.807164,91.828331,2847.6,46.7,317.38,-0.0381,40.98,dem_synthetic,simulated
ISRO-2015-1064,24.389683,93.934657,849.1,24.17,209.48,-0.0074,83.77,dem_synthetic,simulated
ISRO-2010-1065,26.530012,94.647014,3001.0,43.38,173.99,-0.0622,123.14,dem_synthetic,simulated
ISRO-2013-1066,25.232842,92.333818,1151.6,29.02,338.7,-0.0609,63.51,dem_synthetic,simulated
ISRO-2016-1067,23.682358,91.371027,1011.5,34.2,151.34,-0.134,44.78,dem_synthetic,simulated
ISRO-2000-1068,27.52446,88.406094,3009.4,26.44,116.28,0.0109,175.54,dem_synthetic,simulated
ISRO-2006-1069,27.302152,88.722968,2241.6,30.62,145.15,-0.0378,45.28,dem_synthetic,simulated
ISRO-2017-1070,25.605096,92.845887,2646.6,30.91,120.74,-0.0541,354.38,dem_synthetic,simulated
ISRO-2005-1071,27.071916,88.483548,3563.6,43.22,124.04,0.0205,59.71,dem_synthetic,simulated
ISRO-2015-1072,27.447019,88.663952,2888.4,25.68,0.99,0.015,19.64,dem_synthetic,simulated
ISRO-1998-1073,23.580007,92.560865,436.3,23.09,147.91,0.0085,148.81,dem_synthetic,simulated
ISRO-2019-1074,25.430963,90.820079,932.9,24.97,3.97,0.066,5.55,dem_synthetic,simulated
ISRO-2019-1075,24.478254,93.688494,621.6,23.52,257.63,0.0461,100.56,dem_synthetic,simulated
ISRO-2011-1076,27.275297,88.299479,3050.0,40.08,244.72,0.0014,79.14,dem_synthetic,simulated
ISRO-2004-1077,22.731185,92.627257,893.9,25.21,328.92,0.0184,112.41,dem_synthetic,simulated
ISRO-2012-1078,26.593,93.839019,1756.7,38.21,113.07,0.1343,81.48,dem_synthetic,simulated
ISRO-2006-1079,23.474644,92.401169,50.0,30.79,199.35,0.0076,129.88,dem_synthetic,simulated
ISRO-1998-1080,24.868552,94.203907,862.1,30.72,130.75,-0.0944,21.84,dem_synthetic,simulated
ISRO-2005-1081,27.244806,92.7787,2594.6,30.46,168.48,-0.0138,237.55,dem_synthetic,simulated
ISRO-2009-1082,24.572432,93.811161,1862.6,19.1,352.96,-0.0351,8.13,dem_synthetic,simulated
ISRO-2002-1083,26.99549,93.031914,2676.9,49.35,356.81,-0.101,120.8,dem_synthetic,simulated
ISRO-1999-1084,27.578275,88.378439,3569.9,36.0,260.17,-0.1092,152.07,dem_synthetic,simulated
ISRO-2022-1085,23.241143,92.513667,958.9,15.31,330.42,0.0745,30.91,dem_synthetic,simulated
ISRO-2001-1086,26.454111,92.938438,1627.0,37.7,323.33,0.0181,42.38,dem_synthetic,simulated
ISRO-1998-1087,26.562607,92.802996,3117.5,36.89,350.45,0.0111,15.76,dem_synthetic,simulated
ISRO-2001-1088,26.429253,94.032653,2296.2,42.04,60.65,-0.009,9.21,dem_synthetic,simulated
ISRO-2009-1089,25.360015,91.214314,846.4,34.36,156.24,-0.0227,16.35,dem_synthetic,simulated
ISRO-2017-1090,24.607837,93.651972,755.4,31.03,51.24,-0.0192,21.13,dem_synthetic,simulated
ISRO-2018-1091,24.996481,94.213977,1067.4,40.69,0.96,-0.1098,120.12,dem_synthetic,simulated
ISRO-2001-1092,27.231619,95.061677,1822.4,23.31,324.69,0.0004,40.51,dem_synthetic,simulated
ISRO-2011-1093,26.417581,94.14248,2627.8,32.15,61.53,-0.0556,69.84,dem_synthetic,simulated
ISRO-2012-1094,27.450741,88.497033,2492.4,32.12,99.77,0.0081,161.15,dem_synthetic,simulated
ISRO-2017-1095,26.464526,94.518647,1960.6,42.99,71.61,-0.0334,60.95,dem_synthetic,simulated
ISRO-2012-1096,27.000808,88.18496,2508.7,25.92,228.53,-0.0096,15.81,dem_synthetic,simulated
ISRO-2012-1097,27.089534,95.001451,3263.1,39.18,102.61,-0.0527,40.32,dem_synthetic,simulated
ISRO-2009-1098,25.64904,91.183181,3042.3,17.22,290.06,-0.0606,14.87,dem_synthetic,simulated
ISRO-2016-1099,25.165556,92.158027,1051.6,20.29,160.92,-0.0237,20.88,dem_synthetic,simulated
ISRO-2006-1100,26.52217,92.829745,2077.5,37.23,327.62,0.0224,263.29,dem_synthetic,simulated
ISRO-2002-1101,26.290053,92.613907,1812.5,35.03,27.84,0.027,187.0,dem_synthetic,simulated
ISRO-2020-1102,25.690215,92.861508,2747.3,31.95,0.13,0.0016,25.54,dem_synthetic,simulated
ISRO-2019-1103,25.646236,91.137899,1675.3,27.69,15.91,-0.0558,33.14,dem_synthetic,simulated
ISRO-2019-1104,23.687923,91.71067,584.5,24.34,309.88,0.042,10.39,dem_synthetic,simulated
ISRO-2000-1105,25.734,90.245055,2093.8,33.08,58.5,0.0637,37.93,dem_synthetic,simulated
ISRO-2002-1106,27.418698,91.623682,1176.0,40.52,77.03,-0.0402,55.04,dem_synthetic,simulated
ISRO-2017-1107,26.738261,93.94548,3181.6,51.71,238.62,-0.045,123.02,dem_synthetic,simulated
ISRO-2020-1108,26.328374,93.776608,2083.6,45.87,343.5,-0.0389,31.96,dem_synthetic,simulated
ISRO-1999-1109,27.58649,91.595166,3230.7,12.28,235.16,0.0104,66.33,dem_synthetic,simulated
ISRO-1998-1110,26.236999,93.661329,2432.3,30.07,307.3,-0.0457,0.17,dem_synthetic,simulated
ISRO-2016-1111,27.218672,93.067161,2525.2,32.68,356.42,-0.0148,139.38,dem_synthetic,simulated
ISRO-2017-1112,27.06803,88.741795,2234.5,41.64,178.13,0.0465,25.2,dem_synthetic,simulated
ISRO-2003-1113,25.601395,90.209718,2226.4,35.44,52.31,-0.0513,134.97,dem_synthetic,simulated
ISRO-2021-1114,25.269461,91.35341,1807.8,26.58,162.6,-0.0218,152.6,dem_synthetic,simulated
ISRO-2013-1115,25.452803,92.665652,1256.3,38.85,211.46,0.013,37.29,dem_synthetic,simulated
ISRO-2008-1116,25.423614,91.853498,1674.6,27.01,291.39,-0.0006,72.15,dem_synthetic,simulated
ISRO-2007-1117,27.2253,88.655258,2677.6,35.31,268.73,-0.0493,133.76,dem_synthetic,simulated
ISRO-2003-1118,23.558905,91.268631,1470.0,26.02,252.83,0.0067,20.05,dem_synthetic,simulated
ISRO-2017-1119,27.597688,88.176646,1810.5,47.14,310.94,0.1577,24.92,dem_synthetic,simulated
ISRO-2006-1120,25.534875,92.087371,2604.5,16.71,334.96,-0.0095,104.02,dem_synthetic,simulated
ISRO-2004-1121,24.437617,94.003174,2005.0,17.36,234.11,0.0233,190.59,dem_synthetic,simulated
ISRO-2020-1122,26.217173,94.682982,2415.6,20.43,315.81,-0.0756,14.46,dem_synthetic,simulated
ISRO-1998-1123,27.509431,95.308434,1859.2,48.02,52.44,-0.0357,29.24,dem_synthetic,simulated
ISRO-2012-1124,25.42429,91.990489,1367.8,37.8,165.96,0.0198,40.62,dem_synthetic,simulated
ISRO-2001-1125,27.232715,88.564097,2833.2,27.75,335.97,0.0443,112.83,dem_synthetic,simulated
ISRO-2019-1126,26.073028,94.494482,1617.6,43.28,154.81,0.0649,8.16,dem_synthetic,simulated
ISRO-2015-1127,27.266117,88.374371,3786.5,33.7,287.72,-0.0226,20.51,dem_synthetic,simulated
ISRO-2014-1128,26.445963,94.305555,2723.5,33.96,52.67,-0.0089,27.92,dem_synthetic,simulated
ISRO-2016-1129,27.312004,88.730465,2783.8,40.19,316.19,0.0927,41.4,dem_synthetic,simulated
ISRO-2007-1130,25.493756,92.081217,1890.2,39.76,276.46,-0.0224,26.75,dem_synthetic,simulated
ISRO-2000-1131,27.019655,88.232418,2609.1,42.44,145.42,0.0147,203.7,dem_synthetic,simulated
ISRO-2022-1132,24.946493,93.894598,1113.0,23.25,265.71,0.0219,258.12,dem_synthetic,simulated
ISRO-2013-1133,25.747461,90.766641,1674.1,27.36,341.86,-0.0711,2.83,dem_synthetic,simulated
ISRO-2002-1134,25.451565,91.329323,2661.5,20.2,319.78,-0.0434,37.92,dem_synthetic,simulated
ISRO-2014-1135,23.788437,92.620658,1147.5,15.9,178.67,0.0523,27.17,dem_synthetic,simulated
ISRO-2009-1136,26.230309,94.508708,2457.6,33.98,141.56,0.0487,35.6,dem_synthetic,simulated
ISRO-2011-1137,27.562249,91.881081,3188.9,33.05,165.67,0.1792,21.2,dem_synthetic,simulated
ISRO-2009-1138,27.243793,88.62832,3730.5,50.9,345.73,-0.1208,72.74,dem_synthetic,simulated
ISRO-2016-1139,25.814535,90.15076,2395.9,25.75,18.69,0.0274,25.57,dem_synthetic,simulated
ISRO-2010-1140,26.487263,93.966832,2807.7,32.23,96.75,0.0692,0.56,dem_synthetic,simulated
ISRO-2013-1141,23.63001,92.886084,1219.3,9.39,354.93,-0.0754,17.96,dem_synthetic,simulated
ISRO-2005-1142,24.574784,93.696821,1115.2,26.63,245.99,-0.007,4.1,dem_synthetic,simulated
ISRO-2010-1143,27.362626,95.107834,3321.7,54.27,89.01,-0.0473,115.83,dem_synthetic,simulated
ISRO-1999-1144,25.80905,90.169219,2211.6,29.99,156.87,0.0535,27.52,dem_synthetic,simulated
ISRO-2011-1145,23.936176,92.485009,1194.9,33.9,209.22,0.0867,40.02,dem_synthetic,simulated
ISRO-2006-1146,28.282915,94.789323,2753.9,37.57,15.69,-0.0131,117.76,dem_synthetic,simulated
ISRO-2002-1147,27.101558,88.135592,1109.9,44.89,163.41,-0.0382,12.09,dem_synthetic,simulated
ISRO-2010-1148,27.297685,95.336699,3371.5,38.83,184.15,-0.0726,77.28,dem_synthetic,simulated
ISRO-2016-1149,26.742523,94.323024,2389.9,26.45,50.19,0.0695,180.88,dem_synthetic,simulated
ISRO-2011-1150,23.679247,91.293338,1027.6,26.42,227.31,-0.0407,63.21,dem_synthetic,simulated
ISRO-2002-1151,25.53119,92.073472,1720.0,7.25,159.39,-0.0504,75.98,dem_synthetic,simulated
ISRO-2004-1152,25.622569,92.922737,777.1,31.89,235.9,-0.0761,187.46,dem_synthetic,simulated
ISRO-2022-1153,27.446409,88.442099,2679.0,31.12,254.72,0.0614,2.79,dem_synthetic,simulated
ISRO-1999-1154,24.962885,94.648649,860.9,24.2,104.42,-0.0173,28.97,dem_synthetic,simulated
ISRO-2012-1155,26.504669,94.507981,2724.2,31.0,164.3,0.0009,52.36,dem_synthetic,simulated
ISRO-2005-1156,27.596818,91.56448,2685.7,37.92,35.83,0.0203,28.4,dem_synthetic,simulated
ISRO-2013-1157,24.664308,93.770841,1488.9,30.57,119.67,-0.0614,228.63,dem_synthetic,simulated
ISRO-2011-1158,25.000006,94.345975,1477.8,31.92,196.52,0.0202,174.3,dem_synthetic,simulated
ISRO-2001-1159,24.607227,93.884869,942.7,26.61,193.64,-0.0479,4.47,dem_synthetic,simulated
ISRO-2021-1160,23.860674,91.350438,1130.2,18.42,156.76,-0.042,3.13,dem_synthetic,simulated
ISRO-2021-1161,25.94595,90.288201,1302.9,34.48,108.31,0.0499,57.98,dem_synthetic,simulated
ISRO-2008-1162,23.589765,91.25262,1190.8,27.58,72.4,0.0669,14.93,dem_synthetic,simulated
ISRO-2000-1163,26.717021,94.076146,1968.7,27.41,234.18,0.0101,74.32,dem_synthetic,simulated
ISRO-1998-1164,24.982699,94.271902,528.7,31.81,9.01,0.0126,33.66,dem_synthetic,simulated
ISRO-2004-1165,27.335678,95.035861,2304.8,38.12,291.64,0.089,223.58,dem_synthetic,simulated
ISRO-2016-1166,26.89123,92.817821,2263.4,27.56,116.2,-0.0192,97.77,dem_synthetic,simulated
ISRO-1999-1167,25.550584,91.061932,1717.4,15.08,144.99,0.0127,75.65,dem_synthetic,simulated
ISRO-2008-1168,24.524129,93.93928,1361.8,18.68,227.76,-0.1376,78.63,dem_synthetic,simulated
ISRO-2013-1169,26.238524,94.449817,3046.3,25.08,267.92,-0.0123,12.03,dem_synthetic,simulated
ISRO-2006-1170,23.813442,92.593033,451.6,10.52,318.87,-0.0306,35.44,dem_synthetic,simulated
ISRO-2004-1171,26.473487,94.065313,2765.9,32.62,253.47,-0.036,144.38,dem_synthetic,simulated
ISRO-2017-1172,23.935423,91.494254,870.7,24.61,305.74,-0.0151,81.59,dem_synthetic,simulated
ISRO-2022-1173,25.537339,90.217779,617.2,34.27,255.92,-0.0247,48.66,dem_synthetic,simulated
ISRO-2009-1174,27.607313,91.993341,3778.6,34.16,330.53,-0.0271,18.13,dem_synthetic,simulated
ISRO-2011-1175,25.355588,92.820678,2029.3,29.78,109.6,-0.0956,111.88,dem_synthetic,simulated
ISRO-2014-1176,26.481101,92.812582,1956.6,22.06,310.19,-0.024,3.95,dem_synthetic,simulated
ISRO-2015-1177,24.572999,93.821124,954.1,26.22,208.94,0.1263,158.48,dem_synthetic,simulated
ISRO-2008-1178,26.418413,94.713864,2358.5,32.55,17.77,0.0206,13.99,dem_synthetic,simulated
ISRO-2013-1179,26.240712,93.719055,1520.1,46.06,204.92,-0.0035,176.61,dem_synthetic,simulated
ISRO-2012-1180,26.477259,94.135963,2566.0,28.88,138.26,-0.1206,37.24,dem_synthetic,simulated
ISRO-2012-1181,26.62416,92.902758,3863.3,46.26,81.76,-0.0886,109.93,dem_synthetic,simulated
ISRO-2004-1182,25.423941,92.921091,2035.6,32.46,189.13,-0.0793,36.86,dem_synthetic,simulated
ISRO-2003-1183,23.239489,92.743397,880.5,13.52,269.13,-0.0552,3.25,dem_synthetic,simulated
ISRO-2022-1184,24.667805,94.250657,1449.0,21.34,231.67,0.0024,33.09,dem_synthetic,simulated
ISRO-1998-1185,26.191207,92.732434,1994.0,24.67,359.92,-0.0692,57.8,dem_synthetic,simulated
ISRO-2022-1186,23.72888,91.54953,1504.2,26.17,202.79,-0.0222,101.04,dem_synthetic,simulated
ISRO-2021-1187,27.202338,92.948336,1724.1,45.82,157.19,0.0119,59.69,dem_synthetic,simulated
ISRO-1999-1188,26.103997,94.938476,2045.7,25.7,120.15,-0.0424,20.6,dem_synthetic,simulated
ISRO-2012-1189,23.862769,91.335203,1452.0,35.37,259.61,-0.0473,127.88,dem_synthetic,simulated
ISRO-2004-1190,27.153694,92.837946,2778.8,31.32,85.21,-0.0255,102.8,dem_synthetic,simulated
ISRO-2020-1191,27.563766,88.165892,2261.9,36.86,67.33,0.02,5.07,dem_synthetic,simulated
ISRO-2018-1192,25.381159,91.020742,2603.9,23.15,170.07,0.0445,83.02,dem_synthetic,simulated
ISRO-2019-1193,24.867913,94.20374,1501.3,23.67,82.8,0.0135,17.36,dem_synthetic,simulated
ISRO-2012-1194,27.487519,91.887236,4212.3,52.04,229.99,0.0311,199.69,dem_synthetic,simulated
ISRO-2013-1195,26.201544,92.62305,2724.1,25.53,265.47,-0.036,52.28,dem_synthetic,simulated
ISRO-2014-1196,22.720087,92.578669,539.1,24.6,145.48,0.0997,87.33,dem_synthetic,simulated
ISRO-1999-1197,25.466156,91.210206,1633.9,12.79,32.97,-0.0004,12.94,dem_synthetic,simulated
ISRO-2001-1198,23.491191,92.509978,648.2,24.77,174.68,-0.0798,24.52,dem_synthetic,simulated
ISRO-2018-1199,23.677063,91.51305,1214.0,13.74,155.05,0.0853,187.99,dem_synthetic,simulated
ISRO-2020-1200,27.368655,95.196653,2189.6,33.14,175.54,-0.0421,103.52,dem_synthetic,simulated
COOLR-SYN-0001,23.839055,91.30715,50.0,16.35,86.46,-0.0704,37.73,dem_synthetic,simulated
COOLR-SYN-0002,25.732707,90.280514,342.7,30.91,188.69,0.0004,174.97,dem_synthetic,simulated
COOLR-SYN-0003,25.262163,91.310009,2947.1,38.24,101.15,-0.0468,170.13,dem_synthetic,simulated
COOLR-SYN-0004,26.179193,94.821555,1986.6,38.66,36.02,-0.0387,27.08,dem_synthetic,simulated
COOLR-SYN-0005,27.359479,88.693411,2777.0,23.04,37.47,-0.0025,6.69,dem_synthetic,simulated
COOLR-SYN-0006,27.857116,94.467878,1344.9,39.69,288.51,-0.0424,51.94,dem_synthetic,simulated
COOLR-SYN-0007,25.199104,91.94177,2301.7,24.67,332.59,-0.0622,49.31,dem_synthetic,simulated
COOLR-SYN-0008,26.167711,94.946664,1504.5,21.04,47.17,0.0649,45.44,dem_synthetic,simulated
COOLR-SYN-0009,25.346182,91.122756,1311.7,33.21,292.04,0.0713,77.11,dem_synthetic,simulated
COOLR-SYN-0010,27.09322,93.12341,1849.3,28.73,161.17,0.0299,321.03,dem_synthetic,simulated
COOLR-SYN-0011,26.352878,93.938236,2097.8,33.25,244.79,0.0314,0.84,dem_synthetic,simulated
COOLR-SYN-0012,25.995842,90.512315,2037.9,33.44,10.68,0.0231,114.12,dem_synthetic,simulated
COOLR-SYN-0013,24.583995,94.123938,2125.1,21.24,292.51,-0.0497,110.11,dem_synthetic,simulated
COOLR-SYN-0014,27.447858,88.300629,2948.5,39.81,109.19,-0.0363,11.13,dem_synthetic,simulated
COOLR-SYN-0015,26.354805,94.009372,2108.4,28.86,70.34,-0.0071,18.29,dem_synthetic,simulated
COOLR-SYN-0016,23.579625,91.225923,944.2,15.26,340.95,0.033,24.84,dem_synthetic,simulated
COOLR-SYN-0017,26.267916,92.798373,2569.6,26.0,68.98,-0.0089,242.15,dem_synthetic,simulated
COOLR-SYN-0018,25.268988,92.868275,1916.8,20.21,127.13,0.1068,43.22,dem_synthetic,simulated
COOLR-SYN-0019,25.353371,92.802101,2858.3,32.68,5.83,0.1042,105.92,dem_synthetic,simulated
COOLR-SYN-0020,25.316211,91.99994,1377.7,45.63,249.34,-0.0832,274.6,dem_synthetic,simulated
COOLR-SYN-0021,27.56998,91.608479,1539.4,32.69,21.43,0.035,5.26,dem_synthetic,simulated
COOLR-SYN-0022,27.00684,88.828015,1078.6,27.49,207.88,0.0214,152.42,dem_synthetic,simulated
COOLR-SYN-0023,25.731431,91.275015,2629.4,27.07,318.77,-0.0333,69.19,dem_synthetic,simulated
COOLR-SYN-0024,28.02464,94.801961,3697.0,44.91,316.81,0.07,153.37,dem_synthetic,simulated
COOLR-SYN-0025,25.308887,92.34653,804.7,39.75,349.8,0.0067,76.83,dem_synthetic,simulated
COOLR-SYN-0026,24.935123,94.16868,1532.1,41.87,14.44,-0.0071,44.17,dem_synthetic,simulated
COOLR-SYN-0027,23.444228,91.720122,1301.8,19.17,215.98,0.0718,57.44,dem_synthetic,simulated
COOLR-SYN-0028,26.374556,92.709577,1674.0,39.57,291.08,0.0252,22.33,dem_synthetic,simulated
COOLR-SYN-0029,22.957572,92.97562,579.5,20.93,348.36,0.0572,36.67,dem_synthetic,simulated
COOLR-SYN-0030,25.513543,92.617845,1395.6,41.52,306.23,0.0643,21.68,dem_synthetic,simulated
COOLR-SYN-0031,26.904968,93.101818,1878.3,36.32,21.78,-0.0171,30.02,dem_synthetic,simulated
COOLR-SYN-0032,25.041131,94.123945,1338.7,33.94,36.48,-0.0799,28.71,dem_synthetic,simulated
COOLR-SYN-0033,24.636913,93.956661,52.4,32.9,290.89,0.0158,40.73,dem_synthetic,simulated
COOLR-SYN-0034,26.658992,94.146035,3099.4,31.1,155.34,0.1325,54.02,dem_synthetic,simulated
COOLR-SYN-0035,26.283638,94.029361,2653.8,42.42,331.04,-0.0696,89.56,dem_synthetic,simulated
COOLR-SYN-0036,22.955186,93.079746,1020.7,28.06,355.74,0.0421,18.87,dem_synthetic,simulated
COOLR-SYN-0037,27.375304,88.018328,2387.3,43.49,148.17,0.0054,164.64,dem_synthetic,simulated
COOLR-SYN-0038,25.473047,91.46878,1430.1,43.21,196.79,0.0715,74.76,dem_synthetic,simulated
COOLR-SYN-0039,26.550587,94.498696,2170.9,43.79,180.75,0.0552,16.07,dem_synthetic,simulated
COOLR-SYN-0040,27.875081,91.945881,2958.7,44.83,90.25,-0.0057,44.69,dem_synthetic,simulated
COOLR-SYN-0041,23.281091,92.959221,467.2,32.45,89.01,0.0742,11.18,dem_synthetic,simulated
COOLR-SYN-0042,26.167605,92.851852,1686.6,36.29,139.66,0.0304,15.51,dem_synthetic,simulated
COOLR-SYN-0043,28.389951,94.89823,4077.7,54.09,8.12,-0.0724,78.38,dem_synthetic,simulated
COOLR-SYN-0044,26.489235,94.961801,2276.3,45.2,96.98,0.0627,16.8,dem_synthetic,simulated
COOLR-SYN-0045,27.710056,88.338914,3740.3,44.64,151.94,0.0526,3.98,dem_synthetic,simulated
COOLR-SYN-0046,22.688349,93.085358,585.2,13.05,221.14,-0.0403,22.81,dem_synthetic,simulated
COOLR-SYN-0047,27.428542,91.951016,3115.1,29.95,99.93,0.0906,207.57,dem_synthetic,simulated
COOLR-SYN-0048,27.349422,88.117505,1452.1,32.09,242.26,0.0407,18.49,dem_synthetic,simulated
COOLR-SYN-0049,23.721759,91.75229,380.1,22.35,29.58,-0.0053,45.72,dem_synthetic,simulated
COOLR-SYN-0050,25.583592,90.486285,1703.9,22.34,125.44,0.0092,32.25,dem_synthetic,simulated
COOLR-SYN-0051,27.046261,95.274911,2196.7,31.46,154.89,-0.0686,39.57,dem_synthetic,simulated
COOLR-SYN-0052,23.453347,91.640622,941.0,16.55,206.75,0.0484,18.38,dem_synthetic,simulated
COOLR-SYN-0053,24.910985,94.665585,50.0,34.66,279.98,0.0051,112.43,dem_synthetic,simulated
COOLR-SYN-0054,25.322694,91.998986,1660.1,25.4,173.7,0.0004,79.08,dem_synthetic,simulated
COOLR-SYN-0055,27.597259,88.514357,2275.4,37.72,2.52,0.0485,12.42,dem_synthetic,simulated
COOLR-SYN-0056,25.388237,92.411634,765.7,47.57,323.46,-0.0294,89.54,dem_synthetic,simulated
COOLR-SYN-0057,27.375029,95.059365,3657.0,39.42,241.26,0.0417,79.37,dem_synthetic,simulated
COOLR-SYN-0058,27.156433,88.071376,1965.2,33.81,149.65,0.0707,60.34,dem_synthetic,simulated
COOLR-SYN-0059,25.161418,93.964741,1360.2,19.0,319.24,0.1109,65.67,dem_synthetic,simulated
COOLR-SYN-0060,26.636049,93.983477,3333.4,34.4,235.29,0.0311,54.18,dem_synthetic,simulated
COOLR-SYN-0061,26.722872,93.707938,2893.5,49.77,246.86,0.0872,80.48,dem_synthetic,simulated
COOLR-SYN-0062,27.029527,88.42718,3425.7,39.31,46.37,-0.034,61.93,dem_synthetic,simulated
COOLR-SYN-0063,25.654129,92.577063,2521.0,27.05,76.92,-0.0269,14.93,dem_synthetic,simulated
COOLR-SYN-0064,26.679202,92.818057,2734.2,16.19,47.82,-0.0135,85.81,dem_synthetic,simulated
COOLR-SYN-0065,24.39486,94.076364,439.7,30.37,302.51,0.0072,114.05,dem_synthetic,simulated
COOLR-SYN-0066,26.678141,94.278574,3283.6,30.05,107.8,0.0515,123.96,dem_synthetic,simulated
COOLR-SYN-0067,27.489484,91.897464,2264.3,36.82,99.23,0.041,8.83,dem_synthetic,simulated
COOLR-SYN-0068,22.793359,92.862636,508.8,32.43,68.6,-0.0693,10.83,dem_synthetic,simulated
COOLR-SYN-0069,24.994389,94.053008,656.1,33.12,113.09,0.0363,239.96,dem_synthetic,simulated
COOLR-SYN-0070,25.67581,92.902645,1590.5,32.71,165.76,-0.0326,25.59,dem_synthetic,simulated
COOLR-SYN-0071,27.160749,95.423582,2755.8,31.48,147.01,-0.0104,65.4,dem_synthetic,simulated
COOLR-SYN-0072,27.46759,95.044953,2458.0,51.05,301.57,0.0239,12.69,dem_synthetic,simulated
COOLR-SYN-0073,23.312205,91.697654,695.0,31.08,54.66,-0.0393,40.88,dem_synthetic,simulated
COOLR-SYN-0074,27.695666,91.709101,2358.3,45.98,52.97,-0.0074,11.22,dem_synthetic,simulated
COOLR-SYN-0075,22.859405,92.887289,384.1,22.06,347.65,-0.0519,36.4,dem_synthetic,simulated
COOLR-SYN-0076,26.146315,93.014719,2346.8,49.78,50.68,-0.0265,18.15,dem_synthetic,simulated
COOLR-SYN-0077,25.080945,92.08286,1117.5,9.88,62.17,0.075,136.84,dem_synthetic,simulated
COOLR-SYN-0078,27.473332,91.663204,1393.8,39.73,182.64,-0.0031,83.15,dem_synthetic,simulated
COOLR-SYN-0079,25.646563,92.543454,804.2,23.96,69.0,-0.0081,111.98,dem_synthetic,simulated
COOLR-SYN-0080,26.900897,92.757859,2366.9,25.54,177.31,0.0222,41.02,dem_synthetic,simulated
COOLR-SYN-0081,23.629534,91.760134,1287.1,32.26,301.54,-0.008,225.25,dem_synthetic,simulated
COOLR-SYN-0082,25.953712,94.44601,1764.1,35.4,127.36,0.0394,274.66,dem_synthetic,simulated
COOLR-SYN-0083,27.617477,92.022242,2509.6,26.71,0.63,0.0475,32.45,dem_synthetic,simulated
COOLR-SYN-0084,26.721789,94.034842,2090.3,40.75,247.21,0.0667,39.62,dem_synthetic,simulated
COOLR-SYN-0085,23.134189,92.674404,64.4,27.74,334.26,0.0643,82.99,dem_synthetic,simulated
COOLR-SYN-0086,27.387175,88.656609,2375.8,41.79,54.6,0.0957,74.78,dem_synthetic,simulated
COOLR-SYN-0087,25.718288,92.647348,1918.3,35.39,298.02,-0.053,12.37,dem_synthetic,simulated
COOLR-SYN-0088,25.762103,92.791757,1211.2,39.13,236.71,-0.0351,61.03,dem_synthetic,simulated
COOLR-SYN-0089,26.433527,93.056509,2292.4,32.78,161.94,0.0132,6.27,dem_synthetic,simulated
COOLR-SYN-0090,23.185602,92.807138,911.7,29.6,90.35,-0.0461,66.96,dem_synthetic,simulated
COOLR-SYN-0091,27.710717,88.408769,3792.6,30.26,85.1,0.0105,43.8,dem_synthetic,simulated
COOLR-SYN-0092,26.704761,93.919223,3165.4,26.41,339.73,0.0176,94.38,dem_synthetic,simulated
COOLR-SYN-0093,23.952179,91.324882,872.6,15.17,4.92,-0.086,11.99,dem_synthetic,simulated
COOLR-SYN-0094,27.51471,88.836559,1926.0,29.4,71.29,-0.0533,193.73,dem_synthetic,simulated
COOLR-SYN-0095,26.53895,94.060542,3247.6,38.17,264.38,-0.0375,17.0,dem_synthetic,simulated
COOLR-SYN-0096,22.673416,93.082699,454.5,19.48,204.4,-0.0661,11.78,dem_synthetic,simulated
COOLR-SYN-0097,25.673252,91.669729,1010.8,43.98,294.44,-0.0274,36.27,dem_synthetic,simulated
COOLR-SYN-0098,22.813673,93.052559,377.8,24.76,196.88,-0.0166,190.76,dem_synthetic,simulated
COOLR-SYN-0099,26.074795,94.520228,2528.9,26.54,299.2,-0.0283,6.63,dem_synthetic,simulated
COOLR-SYN-0100,25.655645,90.53456,201.7,33.94,243.53,-0.0672,209.6,dem_synthetic,simulated
COOLR-SYN-0101,24.799413,93.621209,2180.7,39.29,249.83,-0.0431,170.18,dem_synthetic,simulated
COOLR-SYN-0102,26.484641,94.535945,2474.7,33.56,333.03,0.0313,210.56,dem_synthetic,simulated
COOLR-SYN-0103,27.425782,88.349408,2282.1,43.17,37.48,0.037,23.96,dem_synthetic,simulated
COOLR-SYN-0104,23.629258,91.768606,141.6,13.68,88.32,-0.1114,20.87,dem_synthetic,simulated
COOLR-SYN-0105,27.047118,88.571581,2008.2,15.03,147.54,0.0231,49.26,dem_synthetic,simulated
COOLR-SYN-0106,26.243827,94.731286,3082.7,47.84,96.5,-0.0556,169.57,dem_synthetic,simulated
COOLR-SYN-0107,25.673999,92.950917,1102.6,24.93,291.84,-0.0358,106.51,dem_synthetic,simulated
COOLR-SYN-0108,27.08299,88.509643,3016.4,23.36,20.33,0.0617,21.25,dem_synthetic,simulated
COOLR-SYN-0109,24.538994,93.953079,524.8,26.82,137.21,-0.037,14.46,dem_synthetic,simulated
COOLR-SYN-0110,26.42286,94.228125,1246.2,15.84,138.03,0.0126,75.83,dem_synthetic,simulated
COOLR-SYN-0111,23.908915,91.162032,1054.1,17.14,316.98,0.0363,110.31,dem_synthetic,simulated
COOLR-SYN-0112,26.54548,94.835463,2058.7,35.58,241.19,-0.0269,75.33,dem_synthetic,simulated
COOLR-SYN-0113,27.462606,88.2921,3268.8,36.29,324.7,-0.0481,287.34,dem_synthetic,simulated
COOLR-SYN-0114,26.02142,93.98521,2852.3,45.57,315.82,0.0827,106.0,dem_synthetic,simulated
COOLR-SYN-0115,25.693725,91.264338,2166.0,35.2,176.69,0.052,3.15,dem_synthetic,simulated
COOLR-SYN-0116,25.925331,93.626542,761.9,30.94,122.08,0.0505,7.23,dem_synthetic,simulated
COOLR-SYN-0117,25.436809,92.063739,1169.7,33.91,200.97,-0.0319,10.08,dem_synthetic,simulated
COOLR-SYN-0118,27.321754,95.003221,2932.8,37.31,99.33,-0.0432,48.36,dem_synthetic,simulated
COOLR-SYN-0119,25.78809,92.78774,2057.8,40.5,137.79,-0.0607,32.65,dem_synthetic,simulated
COOLR-SYN-0120,23.562153,91.498141,50.0,17.33,107.93,0.0107,35.45,dem_synthetic,simulated
COOLR-SYN-0121,25.130072,94.260025,1356.2,32.37,3.8,-0.0353,81.63,dem_synthetic,simulated
COOLR-SYN-0122,25.042154,94.690907,1281.4,24.15,131.47,0.0119,112.14,dem_synthetic,simulated
COOLR-SYN-0123,25.273063,91.460605,1672.5,20.02,15.74,0.0714,36.86,dem_synthetic,simulated
COOLR-SYN-0124,27.062492,88.165059,1195.7,30.6,82.96,-0.0283,25.26,dem_synthetic,simulated
COOLR-SYN-0125,25.179454,91.827363,1434.4,23.31,354.4,-0.0015,198.59,dem_synthetic,simulated
COOLR-SYN-0126,23.482803,92.715975,928.5,26.54,307.49,0.004,133.51,dem_synthetic,simulated
COOLR-SYN-0127,25.024534,91.966671,1093.6,39.13,100.91,-0.0108,2.13,dem_synthetic,simulated
COOLR-SYN-0128,26.598038,94.452386,2672.0,44.05,27.69,0.0054,57.57,dem_synthetic,simulated
COOLR-SYN-0129,25.39989,91.144321,1318.2,29.92,134.43,0.0385,6.11,dem_synthetic,simulated
COOLR-SYN-0130,27.469356,95.450824,3084.4,33.23,170.15,-0.0177,316.24,dem_synthetic,simulated
COOLR-SYN-0131,27.470457,95.101345,2578.8,38.06,209.54,-0.0073,107.06,dem_synthetic,simulated
COOLR-SYN-0132,25.884982,94.040086,1464.9,22.99,219.34,0.0087,238.07,dem_synthetic,simulated
COOLR-SYN-0133,26.324344,93.716718,2195.9,25.35,330.93,0.0431,176.19,dem_synthetic,simulated
COOLR-SYN-0134,25.966183,90.342803,3077.3,31.12,181.13,-0.0581,6.74,dem_synthetic,simulated
COOLR-SYN-0135,24.077844,91.238811,1434.1,36.36,122.63,-0.0589,22.1,dem_synthetic,simulated
COOLR-SYN-0136,25.264855,92.435652,1999.6,31.74,205.13,0.0905,62.36,dem_synthetic,simulated
COOLR-SYN-0137,23.546136,92.524373,543.9,18.61,163.35,-0.0053,48.53,dem_synthetic,simulated
COOLR-SYN-0138,26.496954,92.815188,3168.4,20.75,308.07,-0.026,17.21,dem_synthetic,simulated
COOLR-SYN-0139,25.26115,90.842607,810.0,19.11,321.22,0.0884,13.92,dem_synthetic,simulated
COOLR-SYN-0140,25.534792,90.796421,2431.8,32.53,300.49,0.0251,105.14,dem_synthetic,simulated
COOLR-SYN-0141,26.514564,94.787125,3381.5,30.85,340.98,0.0184,35.79,dem_synthetic,simulated
COOLR-SYN-0142,26.182656,92.753921,2247.1,42.8,316.88,0.0427,12.39,dem_synthetic,simulated
COOLR-SYN-0143,26.206664,93.717797,2229.5,33.08,185.41,-0.0269,32.06,dem_synthetic,simulated
COOLR-SYN-0144,26.233692,94.745267,2176.6,41.77,285.2,-0.0116,29.23,dem_synthetic,simulated
COOLR-SYN-0145,26.289796,93.800872,1779.2,17.2,183.93,-0.0093,147.87,dem_synthetic,simulated
COOLR-SYN-0146,25.246616,93.950517,1613.4,42.8,245.45,0.017,98.26,dem_synthetic,simulated
COOLR-SYN-0147,28.025338,94.709516,2531.6,35.98,260.87,0.0066,55.3,dem_synthetic,simulated
COOLR-SYN-0148,22.853782,92.661744,703.2,26.69,356.0,0.0357,1.55,dem_synthetic,simulated
COOLR-SYN-0149,25.501521,90.43235,2046.7,24.27,33.1,0.0067,111.16,dem_synthetic,simulated
COOLR-SYN-0150,26.442687,94.366423,2942.0,35.49,342.07,0.1381,140.98,dem_synthetic,simulated
COOLR-SYN-0151,26.681546,92.790107,2123.8,33.66,113.86,-0.0367,21.02,dem_synthetic,simulated
COOLR-SYN-0152,27.461159,88.250311,1680.0,34.52,39.29,-0.042,51.85,dem_synthetic,simulated
COOLR-SYN-0153,25.419819,91.574478,2424.9,20.05,271.72,-0.0044,9.92,dem_synthetic,simulated
COOLR-SYN-0154,28.114142,94.648165,2760.8,59.85,4.67,-0.1696,70.08,dem_synthetic,simulated
COOLR-SYN-0155,25.4771,91.634503,1262.3,23.64,93.87,0.0969,12.65,dem_synthetic,simulated
COOLR-SYN-0156,27.309174,91.527416,3643.7,37.28,177.0,-0.0712,36.9,dem_synthetic,simulated
COOLR-SYN-0157,23.943682,91.335958,1339.2,28.23,209.44,-0.0573,1.46,dem_synthetic,simulated
COOLR-SYN-0158,23.136321,92.57049,1316.7,18.06,66.46,0.0042,27.38,dem_synthetic,simulated
COOLR-SYN-0159,24.076261,91.17854,1160.5,18.16,339.62,-0.0128,194.47,dem_synthetic,simulated
COOLR-SYN-0160,26.427843,94.8464,3008.3,32.1,359.53,-0.0132,55.48,dem_synthetic,simulated
COOLR-SYN-0161,26.733922,94.296192,2645.9,48.16,246.05,0.0488,87.94,dem_synthetic,simulated
COOLR-SYN-0162,25.200684,90.953965,1330.5,39.86,257.51,0.0008,259.51,dem_synthetic,simulated
COOLR-SYN-0163,26.405311,93.761953,2290.0,34.61,80.93,0.0221,17.67,dem_synthetic,simulated
COOLR-SYN-0164,26.256821,94.536556,2399.1,27.8,13.06,0.0998,89.28,dem_synthetic,simulated
COOLR-SYN-0165,25.937459,93.618759,770.5,33.23,176.28,0.034,91.17,dem_synthetic,simulated
COOLR-SYN-0166,26.55385,92.640725,2415.4,39.68,99.24,0.0941,5.48,dem_synthetic,simulated
COOLR-SYN-0167,23.715318,92.47366,914.6,17.92,6.04,-0.0009,16.35,dem_synthetic,simulated
COOLR-SYN-0168,26.781618,92.847414,2114.0,39.07,164.82,-0.0421,166.0,dem_synthetic,simulated
COOLR-SYN-0169,27.515853,88.365327,2426.0,45.15,278.04,-0.0184,57.87,dem_synthetic,simulated
COOLR-SYN-0170,25.210015,92.488329,2316.8,30.23,197.62,0.0496,18.91,dem_synthetic,simulated
COOLR-SYN-0171,23.311679,92.785538,879.6,7.47,285.93,-0.0869,59.82,dem_synthetic,simulated
COOLR-SYN-0172,25.642824,90.384112,1565.4,12.39,102.1,0.0037,41.47,dem_synthetic,simulated
COOLR-SYN-0173,27.114148,92.758747,2738.7,19.09,74.06,-0.0406,13.21,dem_synthetic,simulated
COOLR-SYN-0174,25.557863,90.847762,966.1,29.26,277.15,0.0792,122.36,dem_synthetic,simulated
COOLR-SYN-0175,27.734167,92.040014,2530.9,41.06,52.68,0.0819,216.96,dem_synthetic,simulated
COOLR-SYN-0176,24.741144,94.309872,1040.0,31.63,333.7,-0.0503,2.39,dem_synthetic,simulated
COOLR-SYN-0177,22.890431,93.080887,73.5,19.77,76.81,0.0223,74.97,dem_synthetic,simulated
COOLR-SYN-0178,26.395312,94.734901,1890.0,27.61,222.28,-0.0235,48.17,dem_synthetic,simulated
COOLR-SYN-0179,28.000074,94.905685,4095.1,30.48,191.64,0.0283,297.17,dem_synthetic,simulated
COOLR-SYN-0180,27.347363,95.289079,3364.1,41.86,180.07,-0.0193,2.51,dem_synthetic,simulated
COOLR-SYN-0181,27.819442,92.095571,2877.8,33.87,160.02,0.0408,84.2,dem_synthetic,simulated
COOLR-SYN-0182,25.158865,91.612993,1402.1,28.51,317.71,0.0791,140.93,dem_synthetic,simulated
COOLR-SYN-0183,26.608196,94.295294,2272.5,31.05,251.27,-0.0012,21.04,dem_synthetic,simulated
COOLR-SYN-0184,24.332141,93.874987,1168.8,17.84,211.33,0.0144,184.01,dem_synthetic,simulated
COOLR-SYN-0185,25.052412,92.318306,1857.8,34.77,190.75,0.0397,10.29,dem_synthetic,simulated
COOLR-SYN-0186,23.968481,92.451709,799.3,31.62,350.83,-0.0137,54.17,dem_synthetic,simulated
COOLR-SYN-0187,26.342886,94.491241,2178.8,34.47,274.46,0.098,15.85,dem_synthetic,simulated
COOLR-SYN-0188,25.906954,93.614632,2141.6,35.88,11.48,0.0329,170.59,dem_synthetic,simulated
COOLR-SYN-0189,28.37987,94.536148,3407.8,35.89,193.5,-0.0007,101.68,dem_synthetic,simulated
COOLR-SYN-0190,26.757169,93.802109,3382.4,29.81,182.62,-0.0025,58.19,dem_synthetic,simulated
COOLR-SYN-0191,23.77777,91.540419,292.8,8.32,163.61,-0.0512,56.43,dem_synthetic,simulated
COOLR-SYN-0192,23.814082,92.403043,859.1,32.72,225.08,-0.0047,12.85,dem_synthetic,simulated
COOLR-SYN-0193,23.291111,92.548473,627.8,31.86,50.32,-0.0687,59.81,dem_synthetic,simulated
COOLR-SYN-0194,23.62715,91.801019,908.4,26.7,118.44,-0.0743,69.45,dem_synthetic,simulated
COOLR-SYN-0195,25.05046,93.868707,728.5,39.71,197.91,-0.0104,13.62,dem_synthetic,simulated
COOLR-SYN-0196,25.627111,91.179204,880.4,20.73,218.36,-0.091,88.27,dem_synthetic,simulated
COOLR-SYN-0197,24.664102,94.295038,717.3,29.77,270.61,0.0685,4.81,dem_synthetic,simulated
COOLR-SYN-0198,23.159806,92.785666,1025.5,9.14,260.35,0.0117,2.27,dem_synthetic,simulated
COOLR-SYN-0199,24.027094,91.445752,253.1,23.73,32.37,0.0332,21.58,dem_synthetic,simulated
COOLR-SYN-0200,27.44369,95.212029,2583.4,42.85,337.31,-0.0199,7.94,dem_synthetic,simulated
COOLR-SYN-0201,26.471519,94.429377,2102.4,34.65,128.18,0.0353,52.85,dem_synthetic,simulated
COOLR-SYN-0202,24.771745,94.213224,1484.1,29.9,195.99,0.0109,16.26,dem_synthetic,simulated
COOLR-SYN-0203,25.301239,92.804486,871.0,27.11,300.77,0.0563,213.58,dem_synthetic,simulated
COOLR-SYN-0204,25.273217,92.557225,2086.5,20.33,324.76,0.011,59.7,dem_synthetic,simulated
COOLR-SYN-0205,26.338813,94.151934,2670.9,25.41,270.58,0.0264,117.89,dem_synthetic,simulated
COOLR-SYN-0206,27.423853,88.168576,2004.4,33.79,315.24,-0.0605,204.7,dem_synthetic,simulated
COOLR-SYN-0207,25.556123,92.555088,861.1,36.16,300.56,-0.0394,19.2,dem_synthetic,simulated
COOLR-SYN-0208,23.127361,92.62715,864.7,19.55,42.29,-0.0036,17.0,dem_synthetic,simulated
COOLR-SYN-0209,25.72682,92.69056,1529.5,34.15,44.94,0.1143,76.73,dem_synthetic,simulated
COOLR-SYN-0210,27.002463,95.376785,2616.5,37.36,239.52,-0.0312,58.54,dem_synthetic,simulated
COOLR-SYN-0211,25.609315,91.173782,2504.1,26.93,39.05,-0.0235,65.9,dem_synthetic,simulated
COOLR-SYN-0212,26.274573,93.975554,2012.9,32.37,105.65,-0.0298,152.07,dem_synthetic,simulated
COOLR-SYN-0213,26.314466,94.032862,1532.3,21.82,7.48,-0.0357,29.55,dem_synthetic,simulated
COOLR-SYN-0214,26.427097,94.654647,1476.2,33.89,330.09,-0.0111,302.74,dem_synthetic,simulated
COOLR-SYN-0215,26.228636,93.022561,2619.7,39.89,336.65,0.0041,57.91,dem_synthetic,simulated
COOLR-SYN-0216,25.411732,91.059169,2183.1,26.75,21.85,-0.0861,212.81,dem_synthetic,simulated
COOLR-SYN-0217,25.507243,91.162111,826.3,23.95,347.01,-0.0656,185.43,dem_synthetic,simulated
COOLR-SYN-0218,25.50191,92.720002,1769.3,36.4,279.16,0.0738,5.26,dem_synthetic,simulated
COOLR-SYN-0219,23.100827,92.761805,580.2,33.12,333.95,0.0778,5.36,dem_synthetic,simulated
COOLR-SYN-0220,24.063971,91.249732,987.8,38.22,101.74,0.0596,75.26,dem_synthetic,simulated
COOLR-SYN-0221,27.325879,91.707225,2196.6,42.57,299.99,0.0252,196.2,dem_synthetic,simulated
COOLR-SYN-0222,27.65338,88.382327,3194.6,36.96,187.32,0.0004,142.27,dem_synthetic,simulated
COOLR-SYN-0223,26.388929,94.82172,2166.1,44.77,129.51,-0.0767,192.17,dem_synthetic,simulated
COOLR-SYN-0224,25.506381,92.223232,1271.8,16.47,76.24,-0.0287,96.04,dem_synthetic,simulated
COOLR-SYN-0225,27.237673,92.810639,1799.4,43.62,142.48,0.0026,1.32,dem_synthetic,simulated
COOLR-SYN-0226,26.573295,93.035681,2518.9,36.34,18.23,0.0109,59.68,dem_synthetic,simulated
COOLR-SYN-0227,23.666028,91.68809,1019.2,22.13,223.53,0.025,44.56,dem_synthetic,simulated
COOLR-SYN-0228,26.255556,94.878808,1684.2,32.02,26.53,-0.0012,23.04,dem_synthetic,simulated
COOLR-SYN-0229,26.758689,93.14014,2650.9,38.67,265.58,-0.0548,6.19,dem_synthetic,simulated
COOLR-SYN-0230,26.3349,92.662369,1785.0,23.73,314.09,-0.0168,57.26,dem_synthetic,simulated
COOLR-SYN-0231,27.584749,95.162986,2673.0,34.2,47.41,0.0665,46.91,dem_synthetic,simulated
COOLR-SYN-0232,26.313511,94.666411,1560.1,36.58,43.8,-0.0267,159.51,dem_synthetic,simulated
COOLR-SYN-0233,27.339109,88.255855,2366.7,29.11,224.93,-0.0042,94.93,dem_synthetic,simulated
COOLR-SYN-0234,27.553854,91.588331,2962.8,44.17,229.55,-0.0278,76.23,dem_synthetic,simulated
COOLR-SYN-0235,27.581035,95.057585,1808.8,35.47,111.0,-0.0084,82.61,dem_synthetic,simulated
COOLR-SYN-0236,25.029545,92.184395,1624.2,17.26,186.54,0.0298,48.06,dem_synthetic,simulated
COOLR-SYN-0237,26.860379,92.809454,3401.5,17.75,260.96,-0.0139,27.71,dem_synthetic,simulated
COOLR-SYN-0238,26.667077,93.086934,3992.3,32.73,341.38,0.0024,37.11,dem_synthetic,simulated
COOLR-SYN-0239,25.03829,92.207547,1758.0,45.36,51.75,-0.0383,73.86,dem_synthetic,simulated
COOLR-SYN-0240,25.127564,92.28039,609.2,43.1,50.83,-0.019,24.55,dem_synthetic,simulated
COOLR-SYN-0241,23.680512,91.378246,1465.5,15.14,205.75,0.0624,45.18,dem_synthetic,simulated
COOLR-SYN-0242,23.564151,92.449125,150.8,21.75,60.7,-0.0806,36.18,dem_synthetic,simulated
COOLR-SYN-0243,27.048573,88.134658,2150.3,36.41,259.58,0.0074,128.13,dem_synthetic,simulated
COOLR-SYN-0244,27.333727,88.577161,2478.2,38.65,14.45,0.0143,44.93,dem_synthetic,simulated
COOLR-SYN-0245,24.995418,94.402101,1943.1,42.49,52.84,0.0047,9.44,dem_synthetic,simulated
COOLR-SYN-0246,23.931293,91.34985,950.6,23.19,190.15,-0.0194,135.7,dem_synthetic,simulated
COOLR-SYN-0247,27.336963,91.569294,2556.4,34.1,200.08,0.0081,18.7,dem_synthetic,simulated
COOLR-SYN-0248,27.638671,88.643487,3294.5,38.74,254.27,-0.1687,43.29,dem_synthetic,simulated
COOLR-SYN-0249,27.651498,88.313254,2200.0,29.88,227.96,0.0778,74.77,dem_synthetic,simulated
COOLR-SYN-0250,25.43432,92.319949,1478.5,38.28,41.01,0.039,0.55,dem_synthetic,simulated
COOLR-SYN-0251,27.072307,88.325602,3162.7,30.02,359.61,0.0247,157.07,dem_synthetic,simulated
COOLR-SYN-0252,23.597016,92.987629,329.0,22.36,221.81,0.0563,59.56,dem_synthetic,simulated
COOLR-SYN-0253,27.455097,88.59613,2389.9,30.75,248.56,0.0352,163.02,dem_synthetic,simulated
COOLR-SYN-0254,23.88373,91.580353,1240.9,28.24,95.34,0.1016,35.79,dem_synthetic,simulated
COOLR-SYN-0255,24.880962,93.956846,1460.0,31.83,45.78,0.0592,51.22,dem_synthetic,simulated
COOLR-SYN-0256,27.313052,88.722607,2222.1,34.93,132.45,-0.0362,96.82,dem_synthetic,simulated
COOLR-SYN-0257,23.67983,92.278191,1418.6,26.09,295.59,0.0634,90.46,dem_synthetic,simulated
COOLR-SYN-0258,23.40977,91.752041,774.3,36.71,250.03,0.1049,42.67,dem_synthetic,simulated
COOLR-SYN-0259,27.411022,88.328546,2590.5,39.61,22.57,-0.0343,9.81,dem_synthetic,simulated
COOLR-SYN-0260,25.623148,92.83717,1897.6,26.18,111.38,0.0192,96.05,dem_synthetic,simulated
COOLR-SYN-0261,23.659064,92.454376,1084.0,12.05,159.5,-0.0346,32.37,dem_synthetic,simulated
COOLR-SYN-0262,26.161343,94.449677,2191.6,37.41,222.17,0.0038,41.02,dem_synthetic,simulated
COOLR-SYN-0263,27.175637,88.323937,1756.9,30.36,264.22,-0.0488,3.22,dem_synthetic,simulated
COOLR-SYN-0264,23.300929,91.562337,305.3,20.65,115.85,0.0424,46.26,dem_synthetic,simulated
COOLR-SYN-0265,25.780041,91.219827,2310.5,32.48,178.21,-0.0968,102.08,dem_synthetic,simulated
COOLR-SYN-0266,25.008159,94.406568,1711.5,12.16,93.51,0.041,83.43,dem_synthetic,simulated
COOLR-SYN-0267,23.864724,91.475844,455.4,14.15,59.21,0.021,19.7,dem_synthetic,simulated
COOLR-SYN-0268,26.965486,88.449848,2682.4,34.01,279.74,-0.0255,51.05,dem_synthetic,simulated
COOLR-SYN-0269,24.734707,93.955309,922.4,13.13,183.63,0.0535,250.85,dem_synthetic,simulated
COOLR-SYN-0270,26.310615,93.688402,1664.0,25.0,244.5,-0.0578,32.1,dem_synthetic,simulated
COOLR-SYN-0271,27.01852,88.315952,1102.8,42.38,198.31,-0.0358,59.93,dem_synthetic,simulated
COOLR-SYN-0272,26.685665,92.97201,1460.7,38.49,188.82,0.056,95.62,dem_synthetic,simulated
COOLR-SYN-0273,25.466668,90.098704,1763.0,18.44,91.99,0.0943,26.49,dem_synthetic,simulated
COOLR-SYN-0274,26.033655,93.656133,1363.6,41.95,54.78,-0.0288,34.98,dem_synthetic,simulated
COOLR-SYN-0275,25.544908,91.042338,2115.8,27.59,53.85,-0.003,231.14,dem_synthetic,simulated
COOLR-SYN-0276,27.463169,91.807697,2449.1,28.55,29.22,-0.0332,9.99,dem_synthetic,simulated
COOLR-SYN-0277,24.843194,94.058328,915.9,25.59,78.65,0.0199,15.76,dem_synthetic,simulated
COOLR-SYN-0278,27.08487,88.812717,2600.5,28.87,77.35,0.0228,43.27,dem_synthetic,simulated
COOLR-SYN-0279,27.568159,95.094375,1796.3,47.12,6.27,0.0522,29.36,dem_synthetic,simulated
COOLR-SYN-0280,26.190973,94.461183,1145.8,33.87,111.89,0.0605,42.8,dem_synthetic,simulated
COOLR-SYN-0281,23.78479,91.736334,526.1,42.18,276.65,0.0152,5.27,dem_synthetic,simulated
COOLR-SYN-0282,25.635769,92.878465,1510.5,28.03,191.14,-0.0649,84.07,dem_synthetic,simulated
COOLR-SYN-0283,23.147173,92.597876,140.3,18.87,251.35,-0.0402,56.44,dem_synthetic,simulated
COOLR-SYN-0284,23.837451,91.534857,1441.3,33.41,83.62,0.0246,29.84,dem_synthetic,simulated
COOLR-SYN-0285,24.292222,93.881791,1300.6,23.77,11.31,-0.0344,191.81,dem_synthetic,simulated
COOLR-SYN-0286,22.993096,92.649359,160.0,13.37,307.76,-0.0212,92.28,dem_synthetic,simulated
COOLR-SYN-0287,24.732499,93.827051,1278.9,33.25,228.92,-0.0476,14.39,dem_synthetic,simulated
COOLR-SYN-0288,24.717184,94.33987,1004.6,14.52,69.51,-0.1053,101.21,dem_synthetic,simulated
COOLR-SYN-0289,25.283073,92.773468,1149.7,14.49,345.36,0.0078,137.12,dem_synthetic,simulated
COOLR-SYN-0290,25.083248,94.471494,842.6,31.14,321.47,-0.033,112.22,dem_synthetic,simulated
COOLR-SYN-0291,27.505146,92.035496,2599.6,34.41,200.94,0.004,0.02,dem_synthetic,simulated
COOLR-SYN-0292,23.648507,91.890346,576.7,30.76,184.57,-0.0628,1.44,dem_synthetic,simulated
COOLR-SYN-0293,25.286509,91.486853,1720.4,33.44,178.84,-0.0031,42.84,dem_synthetic,simulated
COOLR-SYN-0294,27.281879,93.119678,1872.8,42.87,160.07,0.024,63.06,dem_synthetic,simulated
COOLR-SYN-0295,26.665114,93.901942,2629.4,23.57,17.06,0.0032,15.56,dem_synthetic,simulated
COOLR-SYN-0296,26.915645,88.202715,2747.0,43.43,161.42,0.0319,71.48,dem_synthetic,simulated
COOLR-SYN-0297,25.202749,91.495359,979.9,32.49,210.16,-0.0484,44.47,dem_synthetic,simulated
COOLR-SYN-0298,27.029077,95.37871,2249.4,33.75,113.73,-0.0138,112.76,dem_synthetic,simulated
COOLR-SYN-0299,24.574482,94.558584,1621.5,24.91,189.08,-0.0019,35.3,dem_synthetic,simulated
COOLR-SYN-0300,27.187486,95.428805,1703.8,34.42,175.49,0.0467,121.84,dem_synthetic,simulated
COOLR-SYN-0301,27.342316,88.450644,2135.1,29.34,320.72,0.0188,22.01,dem_synthetic,simulated
COOLR-SYN-0302,25.435139,90.824019,1801.1,33.97,86.43,0.0292,4.23,dem_synthetic,simulated
COOLR-SYN-0303,23.204291,91.574376,565.0,17.93,294.86,0.0476,7.58,dem_synthetic,simulated
COOLR-SYN-0304,23.777903,92.381941,1681.6,35.22,18.45,-0.0349,32.75,dem_synthetic,simulated
COOLR-SYN-0305,25.967915,94.580375,2554.6,47.16,353.72,0.0488,38.73,dem_synthetic,simulated
COOLR-SYN-0306,27.27077,95.117443,3418.8,46.29,216.83,0.0004,74.77,dem_synthetic,simulated
COOLR-SYN-0307,25.7495,90.317919,2116.6,36.23,136.28,0.0368,303.55,dem_synthetic,simulated
COOLR-SYN-0308,23.016363,92.941479,50.0,25.67,271.47,0.0235,52.15,dem_synthetic,simulated
COOLR-SYN-0309,25.826465,93.662573,2677.5,29.4,123.68,0.0735,88.17,dem_synthetic,simulated
COOLR-SYN-0310,25.641322,90.168945,1552.6,36.97,92.83,-0.0319,94.77,dem_synthetic,simulated
COOLR-SYN-0311,23.654445,91.298248,1572.3,30.72,48.28,0.0264,123.12,dem_synthetic,simulated
COOLR-SYN-0312,23.555735,92.521431,923.9,13.44,66.72,-0.0228,100.89,dem_synthetic,simulated
COOLR-SYN-0313,24.644979,93.995233,120.2,35.59,304.85,0.0021,6.52,dem_synthetic,simulated
COOLR-SYN-0314,23.827505,91.03932,1607.2,26.65,336.63,0.1447,14.52,dem_synthetic,simulated
COOLR-SYN-0315,25.330724,91.905191,2432.1,38.09,12.22,-0.0942,72.08,dem_synthetic,simulated
COOLR-SYN-0316,25.741899,90.567386,1394.7,27.61,304.95,0.0133,39.33,dem_synthetic,simulated
COOLR-SYN-0317,27.329616,88.544822,2089.0,34.0,112.58,-0.0967,27.28,dem_synthetic,simulated
COOLR-SYN-0318,27.035168,88.72249,1835.9,34.35,45.0,-0.1242,34.57,dem_synthetic,simulated
COOLR-SYN-0319,26.158609,94.708144,1659.6,35.7,79.92,0.0033,37.24,dem_synthetic,simulated
COOLR-SYN-0320,26.216808,93.717887,2343.4,30.87,170.66,-0.0931,141.79,dem_synthetic,simulated
COOLR-SYN-0321,26.557365,94.131514,2157.0,22.45,186.86,-0.0579,7.84,dem_synthetic,simulated
COOLR-SYN-0322,25.68813,91.063047,2526.3,51.9,283.21,0.0805,5.96,dem_synthetic,simulated
COOLR-SYN-0323,23.267773,91.684018,1030.5,31.4,343.46,0.0013,51.43,dem_synthetic,simulated
COOLR-SYN-0324,27.038591,88.508561,2214.2,24.06,74.18,0.0253,64.44,dem_synthetic,simulated
COOLR-SYN-0325,27.590838,95.170021,1886.9,44.42,18.26,0.0069,0.1,dem_synthetic,simulated
COOLR-SYN-0326,25.767669,92.542221,1795.5,35.47,347.39,-0.0504,43.36,dem_synthetic,simulated
COOLR-SYN-0327,25.197325,94.285731,2004.0,38.74,33.51,0.1107,54.21,dem_synthetic,simulated
COOLR-SYN-0328,25.264477,94.104665,1920.6,31.55,216.75,0.0283,263.04,dem_synthetic,simulated
COOLR-SYN-0329,25.34904,91.882164,958.2,33.04,187.09,-0.0154,30.84,dem_synthetic,simulated
COOLR-SYN-0330,25.86254,90.521496,1207.9,30.42,337.58,-0.0115,45.03,dem_synthetic,simulated
COOLR-SYN-0331,23.426179,92.650241,293.2,25.79,67.98,0.0915,152.24,dem_synthetic,simulated
COOLR-SYN-0332,26.278165,94.186606,1889.9,43.32,261.04,0.072,37.61,dem_synthetic,simulated
COOLR-SYN-0333,27.240682,93.282786,3165.3,41.1,94.03,-0.004,40.58,dem_synthetic,simulated
COOLR-SYN-0334,23.914963,91.031509,1721.0,22.26,266.67,0.0291,48.9,dem_synthetic,simulated
COOLR-SYN-0335,27.193126,88.364493,2882.9,22.13,175.79,-0.0205,25.38,dem_synthetic,simulated
COOLR-SYN-0336,26.630806,92.585235,2882.4,31.67,239.86,0.0222,25.98,dem_synthetic,simulated
COOLR-SYN-0337,26.589509,94.112975,2380.1,34.04,246.95,0.0028,21.64,dem_synthetic,simulated
COOLR-SYN-0338,25.896607,94.196367,2298.1,36.92,91.37,0.0184,5.27,dem_synthetic,simulated
COOLR-SYN-0339,25.076033,94.032156,1475.6,32.63,67.98,0.0278,83.03,dem_synthetic,simulated
COOLR-SYN-0340,25.636758,90.196353,1260.6,49.08,264.24,-0.044,45.1,dem_synthetic,simulated
COOLR-SYN-0341,27.36873,88.535613,2424.0,42.98,61.48,-0.0106,18.85,dem_synthetic,simulated
COOLR-SYN-0342,23.011329,93.096156,1055.7,26.47,144.02,-0.0423,25.04,dem_synthetic,simulated
COOLR-SYN-0343,23.644984,92.928216,1154.8,14.12,169.9,-0.0612,113.68,dem_synthetic,simulated
COOLR-SYN-0344,24.745738,94.383847,1030.0,21.79,180.09,-0.0426,48.37,dem_synthetic,simulated
COOLR-SYN-0345,26.237549,93.75698,1715.1,33.38,356.19,-0.0339,145.44,dem_synthetic,simulated
COOLR-SYN-0346,23.427275,92.819983,1317.6,25.73,95.37,-0.0077,90.76,dem_synthetic,simulated
COOLR-SYN-0347,25.65353,90.39576,2172.4,39.96,42.65,0.0137,129.53,dem_synthetic,simulated
COOLR-SYN-0348,23.969086,91.212328,452.1,29.44,119.72,0.0641,10.09,dem_synthetic,simulated
COOLR-SYN-0349,27.334177,88.163037,2676.8,36.9,267.58,-0.0897,17.26,dem_synthetic,simulated
COOLR-SYN-0350,28.032464,94.635195,3559.8,43.14,229.81,-0.0309,127.05,dem_synthetic,simulated
COOLR-SYN-0351,23.204374,91.840291,990.3,28.21,182.6,-0.0334,18.3,dem_synthetic,simulated
COOLR-SYN-0352,26.147572,94.579899,977.2,48.6,346.8,0.0687,30.54,dem_synthetic,simulated
COOLR-SYN-0353,23.565285,91.128566,1043.7,35.35,56.8,-0.0319,27.8,dem_synthetic,simulated
COOLR-SYN-0354,26.181694,92.831952,1125.0,19.78,222.47,-0.0701,21.27,dem_synthetic,simulated
COOLR-SYN-0355,27.183275,93.008145,2992.8,38.79,280.87,0.0467,53.55,dem_synthetic,simulated
COOLR-SYN-0356,26.307376,93.778406,1995.2,21.66,332.94,0.0318,21.76,dem_synthetic,simulated
COOLR-SYN-0357,23.725361,91.327159,405.1,28.47,54.05,-0.0162,61.25,dem_synthetic,simulated
COOLR-SYN-0358,23.805017,91.21718,832.6,11.98,315.17,-0.0125,77.75,dem_synthetic,simulated
COOLR-SYN-0359,25.911437,94.658203,2019.0,50.18,359.04,-0.0509,168.52,dem_synthetic,simulated
COOLR-SYN-0360,23.101828,92.659419,514.0,25.29,113.19,-0.0116,1.78,dem_synthetic,simulated
COOLR-SYN-0361,25.136944,93.842672,611.8,30.38,10.24,-0.013,33.94,dem_synthetic,simulated
COOLR-SYN-0362,26.068949,94.559202,3147.5,33.56,228.96,0.0125,216.06,dem_synthetic,simulated
COOLR-SYN-0363,27.426557,88.323191,2886.4,32.21,24.42,-0.0529,18.5,dem_synthetic,simulated
COOLR-SYN-0364,27.517955,95.094257,3131.9,41.41,354.36,0.1068,29.9,dem_synthetic,simulated
COOLR-SYN-0365,25.193458,93.869163,1690.8,12.21,195.79,0.0485,64.92,dem_synthetic,simulated
COOLR-SYN-0366,24.607165,93.823423,1503.3,36.17,12.61,-0.0015,10.13,dem_synthetic,simulated
COOLR-SYN-0367,25.057259,92.102333,1414.6,28.32,121.42,0.0941,106.14,dem_synthetic,simulated
COOLR-SYN-0368,26.588308,94.036104,2417.1,34.95,247.29,0.0751,39.9,dem_synthetic,simulated
COOLR-SYN-0369,26.472068,94.100679,1883.9,39.36,54.31,0.0267,65.52,dem_synthetic,simulated
COOLR-SYN-0370,25.149052,91.238878,1675.4,32.52,188.33,0.0182,25.76,dem_synthetic,simulated
COOLR-SYN-0371,23.7858,91.035676,358.0,40.8,55.17,-0.0176,11.33,dem_synthetic,simulated
COOLR-SYN-0372,27.329449,88.69662,2452.5,29.3,324.91,-0.0256,50.24,dem_synthetic,simulated
COOLR-SYN-0373,27.708692,88.330062,4250.6,38.88,34.71,0.0274,46.63,dem_synthetic,simulated
COOLR-SYN-0374,25.120036,91.368336,1880.9,27.76,219.56,-0.0906,105.75,dem_synthetic,simulated
COOLR-SYN-0375,25.212274,93.847802,1041.2,29.97,44.94,-0.0069,103.7,dem_synthetic,simulated
COOLR-SYN-0376,26.491056,94.541312,1823.9,43.93,26.41,-0.0564,12.76,dem_synthetic,simulated
COOLR-SYN-0377,23.852251,92.441076,1171.2,19.17,251.65,-0.036,7.99,dem_synthetic,simulated
COOLR-SYN-0378,23.491109,92.513273,201.6,35.96,133.76,-0.0112,163.6,dem_synthetic,simulated
COOLR-SYN-0379,27.506916,92.033154,2148.2,43.32,40.94,-0.0523,58.17,dem_synthetic,simulated
COOLR-SYN-0380,25.639007,92.449569,2450.2,35.62,296.57,0.0059,1.0,dem_synthetic,simulated
COOLR-SYN-0381,27.605003,91.7562,3109.2,47.7,155.27,0.0806,9.12,dem_synthetic,simulated
COOLR-SYN-0382,25.446489,92.947694,1386.6,43.64,131.87,-0.0496,48.85,dem_synthetic,simulated
COOLR-SYN-0383,26.370458,94.231615,1570.1,27.3,286.81,0.0818,36.07,dem_synthetic,simulated
COOLR-SYN-0384,24.751217,94.432181,723.4,15.34,138.08,0.0248,148.91,dem_synthetic,simulated
COOLR-SYN-0385,26.569519,93.927218,1948.6,30.92,117.79,0.0462,137.3,dem_synthetic,simulated
COOLR-SYN-0386,25.441562,90.457033,1608.8,22.37,225.71,-0.0842,235.75,dem_synthetic,simulated
COOLR-SYN-0387,25.237342,94.37202,1515.0,25.12,73.49,-0.0111,4.35,dem_synthetic,simulated
COOLR-SYN-0388,26.560779,94.443532,2098.4,35.55,313.63,0.0195,191.94,dem_synthetic,simulated
COOLR-SYN-0389,26.185608,94.578075,1095.9,48.82,197.68,-0.0154,107.19,dem_synthetic,simulated
COOLR-SYN-0390,26.532628,94.53688,2523.9,34.55,166.31,-0.0738,185.58,dem_synthetic,simulated
COOLR-SYN-0391,27.873862,91.917674,2912.8,32.23,122.93,-0.0902,153.55,dem_synthetic,simulated
COOLR-SYN-0392,27.580967,91.738933,1285.6,43.98,307.51,-0.0687,346.85,dem_synthetic,simulated
COOLR-SYN-0393,23.755369,91.332443,461.7,21.22,167.36,-0.0308,20.85,dem_synthetic,simulated
COOLR-SYN-0394,26.027049,94.854326,2356.2,16.47,93.24,-0.0227,87.45,dem_synthetic,simulated
COOLR-SYN-0395,25.264346,91.596465,1192.9,36.13,269.63,-0.0254,9.36,dem_synthetic,simulated
COOLR-SYN-0396,23.170667,92.56145,291.7,22.08,207.22,-0.0493,69.01,dem_synthetic,simulated
COOLR-SYN-0397,27.109436,94.927682,2550.3,28.68,322.71,0.0467,53.12,dem_synthetic,simulated
COOLR-SYN-0398,26.709383,92.988275,1405.1,29.19,13.8,0.0006,12.49,dem_synthetic,simulated
COOLR-SYN-0399,27.586511,88.793293,3126.8,47.55,191.2,0.0145,175.8,dem_synthetic,simulated
COOLR-SYN-0400,25.039514,92.399086,2431.0,43.64,146.98,-0.0248,17.88,dem_synthetic,simulated
COOLR-SYN-0401,25.660488,92.819329,1246.7,34.36,334.97,-0.0746,25.5,dem_synthetic,simulated
COOLR-SYN-0402,25.697971,91.442798,2057.1,30.07,231.67,-0.0437,42.96,dem_synthetic,simulated
COOLR-SYN-0403,23.311937,92.70442,428.5,24.78,286.29,0.0061,177.96,dem_synthetic,simulated
COOLR-SYN-0404,25.457742,91.389196,2511.5,30.03,121.9,-0.0329,110.35,dem_synthetic,simulated
COOLR-SYN-0405,22.794008,92.710896,317.9,15.55,94.98,0.0155,3.14,dem_synthetic,simulated
COOLR-SYN-0406,27.722245,91.733169,3348.3,38.04,288.98,-0.0636,55.25,dem_synthetic,simulated
COOLR-SYN-0407,24.948219,94.026896,928.9,17.65,89.07,0.0219,9.06,dem_synthetic,simulated
COOLR-SYN-0408,25.926748,90.514395,2056.2,25.35,356.51,0.0025,22.95,dem_synthetic,simulated
COOLR-SYN-0409,24.708345,93.642326,532.5,35.15,249.32,-0.0764,47.0,dem_synthetic,simulated
COOLR-SYN-0410,23.917037,92.773283,652.4,26.45,173.5,-0.03,67.11,dem_synthetic,simulated
COOLR-SYN-0411,23.126416,92.54227,1053.3,30.34,237.33,0.0166,27.07,dem_synthetic,simulated
COOLR-SYN-0412,25.206105,91.888713,2129.8,40.01,63.91,-0.0038,19.16,dem_synthetic,simulated
COOLR-SYN-0413,27.161993,92.924412,3082.0,31.25,27.07,0.0205,15.5,dem_synthetic,simulated
COOLR-SYN-0414,25.682166,91.216671,1587.0,47.06,6.56,-0.0484,51.72,dem_synthetic,simulated
COOLR-SYN-0415,25.542099,90.917154,2230.0,24.58,274.26,0.0142,171.84,dem_synthetic,simulated
COOLR-SYN-0416,24.369156,93.99369,1032.4,24.85,117.72,-0.0089,68.88,dem_synthetic,simulated
COOLR-SYN-0417,25.257396,90.89337,2602.4,23.95,102.05,-0.0515,43.92,dem_synthetic,simulated
COOLR-SYN-0418,27.04203,93.089913,2254.0,42.37,297.69,0.0026,105.61,dem_synthetic,simulated
COOLR-SYN-0419,26.633441,93.702834,1978.8,23.16,319.48,0.0555,91.91,dem_synthetic,simulated
COOLR-SYN-0420,26.323508,92.779415,3059.4,40.51,240.19,-0.0519,51.23,dem_synthetic,simulated
COOLR-SYN-0421,23.833152,91.201635,1136.6,12.36,203.08,-0.0508,80.6,dem_synthetic,simulated
COOLR-SYN-0422,24.788087,94.161728,1378.9,31.26,226.95,-0.0607,104.98,dem_synthetic,simulated
COOLR-SYN-0423,23.697613,91.469483,1554.4,25.96,178.93,0.0267,4.98,dem_synthetic,simulated
COOLR-SYN-0424,25.599841,91.131477,1598.5,16.72,291.82,-0.0108,23.31,dem_synthetic,simulated
COOLR-SYN-0425,26.787905,94.486683,2656.1,38.21,295.31,-0.0024,16.35,dem_synthetic,simulated
COOLR-SYN-0426,27.572122,88.360768,2088.1,36.07,38.62,0.0442,56.61,dem_synthetic,simulated
COOLR-SYN-0427,26.213622,93.917535,1587.0,15.18,143.72,-0.0126,1.79,dem_synthetic,simulated
COOLR-SYN-0428,27.875127,91.962094,2598.2,40.57,23.83,0.0262,9.63,dem_synthetic,simulated
COOLR-SYN-0429,25.273105,94.373269,1489.9,34.19,23.73,0.0526,67.82,dem_synthetic,simulated
COOLR-SYN-0430,24.33189,93.901898,560.9,36.14,128.44,0.0809,40.28,dem_synthetic,simulated
COOLR-SYN-0431,25.352625,91.669664,2578.0,29.87,171.35,0.0726,23.95,dem_synthetic,simulated
COOLR-SYN-0432,26.367147,94.037113,1724.9,37.12,126.19,0.055,55.27,dem_synthetic,simulated
COOLR-SYN-0433,24.223494,93.938192,1022.1,25.43,226.02,0.0078,89.37,dem_synthetic,simulated
COOLR-SYN-0434,28.394788,94.867647,2470.9,32.54,60.81,0.0006,97.53,dem_synthetic,simulated
COOLR-SYN-0435,25.927932,90.006111,2190.2,35.92,201.66,0.0413,3.95,dem_synthetic,simulated
COOLR-SYN-0436,27.726265,91.883381,3025.7,34.39,172.26,-0.0325,6.35,dem_synthetic,simulated
COOLR-SYN-0437,23.421764,92.982796,344.2,21.8,287.88,0.0735,124.44,dem_synthetic,simulated
COOLR-SYN-0438,25.407859,91.131603,1057.2,32.79,325.9,0.0601,336.88,dem_synthetic,simulated
COOLR-SYN-0439,27.161946,92.78918,1736.5,45.24,139.12,0.0242,70.8,dem_synthetic,simulated
COOLR-SYN-0440,25.560815,90.030035,1926.6,31.17,53.96,-0.0402,33.18,dem_synthetic,simulated
COOLR-SYN-0441,27.208221,88.29847,3246.0,36.58,101.8,-0.0309,368.1,dem_synthetic,simulated
COOLR-SYN-0442,24.315069,93.980165,1354.9,33.68,261.44,0.0765,70.31,dem_synthetic,simulated
COOLR-SYN-0443,25.695629,90.789538,1588.9,33.34,160.19,-0.0294,28.73,dem_synthetic,simulated
COOLR-SYN-0444,22.692904,92.509077,126.5,23.95,57.88,0.043,44.12,dem_synthetic,simulated
COOLR-SYN-0445,27.041215,88.822841,2892.9,32.18,202.0,-0.0555,1.6,dem_synthetic,simulated
COOLR-SYN-0446,27.707093,91.912763,2743.5,42.01,20.76,-0.0259,226.79,dem_synthetic,simulated
COOLR-SYN-0447,25.173527,92.10649,2109.2,31.22,323.54,0.0604,46.35,dem_synthetic,simulated
COOLR-SYN-0448,24.790857,94.103368,1682.2,18.98,218.72,-0.002,49.39,dem_synthetic,simulated
COOLR-SYN-0449,24.576809,94.431726,1058.9,35.7,7.99,-0.001,43.47,dem_synthetic,simulated
COOLR-SYN-0450,26.114987,94.939836,1520.6,29.74,97.83,-0.1314,16.71,dem_synthetic,simulated
COOLR-SYN-0451,26.136778,94.429648,2771.8,27.12,111.9,0.0579,136.64,dem_synthetic,simulated
COOLR-SYN-0452,23.564112,92.249158,1266.3,21.58,233.94,0.0151,3.36,dem_synthetic,simulated
COOLR-SYN-0453,25.100382,91.831161,1021.0,45.07,70.01,-0.0649,23.71,dem_synthetic,simulated
COOLR-SYN-0454,23.094255,92.755249,295.8,26.42,132.26,-0.0104,59.08,dem_synthetic,simulated
COOLR-SYN-0455,27.488989,88.643104,1879.0,42.13,278.25,0.0009,71.98,dem_synthetic,simulated
COOLR-SYN-0456,25.563703,92.692841,474.2,22.93,125.76,-0.0471,195.14,dem_synthetic,simulated
COOLR-SYN-0457,23.495224,91.402445,642.6,32.15,238.72,-0.0712,85.94,dem_synthetic,simulated
COOLR-SYN-0458,26.391438,94.267798,2125.9,27.02,217.45,-0.0188,2.43,dem_synthetic,simulated
COOLR-SYN-0459,27.595247,88.736231,3096.2,37.8,148.66,-0.031,22.11,dem_synthetic,simulated
COOLR-SYN-0460,27.846185,94.469822,3552.4,46.12,342.32,-0.0118,88.77,dem_synthetic,simulated
COOLR-SYN-0461,25.36292,91.35614,2023.2,26.1,206.06,-0.0754,129.41,dem_synthetic,simulated
COOLR-SYN-0462,25.578652,90.999086,1444.0,36.3,109.29,-0.0541,4.5,dem_synthetic,simulated
COOLR-SYN-0463,26.227247,94.266831,2411.0,18.37,314.15,-0.0261,41.72,dem_synthetic,simulated
COOLR-SYN-0464,24.431858,93.675549,607.9,29.67,291.72,-0.0097,17.92,dem_synthetic,simulated
COOLR-SYN-0465,26.372052,94.949253,2213.9,22.34,356.09,-0.0623,76.96,dem_synthetic,simulated
COOLR-SYN-0466,27.58923,91.565785,2546.3,28.69,349.22,0.0238,44.22,dem_synthetic,simulated
COOLR-SYN-0467,26.248443,94.709748,2248.6,33.74,188.83,0.0158,37.88,dem_synthetic,simulated
COOLR-SYN-0468,25.409447,92.20829,905.0,25.16,11.43,-0.0392,5.73,dem_synthetic,simulated
COOLR-SYN-0469,25.913958,90.537562,933.4,36.97,66.05,-0.0599,24.18,dem_synthetic,simulated
COOLR-SYN-0470,23.681463,91.250463,1081.2,29.48,68.14,-0.0375,48.07,dem_synthetic,simulated
COOLR-SYN-0471,25.195952,91.468073,2467.4,29.29,181.78,0.0637,39.28,dem_synthetic,simulated
COOLR-SYN-0472,26.291126,93.677818,2596.0,35.46,41.91,-0.0762,39.31,dem_synthetic,simulated
COOLR-SYN-0473,27.099095,88.635416,1514.8,39.67,49.75,0.0632,235.25,dem_synthetic,simulated
COOLR-SYN-0474,23.237129,92.438194,1628.9,22.85,95.75,0.0244,13.21,dem_synthetic,simulated
COOLR-SYN-0475,27.002656,88.280667,2619.7,35.26,223.99,0.0165,124.2,dem_synthetic,simulated
COOLR-SYN-0476,27.673435,88.576341,3471.5,33.62,110.39,-0.047,187.86,dem_synthetic,simulated
COOLR-SYN-0477,25.729285,90.014014,1819.5,35.04,171.92,-0.0778,7.59,dem_synthetic,simulated
COOLR-SYN-0478,24.587585,94.431092,1078.3,28.86,297.49,-0.0515,39.84,dem_synthetic,simulated
COOLR-SYN-0479,26.438038,94.416665,2502.7,30.97,316.75,0.0829,65.96,dem_synthetic,simulated
COOLR-SYN-0480,23.598492,91.209514,979.0,24.89,42.23,0.0093,9.72,dem_synthetic,simulated
COOLR-SYN-0481,25.641216,91.348012,2393.3,24.32,243.38,-0.0242,86.2,dem_synthetic,simulated
COOLR-SYN-0482,27.290106,88.378384,1830.4,34.14,152.7,-0.0079,24.89,dem_synthetic,simulated
COOLR-SYN-0483,26.22473,94.129387,2035.7,31.84,117.75,0.0124,67.03,dem_synthetic,simulated
COOLR-SYN-0484,25.49238,91.388356,2208.5,23.66,128.46,0.0029,90.08,dem_synthetic,simulated
COOLR-SYN-0485,23.688231,92.863766,720.8,31.1,234.86,0.0795,28.45,dem_synthetic,simulated
COOLR-SYN-0486,22.648409,92.548587,608.3,21.31,353.59,-0.0295,25.08,dem_synthetic,simulated
COOLR-SYN-0487,24.580766,94.692775,870.9,33.08,327.92,-0.0218,47.58,dem_synthetic,simulated
COOLR-SYN-0488,26.026,94.508801,2441.9,38.61,78.8,0.0203,26.84,dem_synthetic,simulated
COOLR-SYN-0489,23.597673,91.678705,909.3,17.78,231.18,-0.1017,186.76,dem_synthetic,simulated
COOLR-SYN-0490,26.625678,92.7984,1927.3,31.2,149.55,-0.0005,15.9,dem_synthetic,simulated
COOLR-SYN-0491,27.493038,95.075206,1472.9,41.46,48.23,-0.0596,12.66,dem_synthetic,simulated
COOLR-SYN-0492,23.508119,91.315061,252.5,21.74,184.19,-0.0244,356.88,dem_synthetic,simulated
COOLR-SYN-0493,26.456554,94.722241,2295.8,25.77,20.31,-0.0037,18.97,dem_synthetic,simulated
COOLR-SYN-0494,26.593476,94.760096,2941.0,45.49,336.93,0.0121,46.09,dem_synthetic,simulated
COOLR-SYN-0495,26.653341,94.081193,2497.8,39.79,141.11,0.0205,27.42,dem_synthetic,simulated
COOLR-SYN-0496,26.29703,94.039027,1721.0,42.85,324.89,-0.0609,28.74,dem_synthetic,simulated
COOLR-SYN-0497,23.683806,91.500256,944.7,25.3,243.64,-0.016,66.81,dem_synthetic,simulated
COOLR-SYN-0498,22.741724,92.894884,50.0,32.51,255.61,0.0066,27.72,dem_synthetic,simulated
COOLR-SYN-0499,23.474075,92.648513,811.1,31.72,359.18,-0.0662,127.31,dem_synthetic,simulated
COOLR-SYN-0500,24.822649,94.478323,1434.6,38.94,245.88,0.0745,12.63,dem_synthetic,simulated
COOLR-SYN-0501,25.299792,92.135895,2583.6,43.22,137.97,-0.0276,39.39,dem_synthetic,simulated
COOLR-SYN-0502,26.928579,92.955598,2033.6,36.07,55.67,-0.0244,167.48,dem_synthetic,simulated
COOLR-SYN-0503,25.940747,90.297207,667.6,32.78,284.46,-0.0145,24.49,dem_synthetic,simulated
COOLR-SYN-0504,27.518731,88.263437,3207.5,22.47,264.63,0.0497,13.07,dem_synthetic,simulated
COOLR-SYN-0505,26.203139,94.005398,3100.7,25.17,155.37,-0.0093,134.29,dem_synthetic,simulated
COOLR-SYN-0506,25.176526,92.117398,1954.1,30.15,179.9,-0.0097,58.61,dem_synthetic,simulated
COOLR-SYN-0507,25.307736,92.662364,2128.3,25.18,66.5,0.0157,99.38,dem_synthetic,simulated
COOLR-SYN-0508,22.739424,92.884072,565.4,19.88,97.72,0.0228,84.82,dem_synthetic,simulated
COOLR-SYN-0509,26.707017,93.293336,2364.5,21.16,245.64,0.0247,113.44,dem_synthetic,simulated
COOLR-SYN-0510,27.430881,91.707405,3321.7,40.26,225.95,0.0038,3.55,dem_synthetic,simulated
COOLR-SYN-0511,27.270764,94.973903,2726.0,23.5,126.41,0.1192,36.86,dem_synthetic,simulated
COOLR-SYN-0512,27.134176,95.15828,2073.1,33.74,350.11,0.0111,59.77,dem_synthetic,simulated
COOLR-SYN-0513,25.212854,92.2929,1277.8,19.96,221.73,-0.0366,103.11,dem_synthetic,simulated
COOLR-SYN-0514,27.425359,88.250326,2894.0,42.05,290.68,-0.0576,83.59,dem_synthetic,simulated
COOLR-SYN-0515,27.431546,88.345043,2877.7,38.39,58.06,0.0087,9.88,dem_synthetic,simulated
COOLR-SYN-0516,25.932075,93.824429,2859.8,24.47,112.0,-0.051,70.35,dem_synthetic,simulated
COOLR-SYN-0517,23.113458,92.585203,1431.9,29.15,49.61,-0.0233,11.17,dem_synthetic,simulated
COOLR-SYN-0518,23.191205,92.539695,165.4,23.67,185.06,0.0825,209.51,dem_synthetic,simulated
COOLR-SYN-0519,26.220613,94.112277,2275.4,31.09,94.37,0.05,229.87,dem_synthetic,simulated
COOLR-SYN-0520,26.184663,94.808357,2406.1,12.94,201.45,0.031,15.15,dem_synthetic,simulated
COOLR-SYN-0521,27.685934,91.787544,1948.5,40.84,236.42,0.0095,15.19,dem_synthetic,simulated
COOLR-SYN-0522,23.517835,92.59669,1109.5,28.94,94.3,-0.0106,7.31,dem_synthetic,simulated
COOLR-SYN-0523,26.695691,94.253949,1590.8,36.26,322.27,-0.0439,44.7,dem_synthetic,simulated
COOLR-SYN-0524,26.402602,94.502727,3857.5,33.4,181.21,-0.0847,1.55,dem_synthetic,simulated
COOLR-SYN-0525,23.753194,91.825613,213.3,18.71,239.69,0.0536,32.47,dem_synthetic,simulated
COOLR-SYN-0526,24.572596,93.683082,2071.8,30.89,310.41,0.0191,51.4,dem_synthetic,simulated
COOLR-SYN-0527,24.624899,94.390007,1459.7,34.03,32.75,-0.1012,30.52,dem_synthetic,simulated
COOLR-SYN-0528,23.60292,92.431931,50.0,28.17,140.44,0.0297,1.45,dem_synthetic,simulated
COOLR-SYN-0529,24.779391,94.043147,2047.6,30.9,221.17,-0.0155,2.63,dem_synthetic,simulated
COOLR-SYN-0530,27.531819,91.700023,3281.3,33.34,237.26,-0.0058,19.71,dem_synthetic,simulated
COOLR-SYN-0531,26.683657,93.982509,2764.3,35.01,34.2,-0.0021,51.85,dem_synthetic,simulated
COOLR-SYN-0532,27.760712,91.761075,3579.1,32.6,243.09,-0.1264,56.66,dem_synthetic,simulated
COOLR-SYN-0533,26.765342,94.110247,2483.8,27.15,27.36,0.0064,148.62,dem_synthetic,simulated
COOLR-SYN-0534,27.419989,95.311055,2507.6,40.47,186.16,0.0452,88.82,dem_synthetic,simulated
COOLR-SYN-0535,23.448768,92.324079,1331.2,22.3,128.44,0.0708,2.79,dem_synthetic,simulated
COOLR-SYN-0536,23.493399,91.771735,365.3,33.89,263.61,0.0129,84.39,dem_synthetic,simulated
COOLR-SYN-0537,23.429528,92.227148,50.0,23.43,35.09,0.0254,148.74,dem_synthetic,simulated
COOLR-SYN-0538,24.420344,93.718387,550.2,32.15,170.82,-0.0252,96.17,dem_synthetic,simulated
COOLR-SYN-0539,26.341869,93.935319,2278.9,44.58,306.36,0.0386,105.29,dem_synthetic,simulated
COOLR-SYN-0540,27.409343,95.020036,3633.9,24.38,240.79,-0.0899,78.63,dem_synthetic,simulated
COOLR-SYN-0541,26.1812,93.80042,1737.4,13.07,172.5,-0.0764,241.91,dem_synthetic,simulated
COOLR-SYN-0542,24.728373,94.218188,1366.6,42.29,102.55,0.0705,241.65,dem_synthetic,simulated
COOLR-SYN-0543,25.722035,91.068251,2384.1,29.27,224.37,-0.0824,102.55,dem_synthetic,simulated
COOLR-SYN-0544,26.214876,93.858994,2263.6,28.48,166.18,0.0853,96.64,dem_synthetic,simulated
COOLR-SYN-0545,26.309903,94.461864,2219.3,32.93,174.86,0.0381,24.26,dem_synthetic,simulated
COOLR-SYN-0546,22.724975,93.099528,662.0,31.27,275.38,0.0847,70.3,dem_synthetic,simulated
COOLR-SYN-0547,23.246717,92.580376,847.5,12.89,231.6,-0.0071,26.56,dem_synthetic,simulated
COOLR-SYN-0548,24.93817,94.188906,1514.1,42.69,170.88,-0.0654,12.16,dem_synthetic,simulated
COOLR-SYN-0549,23.683236,92.679167,1505.3,23.82,81.5,0.0165,6.6,dem_synthetic,simulated
COOLR-SYN-0550,27.165817,88.820284,2286.3,28.71,24.78,-0.0355,211.6,dem_synthetic,simulated
COOLR-SYN-0551,23.580982,91.061263,872.3,18.61,357.56,0.0039,61.48,dem_synthetic,simulated
COOLR-SYN-0552,25.981115,90.35332,1707.7,35.37,190.06,-0.0179,71.5,dem_synthetic,simulated
COOLR-SYN-0553,25.35624,92.778858,1130.2,47.26,352.37,0.0506,55.45,dem_synthetic,simulated
COOLR-SYN-0554,25.028942,94.201246,2100.2,24.97,207.82,0.0005,13.56,dem_synthetic,simulated
COOLR-SYN-0555,27.218025,88.374463,2702.0,33.89,172.82,-0.083,246.15,dem_synthetic,simulated
COOLR-SYN-0556,24.263756,93.776376,959.5,34.07,9.52,-0.0254,18.77,dem_synthetic,simulated
COOLR-SYN-0557,23.541095,91.174381,50.0,14.71,58.55,-0.0711,4.81,dem_synthetic,simulated
COOLR-SYN-0558,27.561522,95.465349,2875.2,25.88,357.11,0.0054,15.77,dem_synthetic,simulated
COOLR-SYN-0559,27.786736,92.081999,3023.2,32.83,354.85,-0.0336,31.47,dem_synthetic,simulated
COOLR-SYN-0560,26.07415,94.755254,2427.8,33.82,71.35,0.002,33.98,dem_synthetic,simulated
COOLR-SYN-0561,23.328432,92.62192,50.0,20.13,273.75,-0.0194,81.31,dem_synthetic,simulated
COOLR-SYN-0562,25.306038,91.539977,1595.3,31.14,312.18,-0.0075,46.79,dem_synthetic,simulated
COOLR-SYN-0563,26.999355,88.215394,3309.4,38.47,66.44,-0.0235,17.13,dem_synthetic,simulated
COOLR-SYN-0564,27.301544,88.526854,3219.0,43.0,81.74,0.0563,41.07,dem_synthetic,simulated
COOLR-SYN-0565,23.151146,92.828919,1383.7,26.98,2.5,0.0134,142.29,dem_synthetic,simulated
COOLR-SYN-0566,26.198736,94.733845,1303.3,47.61,54.32,0.1048,97.1,dem_synthetic,simulated
COOLR-SYN-0567,24.822657,93.820907,1954.0,18.48,42.73,-0.0479,344.59,dem_synthetic,simulated
COOLR-SYN-0568,23.606162,92.635478,1454.8,37.79,185.12,-0.0223,18.23,dem_synthetic,simulated
COOLR-SYN-0569,26.496275,94.455425,2168.4,43.92,267.59,-0.0269,106.05,dem_synthetic,simulated
COOLR-SYN-0570,27.40985,88.865559,2470.8,35.48,245.23,-0.0098,185.16,dem_synthetic,simulated
COOLR-SYN-0571,26.437137,94.240355,1936.4,30.76,139.28,0.1071,13.44,dem_synthetic,simulated
COOLR-SYN-0572,27.099328,93.286234,3372.6,33.94,12.57,-0.0979,122.71,dem_synthetic,simulated
COOLR-SYN-0573,22.786288,93.00703,843.5,28.42,134.63,0.0633,70.3,dem_synthetic,simulated
COOLR-SYN-0574,27.079252,88.35385,1921.9,35.44,352.27,-0.0263,9.39,dem_synthetic,simulated
COOLR-SYN-0575,26.584462,94.108131,1574.4,37.13,186.44,-0.109,51.63,dem_synthetic,simulated
COOLR-SYN-0576,27.190282,88.32347,2899.6,30.25,118.64,0.0104,23.66,dem_synthetic,simulated
COOLR-SYN-0577,26.012868,94.757337,1515.6,31.61,153.08,-0.0357,109.23,dem_synthetic,simulated
COOLR-SYN-0578,27.533872,88.452709,2655.6,59.17,287.18,0.0096,56.27,dem_synthetic,simulated
COOLR-SYN-0579,26.371009,94.123531,1781.1,28.56,53.63,0.0069,5.43,dem_synthetic,simulated
COOLR-SYN-0580,23.563457,91.557463,880.6,30.67,336.84,-0.0365,29.18,dem_synthetic,simulated
COOLR-SYN-0581,26.160478,94.753478,1905.3,40.93,119.37,0.0142,16.79,dem_synthetic,simulated
COOLR-SYN-0582,27.255664,92.908982,2222.5,28.64,281.46,-0.0189,24.76,dem_synthetic,simulated
COOLR-SYN-0583,27.226418,88.694536,2173.5,33.82,110.0,0.0005,13.38,dem_synthetic,simulated
COOLR-SYN-0584,26.293242,93.048841,1448.7,34.96,210.47,0.0143,81.09,dem_synthetic,simulated
COOLR-SYN-0585,28.335975,94.759324,2316.0,33.12,157.05,0.0541,22.65,dem_synthetic,simulated
COOLR-SYN-0586,26.555074,94.444092,2994.0,36.52,222.63,0.0507,17.83,dem_synthetic,simulated
COOLR-SYN-0587,27.366209,88.532911,3284.6,41.48,102.03,-0.0246,35.27,dem_synthetic,simulated
COOLR-SYN-0588,26.255983,93.777948,1513.0,40.07,6.59,0.0278,39.32,dem_synthetic,simulated
COOLR-SYN-0589,27.15281,94.972588,2521.8,45.44,288.71,0.0337,21.03,dem_synthetic,simulated
COOLR-SYN-0590,26.134639,94.257956,1536.3,26.42,98.43,0.006,25.37,dem_synthetic,simulated
COOLR-SYN-0591,26.040895,93.760412,2020.1,26.47,325.4,0.0432,56.95,dem_synthetic,simulated
COOLR-SYN-0592,27.189662,88.388451,2056.6,44.9,8.64,-0.0109,59.44,dem_synthetic,simulated
COOLR-SYN-0593,26.064119,94.60236,1890.8,21.17,124.51,0.1159,80.13,dem_synthetic,simulated
COOLR-SYN-0594,27.349646,91.894349,3447.0,45.59,6.57,-0.0406,21.08,dem_synthetic,simulated
COOLR-SYN-0595,27.071125,88.663972,1992.1,25.07,273.27,-0.0425,26.46,dem_synthetic,simulated
COOLR-SYN-0596,27.470713,88.196699,2570.9,32.75,317.59,0.0311,38.9,dem_synthetic,simulated
COOLR-SYN-0597,23.491833,91.50168,330.2,35.22,219.87,0.0466,3.74,dem_synthetic,simulated
COOLR-SYN-0598,27.361511,88.498652,2663.1,36.17,315.85,0.0391,269.23,dem_synthetic,simulated
COOLR-SYN-0599,27.014581,93.224798,1394.6,30.21,273.55,0.0254,4.95,dem_synthetic,simulated
COOLR-SYN-0600,25.224041,92.319382,1192.0,21.88,75.4,0.0794,39.32,dem_synthetic,simulated
COOLR-SYN-0601,28.112643,94.685294,3756.3,29.77,2.9,-0.0138,256.76,dem_synthetic,simulated
COOLR-SYN-0602,25.572162,91.100001,1991.3,30.25,186.75,-0.0496,158.99,dem_synthetic,simulated
COOLR-SYN-0603,25.027207,94.354427,2333.6,37.24,251.4,-0.0787,44.6,dem_synthetic,simulated
COOLR-SYN-0604,23.630795,92.278032,634.4,20.12,326.13,-0.0812,11.87,dem_synthetic,simulated
COOLR-SYN-0605,23.510938,91.199569,894.1,13.22,201.02,-0.061,21.69,dem_synthetic,simulated
COOLR-SYN-0606,26.71094,94.142614,1735.6,58.3,343.59,0.0052,30.35,dem_synthetic,simulated
COOLR-SYN-0607,25.012653,92.190657,1790.9,27.93,148.02,0.0122,8.52,dem_synthetic,simulated
COOLR-SYN-0608,25.429955,90.308559,1502.8,26.25,166.29,-0.0782,45.26,dem_synthetic,simulated
COOLR-SYN-0609,23.755569,91.837982,1283.8,33.09,61.8,0.0163,139.51,dem_synthetic,simulated
COOLR-SYN-0610,27.239779,92.988135,2264.0,28.9,336.33,0.1265,7.72,dem_synthetic,simulated
COOLR-SYN-0611,26.956036,88.433866,2517.9,35.84,255.94,0.0308,101.83,dem_synthetic,simulated
COOLR-SYN-0612,23.779595,91.566209,656.7,37.58,283.79,-0.108,4.69,dem_synthetic,simulated
COOLR-SYN-0613,22.669118,92.5582,1386.8,26.66,307.01,0.0996,40.45,dem_synthetic,simulated
COOLR-SYN-0614,25.225025,91.139903,1177.2,18.57,128.45,-0.0194,271.52,dem_synthetic,simulated
COOLR-SYN-0615,23.916243,91.591739,50.0,16.35,218.0,0.0102,47.49,dem_synthetic,simulated
COOLR-SYN-0616,27.309331,95.144225,2731.3,50.17,357.22,-0.0315,102.11,dem_synthetic,simulated
COOLR-SYN-0617,23.840156,92.278599,1620.3,39.42,225.59,0.0144,40.67,dem_synthetic,simulated
COOLR-SYN-0618,25.807423,93.639864,2015.5,22.09,216.28,0.0794,27.57,dem_synthetic,simulated
COOLR-SYN-0619,24.792144,94.374345,1896.8,24.09,342.84,0.0819,205.02,dem_synthetic,simulated
COOLR-SYN-0620,26.096514,93.836676,2363.5,40.4,52.61,0.0113,74.69,dem_synthetic,simulated
COOLR-SYN-0621,25.062097,92.105496,2134.0,34.96,102.53,0.1013,55.51,dem_synthetic,simulated
COOLR-SYN-0622,24.650835,94.135455,1324.3,18.78,63.32,0.0948,0.43,dem_synthetic,simulated
COOLR-SYN-0623,25.666589,92.4939,1967.6,35.11,2.98,0.0256,13.16,dem_synthetic,simulated
COOLR-SYN-0624,25.854687,90.079757,2779.5,31.52,157.39,-0.0385,126.89,dem_synthetic,simulated
COOLR-SYN-0625,24.209733,93.895609,69.9,49.29,259.65,0.0466,99.42,dem_synthetic,simulated
COOLR-SYN-0626,23.85158,92.303249,962.8,23.75,147.31,0.0586,188.51,dem_synthetic,simulated
COOLR-SYN-0627,25.964229,93.756573,1381.5,34.64,113.08,-0.0421,96.38,dem_synthetic,simulated
COOLR-SYN-0628,24.627455,94.211364,1597.3,32.58,212.81,-0.0562,73.2,dem_synthetic,simulated
COOLR-SYN-0629,27.574005,95.109408,3538.9,36.92,304.24,0.0065,53.28,dem_synthetic,simulated
COOLR-SYN-0630,26.324139,94.993751,1901.4,35.97,162.06,0.0385,174.02,dem_synthetic,simulated
COOLR-SYN-0631,23.762416,92.512523,1182.1,9.56,298.67,0.0478,25.86,dem_synthetic,simulated
COOLR-SYN-0632,25.686806,90.818702,1008.5,26.58,278.74,0.0121,95.65,dem_synthetic,simulated
COOLR-SYN-0633,23.42553,91.820388,1123.6,24.78,321.42,0.0031,13.58,dem_synthetic,simulated
COOLR-SYN-0634,23.679161,92.850484,1422.3,22.5,132.23,0.0343,31.96,dem_synthetic,simulated
COOLR-SYN-0635,25.857236,93.83565,2231.5,37.11,117.31,-0.0232,64.21,dem_synthetic,simulated
COOLR-SYN-0636,26.303123,92.85648,1068.5,43.55,283.37,0.0104,6.99,dem_synthetic,simulated
COOLR-SYN-0637,23.745622,92.222176,858.3,10.3,159.8,0.0086,7.85,dem_synthetic,simulated
COOLR-SYN-0638,25.694635,91.113104,1648.5,32.96,166.14,0.0476,36.47,dem_synthetic,simulated
COOLR-SYN-0639,26.184486,93.078883,1981.1,33.05,32.88,-0.1068,8.17,dem_synthetic,simulated
COOLR-SYN-0640,25.359574,92.66241,2360.0,19.62,305.18,0.025,0.84,dem_synthetic,simulated
COOLR-SYN-0641,24.925309,93.898238,1257.9,22.18,144.07,-0.0561,118.24,dem_synthetic,simulated
COOLR-SYN-0642,27.806126,94.76396,1666.6,31.21,290.61,0.0318,22.87,dem_synthetic,simulated
COOLR-SYN-0643,26.011311,94.460117,2032.8,46.31,187.64,0.0198,19.59,dem_synthetic,simulated
COOLR-SYN-0644,26.225405,94.013187,2417.9,38.67,223.15,-0.0321,62.04,dem_synthetic,simulated
COOLR-SYN-0645,26.53873,92.55195,2074.5,20.5,24.0,-0.0009,134.21,dem_synthetic,simulated
COOLR-SYN-0646,27.256057,93.02384,1861.1,50.2,254.09,-0.0122,306.24,dem_synthetic,simulated
COOLR-SYN-0647,25.390662,92.474974,1692.1,35.33,75.03,0.0544,78.2,dem_synthetic,simulated
COOLR-SYN-0648,27.41575,95.376631,884.6,41.88,121.95,0.0722,149.8,dem_synthetic,simulated
COOLR-SYN-0649,27.029681,88.806993,2164.7,29.16,227.25,-0.0575,170.47,dem_synthetic,simulated
COOLR-SYN-0650,23.515137,92.328599,762.9,9.51,280.41,0.0225,56.0,dem_synthetic,simulated
COOLR-SYN-0651,26.637152,94.162707,3431.8,35.06,111.65,-0.0244,11.33,dem_synthetic,simulated
COOLR-SYN-0652,25.338037,92.742987,1807.4,54.04,337.9,0.0056,308.51,dem_synthetic,simulated
COOLR-SYN-0653,25.294123,90.712776,1269.1,12.79,279.23,-0.0051,31.98,dem_synthetic,simulated
COOLR-SYN-0654,25.101144,91.58297,1637.6,30.67,48.7,0.0064,105.3,dem_synthetic,simulated
COOLR-SYN-0655,23.692433,92.795186,1029.8,22.87,321.22,-0.0194,207.71,dem_synthetic,simulated
COOLR-SYN-0656,25.54132,91.400009,1178.3,23.1,324.86,-0.0081,40.42,dem_synthetic,simulated
COOLR-SYN-0657,25.407652,91.5164,2006.2,33.45,359.79,0.0783,40.68,dem_synthetic,simulated
COOLR-SYN-0658,25.440759,91.178581,1691.0,28.34,99.45,-0.0359,13.79,dem_synthetic,simulated
COOLR-SYN-0659,28.333531,94.536014,2944.5,53.52,0.13,0.0482,220.71,dem_synthetic,simulated
COOLR-SYN-0660,25.488789,90.406297,1715.3,33.95,50.12,-0.0784,61.64,dem_synthetic,simulated
COOLR-SYN-0661,25.081773,93.809236,1334.0,25.5,63.17,0.0298,25.5,dem_synthetic,simulated
COOLR-SYN-0662,25.699153,90.152051,3140.8,35.01,32.13,0.0526,108.56,dem_synthetic,simulated
COOLR-SYN-0663,26.628896,93.860939,2152.6,44.7,40.91,-0.0299,19.91,dem_synthetic,simulated
COOLR-SYN-0664,27.087398,95.044693,2664.4,47.69,298.52,0.0831,137.91,dem_synthetic,simulated
COOLR-SYN-0665,27.798336,88.566384,2503.5,30.19,89.66,-0.0089,412.13,dem_synthetic,simulated
COOLR-SYN-0666,25.768995,92.432072,1922.6,35.07,74.89,0.0904,58.61,dem_synthetic,simulated
COOLR-SYN-0667,26.073928,94.978751,1677.9,36.6,313.77,-0.0265,5.18,dem_synthetic,simulated
COOLR-SYN-0668,25.596984,91.235181,1270.8,31.99,8.72,-0.0119,17.97,dem_synthetic,simulated
COOLR-SYN-0669,25.171143,92.341426,1698.5,33.15,212.67,-0.0828,64.49,dem_synthetic,simulated
COOLR-SYN-0670,23.943261,92.317827,1207.6,13.92,344.34,0.0516,76.71,dem_synthetic,simulated
COOLR-SYN-0671,27.454667,91.797134,2406.9,29.32,286.04,0.0228,2.84,dem_synthetic,simulated
COOLR-SYN-0672,24.514725,93.65635,1290.7,21.17,51.34,0.012,11.14,dem_synthetic,simulated
COOLR-SYN-0673,27.617577,88.541169,1898.4,43.3,69.69,0.0537,81.91,dem_synthetic,simulated
COOLR-SYN-0674,26.455849,93.993706,3395.6,46.23,116.74,0.0047,74.44,dem_synthetic,simulated
COOLR-SYN-0675,26.481837,94.205912,1758.3,34.98,223.85,-0.0248,86.45,dem_synthetic,simulated
COOLR-SYN-0676,27.274312,88.556699,2515.3,31.27,195.62,-0.0543,75.7,dem_synthetic,simulated
COOLR-SYN-0677,28.098355,94.660291,2365.2,42.14,32.78,0.0227,71.54,dem_synthetic,simulated
COOLR-SYN-0678,26.598645,93.026599,1453.0,40.78,93.83,-0.066,77.17,dem_synthetic,simulated
COOLR-SYN-0679,26.723776,93.876239,2963.6,47.92,334.87,-0.0869,7.29,dem_synthetic,simulated
COOLR-SYN-0680,25.451773,90.581618,1771.5,37.5,245.73,0.0008,11.04,dem_synthetic,simulated
COOLR-SYN-0681,25.60803,91.158738,2293.0,39.37,356.89,-0.0118,116.16,dem_synthetic,simulated
COOLR-SYN-0682,24.915205,94.19653,1573.5,48.92,173.22,0.0135,88.17,dem_synthetic,simulated
COOLR-SYN-0683,26.256115,94.497808,1707.5,26.94,205.97,0.0526,106.9,dem_synthetic,simulated
COOLR-SYN-0684,25.03973,94.33504,2392.2,41.8,94.39,-0.0338,153.64,dem_synthetic,simulated
COOLR-SYN-0685,27.585058,91.503298,1556.0,45.08,44.57,0.0569,68.16,dem_synthetic,simulated
COOLR-SYN-0686,23.684849,92.524896,1222.4,33.31,22.15,0.0059,32.37,dem_synthetic,simulated
COOLR-SYN-0687,27.67392,88.364306,2101.8,36.08,359.45,0.0076,117.36,dem_synthetic,simulated
COOLR-SYN-0688,25.307744,91.487033,2712.2,32.39,154.0,0.0367,21.03,dem_synthetic,simulated
COOLR-SYN-0689,23.531008,92.788484,635.4,15.77,245.32,0.0662,107.39,dem_synthetic,simulated
COOLR-SYN-0690,23.787086,92.629606,268.1,23.2,283.96,-0.0394,54.39,dem_synthetic,simulated
COOLR-SYN-0691,24.660055,94.286376,1647.7,28.35,30.25,0.0469,39.47,dem_synthetic,simulated
COOLR-SYN-0692,25.426956,91.058902,1685.2,27.26,345.38,-0.0313,84.02,dem_synthetic,simulated
COOLR-SYN-0693,26.78347,93.269074,2857.0,41.54,223.5,0.0863,249.99,dem_synthetic,simulated
COOLR-SYN-0694,26.000023,94.467365,2906.0,18.32,153.55,-0.1032,165.5,dem_synthetic,simulated
COOLR-SYN-0695,25.977934,93.855268,1966.1,36.21,164.97,0.0078,35.63,dem_synthetic,simulated
COOLR-SYN-0696,25.07301,94.32022,1099.9,37.24,0.12,-0.0339,111.56,dem_synthetic,simulated
COOLR-SYN-0697,26.229569,94.076351,1142.8,24.07,255.9,-0.0765,42.69,dem_synthetic,simulated
COOLR-SYN-0698,26.063797,93.916287,1403.6,40.56,252.52,-0.0331,19.45,dem_synthetic,simulated
COOLR-SYN-0699,26.974266,92.878625,3449.4,51.7,54.3,0.0668,76.39,dem_synthetic,simulated
COOLR-SYN-0700,27.23715,88.372912,3143.2,22.35,131.91,0.0538,12.06,dem_synthetic,simulated
COOLR-SYN-0701,22.759373,92.869729,1050.9,15.23,306.23,0.0195,72.4,dem_synthetic,simulated
COOLR-SYN-0702,24.252785,94.026368,671.0,16.6,200.57,0.0704,69.89,dem_synthetic,simulated
COOLR-SYN-0703,26.798784,94.285923,1962.6,19.32,69.21,0.0155,8.72,dem_synthetic,simulated
COOLR-SYN-0704,27.552321,91.68423,3131.5,29.1,138.98,-0.0242,21.16,dem_synthetic,simulated
COOLR-SYN-0705,25.754819,92.502423,1796.5,41.75,120.39,0.0329,78.21,dem_synthetic,simulated
COOLR-SYN-0706,24.304366,93.624079,1083.4,36.64,83.45,0.0328,15.7,dem_synthetic,simulated
COOLR-SYN-0707,25.126151,91.666537,1706.2,30.45,5.89,0.0053,80.04,dem_synthetic,simulated
COOLR-SYN-0708,26.206049,94.075846,1771.2,38.96,6.72,-0.0231,54.48,dem_synthetic,simulated
COOLR-SYN-0709,25.693833,91.60594,2561.1,28.87,281.81,0.11,6.93,dem_synthetic,simulated
COOLR-SYN-0710,26.708,94.380406,3143.7,35.5,142.84,-0.005,53.81,dem_synthetic,simulated
COOLR-SYN-0711,23.557143,91.272056,514.0,21.87,19.1,0.13,257.55,dem_synthetic,simulated
COOLR-SYN-0712,26.732022,92.928404,1168.2,36.62,192.44,0.0478,82.61,dem_synthetic,simulated
COOLR-SYN-0713,25.1063,91.987151,118.7,34.79,117.44,0.0287,48.68,dem_synthetic,simulated
COOLR-SYN-0714,23.371104,92.718175,1259.6,22.27,19.61,0.0446,13.89,dem_synthetic,simulated
COOLR-SYN-0715,25.632018,92.812646,2007.4,28.44,47.46,0.0116,30.24,dem_synthetic,simulated
COOLR-SYN-0716,23.273705,92.930438,657.6,17.29,159.98,0.0641,88.71,dem_synthetic,simulated
COOLR-SYN-0717,24.078651,91.166644,1290.0,32.81,140.39,-0.0055,39.16,dem_synthetic,simulated
COOLR-SYN-0718,23.148667,92.53794,996.3,19.01,133.28,-0.0695,86.33,dem_synthetic,simulated
COOLR-SYN-0719,26.946231,88.33754,2761.7,35.45,143.42,0.0086,165.11,dem_synthetic,simulated
COOLR-SYN-0720,24.815499,94.18762,1116.8,22.39,117.99,0.0408,28.72,dem_synthetic,simulated
COOLR-SYN-0721,27.233318,88.635414,3258.1,26.39,72.62,0.0013,75.21,dem_synthetic,simulated
COOLR-SYN-0722,27.205034,93.037761,2250.1,41.83,348.78,0.0376,51.26,dem_synthetic,simulated
COOLR-SYN-0723,27.395799,91.92005,2432.1,38.71,201.25,0.0266,51.97,dem_synthetic,simulated
COOLR-SYN-0724,23.528512,92.864932,513.7,32.67,345.11,0.0092,24.05,dem_synthetic,simulated
COOLR-SYN-0725,27.086785,88.480958,3079.3,28.7,89.6,-0.0477,99.35,dem_synthetic,simulated
COOLR-SYN-0726,27.59599,92.032319,3445.3,40.14,102.07,0.0354,16.61,dem_synthetic,simulated
COOLR-SYN-0727,27.181694,88.636884,3143.4,28.81,219.34,-0.0517,289.79,dem_synthetic,simulated
COOLR-SYN-0728,25.705406,91.022302,1511.4,5.01,245.99,-0.0271,26.3,dem_synthetic,simulated
COOLR-SYN-0729,26.759121,94.049517,2671.3,42.5,350.36,-0.0194,25.99,dem_synthetic,simulated
COOLR-SYN-0730,23.432661,92.457497,1228.9,25.54,355.37,0.0469,112.2,dem_synthetic,simulated
COOLR-SYN-0731,23.925424,91.130651,980.5,24.36,317.23,0.0023,9.2,dem_synthetic,simulated
COOLR-SYN-0732,22.991307,92.534658,1305.1,12.9,24.86,0.0128,134.41,dem_synthetic,simulated
COOLR-SYN-0733,27.950072,94.877293,3864.8,31.98,74.36,0.0243,153.54,dem_synthetic,simulated
COOLR-SYN-0734,26.278095,94.607811,2158.6,29.21,92.12,-0.0711,43.23,dem_synthetic,simulated
COOLR-SYN-0735,25.776761,92.508317,2082.0,33.41,122.16,-0.0395,179.94,dem_synthetic,simulated
COOLR-SYN-0736,23.083745,92.648916,635.1,34.59,143.77,-0.0758,20.85,dem_synthetic,simulated
COOLR-SYN-0737,26.696804,94.000759,2652.6,20.54,230.88,0.0266,4.35,dem_synthetic,simulated
COOLR-SYN-0738,26.510745,93.988676,2423.9,34.46,151.85,-0.072,34.76,dem_synthetic,simulated
COOLR-SYN-0739,25.713283,90.490105,1151.4,33.57,209.45,-0.0097,24.25,dem_synthetic,simulated
COOLR-SYN-0740,27.132987,88.789226,2314.9,36.57,307.32,-0.0747,24.31,dem_synthetic,simulated
COOLR-SYN-0741,24.717595,93.87237,1712.3,35.85,330.75,-0.0326,19.83,dem_synthetic,simulated
COOLR-SYN-0742,25.172333,92.141592,1050.7,28.61,299.76,0.0234,216.57,dem_synthetic,simulated
COOLR-SYN-0743,26.118849,94.25937,2440.5,23.53,332.55,0.0158,11.93,dem_synthetic,simulated
COOLR-SYN-0744,26.569241,94.983101,1755.8,35.99,17.78,0.0053,3.82,dem_synthetic,simulated
COOLR-SYN-0745,25.340973,91.824508,1606.5,24.89,34.72,-0.0149,14.61,dem_synthetic,simulated
COOLR-SYN-0746,27.568802,95.006922,3672.0,39.68,162.26,0.0347,10.94,dem_synthetic,simulated
COOLR-SYN-0747,27.452755,94.938373,2549.8,48.81,267.29,0.0475,169.44,dem_synthetic,simulated
COOLR-SYN-0748,27.08311,93.129381,2992.4,45.02,234.52,-0.0356,122.76,dem_synthetic,simulated
COOLR-SYN-0749,25.834086,90.214678,600.4,33.38,233.21,-0.0016,19.9,dem_synthetic,simulated
COOLR-SYN-0750,25.322207,92.973936,2583.7,22.13,159.68,0.0149,23.4,dem_synthetic,simulated
COOLR-SYN-0751,27.315862,88.457124,2397.0,37.53,351.67,0.005,54.2,dem_synthetic,simulated
COOLR-SYN-0752,22.645664,92.5247,50.0,10.95,95.65,0.0255,0.41,dem_synthetic,simulated
COOLR-SYN-0753,23.650226,92.445314,1175.3,17.43,150.82,0.0339,42.11,dem_synthetic,simulated
COOLR-SYN-0754,27.222189,88.596395,2680.9,40.83,291.64,-0.0149,60.87,dem_synthetic,simulated
COOLR-SYN-0755,26.021257,93.645383,1280.8,48.81,13.92,0.0813,51.61,dem_synthetic,simulated
COOLR-SYN-0756,25.5492,92.83723,2304.2,29.64,292.77,0.0658,60.72,dem_synthetic,simulated
COOLR-SYN-0757,24.295933,93.949018,1434.5,18.37,257.84,0.0368,78.2,dem_synthetic,simulated
COOLR-SYN-0758,27.294949,93.14502,3684.9,25.19,304.51,0.0279,24.3,dem_synthetic,simulated
COOLR-SYN-0759,26.484774,94.667136,1128.5,39.46,215.03,-0.0148,18.04,dem_synthetic,simulated
COOLR-SYN-0760,25.041769,94.42235,1413.7,44.39,12.14,0.0205,45.16,dem_synthetic,simulated
COOLR-SYN-0761,27.201672,92.920787,2429.1,44.92,12.43,-0.0306,31.93,dem_synthetic,simulated
COOLR-SYN-0762,24.009326,91.00893,783.3,30.4,331.58,0.0101,7.62,dem_synthetic,simulated
COOLR-SYN-0763,27.187209,88.397834,1841.4,42.07,124.27,-0.0268,63.62,dem_synthetic,simulated
COOLR-SYN-0764,22.830269,92.906463,50.0,30.11,177.26,-0.0138,56.82,dem_synthetic,simulated
COOLR-SYN-0765,25.230185,92.459567,541.0,46.34,126.05,-0.0224,31.02,dem_synthetic,simulated
COOLR-SYN-0766,25.178395,94.2647,1684.1,36.19,275.47,-0.0212,22.13,dem_synthetic,simulated
COOLR-SYN-0767,27.883201,92.038049,3421.6,46.81,133.1,0.0668,132.54,dem_synthetic,simulated
COOLR-SYN-0768,23.183199,92.861685,1243.3,46.24,18.1,0.0083,10.58,dem_synthetic,simulated
COOLR-SYN-0769,24.897027,93.863335,874.1,15.32,127.12,-0.0691,62.32,dem_synthetic,simulated
COOLR-SYN-0770,24.379121,94.0182,1174.7,23.54,24.78,-0.0219,65.13,dem_synthetic,simulated
COOLR-SYN-0771,23.602595,92.535338,1114.4,4.21,270.3,-0.0221,52.1,dem_synthetic,simulated
COOLR-SYN-0772,26.854009,93.059304,2236.7,25.37,295.06,0.0747,74.82,dem_synthetic,simulated
COOLR-SYN-0773,26.363613,93.774978,2317.1,37.47,350.92,0.0769,20.54,dem_synthetic,simulated
COOLR-SYN-0774,23.915312,92.73069,50.0,24.96,294.75,0.0106,25.65,dem_synthetic,simulated
COOLR-SYN-0775,25.053442,94.520729,1823.3,29.26,110.19,-0.0996,30.88,dem_synthetic,simulated
COOLR-SYN-0776,24.898577,94.210466,1923.1,33.56,3.92,0.0222,98.14,dem_synthetic,simulated
COOLR-SYN-0777,26.975513,88.268369,3403.1,45.03,184.69,-0.0266,25.52,dem_synthetic,simulated
COOLR-SYN-0778,27.507539,95.466647,1931.6,41.12,58.03,-0.0485,83.84,dem_synthetic,simulated
COOLR-SYN-0779,27.626105,88.125079,3257.7,50.15,204.17,-0.0422,41.48,dem_synthetic,simulated
COOLR-SYN-0780,25.494484,91.203946,1576.8,37.74,342.57,0.1434,8.62,dem_synthetic,simulated
COOLR-SYN-0781,27.513137,95.446236,1386.5,30.21,304.7,-0.0985,42.94,dem_synthetic,simulated
COOLR-SYN-0782,25.7328,92.76613,1069.3,39.29,281.6,-0.0707,58.28,dem_synthetic,simulated
COOLR-SYN-0783,25.544332,91.478616,582.9,33.32,255.08,0.0293,11.67,dem_synthetic,simulated
COOLR-SYN-0784,26.556387,94.481586,3045.4,39.86,266.33,0.0094,27.95,dem_synthetic,simulated
COOLR-SYN-0785,26.52397,94.16026,1303.2,29.08,159.81,0.1362,151.54,dem_synthetic,simulated
COOLR-SYN-0786,26.474298,94.361867,2385.0,32.01,76.15,-0.083,17.2,dem_synthetic,simulated
COOLR-SYN-0787,25.47691,92.407977,1983.3,25.59,8.25,-0.0025,76.96,dem_synthetic,simulated
COOLR-SYN-0788,25.569427,90.358427,1309.2,29.92,291.39,-0.0262,144.39,dem_synthetic,simulated
COOLR-SYN-0789,25.155973,93.928757,1846.0,38.72,281.07,-0.0317,111.14,dem_synthetic,simulated
COOLR-SYN-0790,27.551395,88.479819,1466.6,22.34,251.62,0.0685,15.73,dem_synthetic,simulated
COOLR-SYN-0791,28.180034,94.848541,2221.5,30.78,259.61,-0.0102,12.73,dem_synthetic,simulated
COOLR-SYN-0792,24.486062,93.924776,890.9,33.59,296.5,-0.0348,31.11,dem_synthetic,simulated
COOLR-SYN-0793,28.356406,94.702348,2352.4,53.53,340.2,0.0276,2.02,dem_synthetic,simulated
COOLR-SYN-0794,26.299875,93.987593,1196.0,33.3,178.02,-0.0212,3.39,dem_synthetic,simulated
COOLR-SYN-0795,26.773672,92.852306,2777.9,38.94,174.93,-0.0468,98.36,dem_synthetic,simulated
COOLR-SYN-0796,25.986817,94.605904,2937.5,38.88,44.42,-0.0206,120.61,dem_synthetic,simulated
COOLR-SYN-0797,25.640985,90.260392,1680.0,29.85,259.82,0.0482,116.36,dem_synthetic,simulated
COOLR-SYN-0798,25.231269,91.039511,1840.4,19.31,346.03,0.067,141.32,dem_synthetic,simulated
COOLR-SYN-0799,23.090915,92.681157,202.7,37.19,119.92,0.0214,79.84,dem_synthetic,simulated
COOLR-SYN-0800,25.35556,91.229199,1443.1,24.78,302.62,-0.0506,189.6,dem_synthetic,simulated
